ID,Script_ID,Entity_Type,Value,Value_BAAI,Top1_Similarity_BAAI,Value_BERT,Top1_Similarity_BERT,Value_BERT0,Top1_Similarity_BERT0,Value_sentence-t5-large,Top1_Similarity_sentence-t5-large,Value_GPT3.5,Usage
1,script_102957.txt,Theme,Land cover classification,LAND USE/LAND COVER CLASSIFICATION,0.805195212,LAND USE/LAND COVER CLASSIFICATION,0.999158859,LAND USE CLASSES,0.940996528,LAND USE/LAND COVER CLASSIFICATION,0.925580025,LAND USE/LAND COVER CLASSIFICATION,7423
2,script_10376.txt,Theme,Landsat imagery processing,LANDSCAPE PROCESSES,0.669885755,CLOUD RADIATIVE TRANSFER,0.998731911,SOLAR IMAGERY,0.944678307,SATELLITE SOIL MOISTURE INDEX,0.818571925,REMOTE SENSING,7423
3,script_103827.txt,Theme,Flood monitoring in Gujarat,FLOOD LEVELS,0.621023118,PALMER HYDROLOGICAL DROUGHT INDEX,0.998523057,STORMWATER MANAGEMENT,0.927727818,FLOOD LEVELS,0.822194219,FLOODS,7423
4,script_106121.txt,Theme,Image reprojection for geospatial data export,GEOMAGNETISM,0.606614411,PYROCLASTICS COMPOSITION/TEXTURE,0.998833656,DEEP CONVECTIVE CLOUD SYSTEMS,0.889411449,Digital Surface Model (DSM),0.790966213,GEOGRAPHIC INFORMATION SYSTEMS (GIS),7423
5,script_10828.txt,Theme,NDVI calculation and visualization,NORMALIZED DIFFERENCE VEGETATION INDEX (NDVI),0.696373641,ATLANTIC MULTIDECADAL OSCILLATION LONG VERSION,0.998831749,Digital Surface Model (DSM),0.879780293,NORMALIZED DIFFERENCE VEGETATION INDEX (NDVI),0.823727548,VEGETATION INDEX,7423
6,script_110133.txt,Theme,Flood extent analysis,INUNDATION AMOUNT,0.652186573,STREAMFLOW RECONSTRUCTION,0.999095738,ENVIRONMENTAL ASSESSMENTS,0.931534648,FLOOD LEVELS,0.888682723,LAND USE/LAND COVER,7416
7,script_115907.txt,Theme,NDVI trend analysis in various vegetation types,NORMALIZED DIFFERENCE VEGETATION INDEX (NDVI),0.767298639,NORMALIZED DIFFERENCE VEGETATION INDEX (NDVI),0.998872042,NORMALIZED DIFFERENCE VEGETATION INDEX (NDVI),0.90903312,NORMALIZED DIFFERENCE VEGETATION INDEX (NDVI),0.886495471,VEGETATION INDEX,7416
8,script_118175.txt,Theme,Land cover classification,LAND USE/LAND COVER CLASSIFICATION,0.805195212,LAND USE/LAND COVER CLASSIFICATION,0.999158859,LAND USE CLASSES,0.940996528,LAND USE/LAND COVER CLASSIFICATION,0.925580025,LAND USE/LAND COVER CLASSIFICATION,7416
9,script_118175.txt,Theme,Vegetation health assessment,VEGETATION,0.670113921,VEGETATION OPTICAL DEPTH,0.999295712,ENVIRONMENTAL ASSESSMENTS,0.971316695,VEGETATION INDEX,0.898875117,VEGETATION INDEX,7416
10,script_119133.txt,Theme,Wildfire severity assessment,FOREST FIRE DANGER INDEX,0.611409605,WILDFIRE SUPPRESSION,0.999427915,FOREST FIRE DANGER INDEX,0.935194373,FIRE WEATHER INDEX,0.88910079,FIRE MANAGEMENT,7416
11,script_119133.txt,Theme,Binary fire incident classification,FIRE MODELS,0.608529568,FOREST FIRE DANGER INDEX,0.998735428,STORM SYSTEM MOTION,0.934389532,FIRE OCCURRENCE,0.845796168,VEGETATION INDEX,7412
12,script_11983.txt,Theme,Vegetation analysis,VEGETATION,0.71235621,VEGETATION RECONSTRUCTION,0.999534249,VEGETATION RECONSTRUCTION,0.953329861,VEGETATION INDEX,0.9112643,VEGETATION SPECIES,7412
13,script_11983.txt,Theme,NDVI calculation,NORMALIZED DIFFERENCE VEGETATION INDEX (NDVI),0.693864882,PARTICULATES,0.998787522,DESTRUCTION POTENTIAL INDEX,0.926448107,NORMALIZED DIFFERENCE VEGETATION INDEX (NDVI),0.821857333,VEGETATION INDEX,7412
14,script_11983.txt,Theme,Temporal vegetation change monitoring,FOREST MENSURATION,0.727865517,VEGETATION WATER POTENTIAL,0.998945773,MARINE ENVIRONMENT MONITORING,0.956554413,PLANT PHENOLOGICAL CHANGES,0.852104306,VEGETATION INDEX,7412
15,script_120271.txt,Theme,NDVI extraction and visualization,NORMALIZED DIFFERENCE VEGETATION INDEX (NDVI),0.656543255,OCEAN SALINITY RECONSTRUCTION,0.998912454,ISOTOPIC ANALYSIS,0.883859754,NORMALIZED DIFFERENCE VEGETATION INDEX (NDVI),0.832104564,VEGETATION INDEX,7412
16,script_120557.txt,Theme,Water frequency detection,FLOOD FREQUENCY,0.73152709,WATER VAPOR INDICATORS,0.999083757,AIR TEMPERATURE RECONSTRUCTION,0.941959023,WATER VAPOR INDICATORS,0.853564024,SURFACE WATER,7415
17,script_120557.txt,Theme,Vegetation frequency detection,VEGETATION OPTICAL DEPTH,0.72531116,VEGETATION OPTICAL DEPTH,0.999414146,SEA SURFACE TEMPERATURE RECONSTRUCTION,0.934243321,VEGETATION INDEX,0.8774876,VEGETATION INDEX,7415
18,script_125294.txt,Theme,Landsat image processing for environmental monitoring,LANDSCAPE PROCESSES,0.653175294,AFFORESTATION/REFORESTATION,0.998984218,DEEP CONVECTIVE CLOUD SYSTEMS,0.934876859,SATELLITE SOIL MOISTURE INDEX,0.821851015,LAND USE/LAND COVER CLASSIFICATION,7415
19,script_131942.txt,Theme,Land cover classification,LAND USE/LAND COVER CLASSIFICATION,0.805195212,LAND USE/LAND COVER CLASSIFICATION,0.999158859,LAND USE CLASSES,0.940996528,LAND USE/LAND COVER CLASSIFICATION,0.925580025,LAND USE/LAND COVER CLASSIFICATION,7415
20,script_144864.txt,Theme,Land cover classification using NDVI values,LAND USE/LAND COVER CLASSIFICATION,0.692234755,LAND USE/LAND COVER CLASSIFICATION,0.998924613,FOREST FIRE DANGER INDEX,0.919179618,NORMALIZED DIFFERENCE VEGETATION INDEX (NDVI),0.89957881,LAND USE/LAND COVER CLASSIFICATION,7415
21,script_146128.txt,Theme,Land cover classification,LAND USE/LAND COVER CLASSIFICATION,0.805195212,LAND USE/LAND COVER CLASSIFICATION,0.999158859,LAND USE CLASSES,0.940996528,LAND USE/LAND COVER CLASSIFICATION,0.925580025,LAND USE/LAND COVER CLASSIFICATION,7422
22,script_15043.txt,Theme,Land cover classification using RF and CART algorithms,LAND USE/LAND COVER CLASSIFICATION,0.676905274,SOIL HORIZONS/PROFILE,0.998400986,Digital Surface Model (DSM),0.88846314,LAND USE/LAND COVER CLASSIFICATION,0.827339172,LAND USE/LAND COVER CLASSIFICATION,7422
23,script_155017.txt,Theme,Land surface temperature analysis,LAND SURFACE TEMPERATURE,0.799205303,SEA SURFACE TEMPERATURE RECONSTRUCTION,0.999494553,SEA SURFACE TEMPERATURE RECONSTRUCTION,0.941057563,LAND SURFACE TEMPERATURE,0.886941195,LAND SURFACE TEMPERATURE,7422
24,script_159299.txt,Theme,Land cover classification,LAND USE/LAND COVER CLASSIFICATION,0.805195212,LAND USE/LAND COVER CLASSIFICATION,0.999158859,LAND USE CLASSES,0.940996528,LAND USE/LAND COVER CLASSIFICATION,0.925580025,LAND USE/LAND COVER CLASSIFICATION,7422
25,script_165234.txt,Theme,NDVI analysis,NORMALIZED DIFFERENCE VEGETATION INDEX (NDVI),0.68153584,VERNAL POOL,0.999003768,ISOTOPIC ANALYSIS,0.936364293,NORMALIZED DIFFERENCE VEGETATION INDEX (NDVI),0.840828061,VEGETATION INDEX,7422
26,script_165234.txt,Theme,Greenest pixel identification,GREEN INFRASTRUCTURE,0.57685554,VISIBLE RADIANCE,0.999098778,ENHANCED FUJITA SCALE RATING,0.895261765,GREEN INFRASTRUCTURE,0.780254543,LAND USE/LAND COVER CLASSIFICATION,7417
27,script_165234.txt,Theme,Temporal analysis,STRATIGRAPHIC SEQUENCE,0.686426878,PRECIPITATION PROFILES,0.999106288,CLOUD DYNAMICS,0.944976985,BIVARIATE ENSO TIMESERIES INDEX,0.821212769,LAND USE CLASSES,7417
28,script_173652.txt,Theme,Land cover change detection,LAND USE/LAND COVER,0.671150088,VEGETATION COVER,0.998990953,RADIATION FOG,0.945979714,LAND SURFACE/AGRICULTURE INDICATORS,0.865116358,LAND USE/LAND COVER,7417
29,script_174376.txt,Theme,Landcover classification,LAND USE/LAND COVER CLASSIFICATION,0.754962981,KARST LANDFORMS,0.998995721,CLOUD PROPERTIES,0.935293078,LAND USE/LAND COVER CLASSIFICATION,0.924393296,LAND RESOURCES,7417
30,script_174474.txt,Theme,Landsat 5 imagery processing,LANDSCAPE PROCESSES,0.601531267,AFFORESTATION/REFORESTATION,0.998765826,SOLAR RADIATION MANAGEMENT,0.921983719,SATELLITE SOIL MOISTURE INDEX,0.805590868,LAND/OCEAN/ICE MASK,7417
31,script_174747.txt,Theme,Land Surface Temperature Analysis,LAND SURFACE TEMPERATURE,0.79077208,SEA SURFACE TEMPERATURE RECONSTRUCTION,0.999494553,SEA SURFACE TEMPERATURE RECONSTRUCTION,0.941057563,LAND SURFACE TEMPERATURE,0.878021121,LAND SURFACE TEMPERATURE,7429
32,script_176914.txt,Theme,Land cover classification,LAND USE/LAND COVER CLASSIFICATION,0.805195212,LAND USE/LAND COVER CLASSIFICATION,0.999158859,LAND USE CLASSES,0.940996528,LAND USE/LAND COVER CLASSIFICATION,0.925580025,LAND USE/LAND COVER CLASSIFICATION,7429
33,script_179626.txt,Theme,Land surface temperature (LST) analysis,LAND SURFACE TEMPERATURE,0.731917083,SEA SURFACE HEIGHT ANOMALY (SSHA),0.999162018,GEOMAGNETIC FORECASTS,0.892962039,LAND SURFACE TEMPERATURE,0.862112284,LAND SURFACE TEMPERATURE,7429
34,script_179626.txt,Theme,Normalized Difference Vegetation Index (NDVI) calculation,NORMALIZED DIFFERENCE VEGETATION INDEX (NDVI),0.846406579,NORMALIZED DIFFERENCE VEGETATION INDEX (NDVI),0.999864876,NORMALIZED DIFFERENCE VEGETATION INDEX (NDVI),0.940762639,NORMALIZED DIFFERENCE VEGETATION INDEX (NDVI),0.910179734,VEGETATION INDEX,7429
35,script_180257.txt,Theme,Landsat image zonal statistics extraction,STRATIGRAPHIC SEQUENCE,0.546581149,PYROCLASTICS COMPOSITION/TEXTURE,0.998836815,CONTOUR MAPS,0.911270082,SATELLITE SOIL MOISTURE INDEX,0.819418788,REMOTE SENSING,7429
36,script_186294.txt,Theme,NDVI calculation for vegetation monitoring.,NORMALIZED DIFFERENCE VEGETATION INDEX (NDVI),0.76331079,FOREST COMPOSITION/VEGETATION STRUCTURE,0.998572111,NORMALIZED DIFFERENCE VEGETATION INDEX (NDVI),0.892340899,NORMALIZED DIFFERENCE VEGETATION INDEX (NDVI),0.857796133,VEGETATION INDEX,7437
37,script_186319.txt,Theme,NDVI and NBR calculation for land cover analysis,NORMALIZED DIFFERENCE VEGETATION INDEX (NDVI),0.601556778,NORMALIZED DIFFERENCE VEGETATION INDEX (NDVI),0.998691916,Digital Surface Model (DSM),0.876518548,NORMALIZED DIFFERENCE VEGETATION INDEX (NDVI),0.835339785,LAND USE/LAND COVER CLASSIFICATION,7437
38,script_186320.txt,Theme,NDVI and NBR calculation for vegetation analysis,NORMALIZED DIFFERENCE VEGETATION INDEX (NDVI),0.678754866,NORMALIZED DIFFERENCE VEGETATION INDEX (NDVI),0.998558521,ISOTOPIC ANALYSIS,0.870685875,NORMALIZED DIFFERENCE VEGETATION INDEX (NDVI),0.842674553,VEGETATION INDEX,7437
39,script_186321.txt,Theme,Image processing and analysis using Sentinel-2 data,PHOTOSYNTHESIS,0.634819269,NON-METALLIC MINERAL AGE DETERMINATIONS,0.998519897,Digital Surface Model (DSM),0.843490839,RADAR IMAGERY,0.803179562,REMOTE SENSING DATA ANALYSIS,7437
40,script_186323.txt,Theme,NDVI and NBR calculation,NORMALIZED DIFFERENCE VEGETATION INDEX (NDVI),0.607508779,SAV/SEA GRASS BED,0.998533368,BERYLLIUM-10 ANALYSIS,0.895728052,NORMALIZED DIFFERENCE VEGETATION INDEX (NDVI),0.797699213,VEGETATION INDEX,7437
41,script_186323.txt,Theme,Image export,PHOTOSYNTHESIS,0.581121087,TOTAL ELECTRON CONTENT,0.998828709,CLOUD TYPES,0.900633633,PASTURE,0.787399292,LAND USE/LAND COVER,7415
42,script_186325.txt,Theme,Satellite image processing,PHOTOSYNTHESIS,0.689454615,RECESSIONAL MORAINE,0.998854518,CLOUD DYNAMICS,0.922585964,SATELLITE SOIL MOISTURE INDEX,0.82567513,LAND USE/LAND COVER,7415
43,script_186325.txt,Theme,Vegetation monitoring,FOREST MENSURATION,0.762295008,VEGETATION COVER,0.999266684,MARINE ENVIRONMENT MONITORING,0.967963696,VEGETATION INDEX,0.88404727,VEGETATION INDEX,7415
44,script_186325.txt,Theme,Forest loss detection,FOREST MENSURATION,0.741072893,FOREST FIRE DANGER INDEX,0.999053001,RADIATION FOG,0.95595634,FOREST MENSURATION,0.887243629,FOREST LOSS DETECTION,7415
45,script_186326.txt,Theme,NDVI and NBR calculation for vegetation analysis,NORMALIZED DIFFERENCE VEGETATION INDEX (NDVI),0.678754866,NORMALIZED DIFFERENCE VEGETATION INDEX (NDVI),0.998558521,ISOTOPIC ANALYSIS,0.870685875,NORMALIZED DIFFERENCE VEGETATION INDEX (NDVI),0.842674553,VEGETATION INDEX,7415
46,script_186329.txt,Theme,Image collection and processing,PHOTOSYNTHESIS,0.746913195,CARBON CAPTURE AND STORAGE,0.998981476,FOREST HARVESTING AND ENGINEERING,0.915947318,FLUVIAL PROCESSES,0.786816239,LAND USE/LAND COVER CLASSIFICATION,7432
47,script_186329.txt,Theme,NDVI and NBR calculation,NORMALIZED DIFFERENCE VEGETATION INDEX (NDVI),0.607508779,SAV/SEA GRASS BED,0.998533368,BERYLLIUM-10 ANALYSIS,0.895728052,NORMALIZED DIFFERENCE VEGETATION INDEX (NDVI),0.797699213,LAND USE/LAND COVER CLASSIFICATION,7432
48,script_186329.txt,Theme,Image export and mosaic creation,PHOTOSYNTHESIS,0.603312075,ANIMAL BREEDING AND GENETICS,0.998468399,FOREST HARVESTING AND ENGINEERING,0.877844214,MARICULTURE PRODUCTION,0.783667684,LAND USE/LAND COVER CLASSIFICATION,7432
49,script_186329.txt,Theme,"Forest loss, degradation, and fire detection",FOREST MENSURATION,0.704971731,AGE AT ICE-THICKNESS-NORMALIZED DEPTHS,0.998516917,HAZARD MITIGATION/PLANNING,0.84157455,FOREST FIRE DANGER INDEX,0.850248754,FOREST FIRE DANGER INDEX,7432
50,script_186332.txt,Theme,Crop classification based on NDVI values,NORMALIZED DIFFERENCE VEGETATION INDEX (NDVI),0.758665323,NORMALIZED DIFFERENCE VEGETATION INDEX (NDVI),0.998716772,CROP HARVEST DATES,0.901885033,NORMALIZED DIFFERENCE VEGETATION INDEX (NDVI),0.877894759,CROP CLASSIFICATION,7432
51,script_186333.txt,Theme,Land cover classification,LAND USE/LAND COVER CLASSIFICATION,0.805195212,LAND USE/LAND COVER CLASSIFICATION,0.999158859,LAND USE CLASSES,0.940996528,LAND USE/LAND COVER CLASSIFICATION,0.925580025,LAND USE/LAND COVER CLASSIFICATION,7416
52,script_186334.txt,Theme,Crop classification,SOIL CLASSIFICATION,0.719805121,SOIL CLASSIFICATION,0.998899162,SOIL CLASSIFICATION,0.945060432,SOIL CLASSIFICATION,0.876702666,FIELD CROP PRODUCTS,7416
53,script_186338.txt,Theme,SAR backscatter analysis,RADAR BACKSCATTER,0.719902277,AEROSOL BACKSCATTER,0.999273539,ISOTOPIC ANALYSIS,0.919761181,RADAR BACKSCATTER,0.892296672,RADAR BACKSCATTER,7416
54,script_186356.txt,Theme,Land cover classification using SAR data,LAND USE/LAND COVER CLASSIFICATION,0.723908246,LAND USE/LAND COVER CLASSIFICATION,0.998937249,COORDINATE REFERENCE SYSTEM,0.919487596,LAND USE/LAND COVER CLASSIFICATION,0.864589453,LAND USE/LAND COVER CLASSIFICATION,7416
55,script_186365.txt,Theme,Vegetation analysis,VEGETATION,0.71235621,VEGETATION RECONSTRUCTION,0.999534249,VEGETATION RECONSTRUCTION,0.953329861,VEGETATION INDEX,0.9112643,VEGETATION COVER,7416
56,script_186365.txt,Theme,Water analysis,WATER CHARACTERISTICS,0.742689013,WATER MANAGEMENT,0.999578655,ENVIRONMENTAL ASSESSMENTS,0.959337831,WATER QUALITY/WATER CHEMISTRY,0.875613689,WATER QUALITY/WATER CHEMISTRY,7407
57,script_186365.txt,Theme,Burn area index calculation,FIRE WEATHER INDEX,0.618660748,CONDUCTIVITY PROFILES,0.998776615,WATER VAPOR TRANSPORT INDEX,0.935451388,FIRE WEATHER INDEX,0.814763546,FIRE MANAGEMENT,7407
58,script_186365.txt,Theme,Snow analysis,SNOW CLASSIFICATION,0.734158993,SNOW COVER,0.999441326,ENVIRONMENTAL ASSESSMENTS,0.935602844,SNOW STRATIGRAPHY,0.906541646,SNOW/ICE,7407
59,script_186365.txt,Theme,Spectral unmixing,SPECTRAL IRRADIANCE,0.660219133,SOLAR INDUCED FLUORESCENCE,0.998819053,DECOMPOSITION,0.941563964,SPECTRAL IRRADIANCE,0.874029994,SPECTRAL/ENGINEERING,7407
60,script_186365.txt,Theme,HSV transformation,HABITAT CONVERSION/FRAGMENTATION,0.564352512,HYDROGEN OXIDE PROFILES,0.998606682,RADIATIVE FORCING,0.894496024,VECTOR-BORN DISEASES,0.80382067,LAND SURFACE,7398
61,script_186378.txt,Theme,Remote sensing data fusion for land cover analysis.,LAND USE/LAND COVER,0.633476973,PYROCLASTICS COMPOSITION/TEXTURE,0.998605251,SOIL ORGANIC CARBON (SOC),0.87231642,RADAR CROSS-SECTION,0.812099934,LAND USE/LAND COVER CLASSIFICATION,7438
62,script_186380.txt,Theme,Spectral index calculation around marsh bird survey points,FOREST MENSURATION,0.579062581,LEAF AREA INDEX (LAI),0.998522043,FIRE WEATHER INDEX,0.932510734,SURFACE MOISTURE INDEX,0.801732302,PLANT DISEASES/DISORDERS/PESTS,7438
63,script_186411.txt,Theme,Land cover change detection,LAND USE/LAND COVER,0.671150088,VEGETATION COVER,0.998990953,RADIATION FOG,0.945979714,LAND SURFACE/AGRICULTURE INDICATORS,0.865116358,LAND USE/LAND COVER CLASSIFICATION,7438
64,script_186418.txt,Theme,Surface temperature retrieval from Landsat data,LAND SURFACE TEMPERATURE,0.664432049,SEA SURFACE TEMPERATURE RECONSTRUCTION,0.99882865,ATMOSPHERIC PRESSURE MEASUREMENTS,0.927446485,LAND SURFACE TEMPERATURE,0.821074605,LAND SURFACE TEMPERATURE,7438
65,script_186442.txt,Theme,Pest risk assessment,ENVIRONMENTAL ASSESSMENTS,0.58056438,FOREST FIRE DANGER INDEX,0.999156177,ENVIRONMENTAL ASSESSMENTS,0.961132765,PLANT DISEASES/DISORDERS/PESTS,0.815462589,PESTICIDES,7438
66,script_186449.txt,Theme,Land cover classification,LAND USE/LAND COVER CLASSIFICATION,0.805195212,LAND USE/LAND COVER CLASSIFICATION,0.999158859,LAND USE CLASSES,0.940996528,LAND USE/LAND COVER CLASSIFICATION,0.925580025,LAND USE/LAND COVER CLASSIFICATION,7429
67,script_186466.txt,Theme,Forest loss detection and degradation monitoring using Sentinel-1 imagery,FOREST MENSURATION,0.673909664,WHEEL WEAVERS (CYCLIOPHORANS),0.998458505,Digital Surface Model (DSM),0.860740542,FOREST MENSURATION,0.848554671,FOREST MANAGEMENT,7429
68,script_186503.txt,Theme,Land cover classification using SAR data,LAND USE/LAND COVER CLASSIFICATION,0.723908246,LAND USE/LAND COVER CLASSIFICATION,0.998937249,COORDINATE REFERENCE SYSTEM,0.919487596,LAND USE/LAND COVER CLASSIFICATION,0.864589453,LAND USE/LAND COVER CLASSIFICATION,7429
69,script_186507.txt,Theme,Landsat data processing,LANDSCAPE PROCESSES,0.636480689,OCEAN VOLUME BUDGET,0.998765588,SOLAR RADIATION MANAGEMENT,0.949658751,SATELLITE SOIL MOISTURE INDEX,0.822414279,LAND USE/LAND COVER CLASSIFICATION,7429
70,script_186507.txt,Theme,Cloud and shadow masking,CLOUD OPTICAL DEPTH/THICKNESS,0.650006056,CLOUD RADIATIVE TRANSFER,0.999067962,CORAL BLEACHING,0.884870052,CLOUD REFLECTANCE,0.88229835,CLOUD MICROPHYSICS,7429
71,script_186521.txt,Theme,Land cover change detection,LAND USE/LAND COVER,0.671150088,VEGETATION COVER,0.998990953,RADIATION FOG,0.945979714,LAND SURFACE/AGRICULTURE INDICATORS,0.865116358,LAND USE/LAND COVER CLASSIFICATION,7417
72,script_186528.txt,Theme,Land cover classification using Sentinel-1 data,LAND USE/LAND COVER CLASSIFICATION,0.703282833,BERYLLIUM-10 ANALYSIS,0.998657465,METEORITE VERTICAL/GEOGRPAHIC DISTRIBUTION,0.886287808,LAND USE/LAND COVER CLASSIFICATION,0.84099108,LAND USE/LAND COVER CLASSIFICATION,7417
73,script_186540.txt,Theme,Vegetation analysis,VEGETATION,0.71235621,VEGETATION RECONSTRUCTION,0.999534249,VEGETATION RECONSTRUCTION,0.953329861,VEGETATION INDEX,0.9112643,VEGETATION INDEX,7417
74,script_186540.txt,Theme,Cloud cover removal,CLOUD CEILING,0.643272042,CLOUD RADIATIVE TRANSFER,0.999117374,RADIATION FOG,0.937662661,CLOUD CLUSTERS,0.846167326,CLOUDS,7417
75,script_186540.txt,Theme,NDVI calculation,NORMALIZED DIFFERENCE VEGETATION INDEX (NDVI),0.693864882,PARTICULATES,0.998787522,DESTRUCTION POTENTIAL INDEX,0.926448107,NORMALIZED DIFFERENCE VEGETATION INDEX (NDVI),0.821857333,VEGETATION COVER,7417
76,script_186540.txt,Theme,Change detection,WAVE DIFFRACTION,0.668730617,NATURAL HAZARDS,0.999032617,CLOUD INDICATORS,0.932911158,SENSOR CHARACTERISTICS,0.814479828,CHANGE DETECTION,7439
77,script_186548.txt,Theme,Water detection using SAR imagery,WATER CHARACTERISTICS,0.654740453,WATER QUALITY/WATER CHEMISTRY,0.998682678,SOLAR IMAGERY,0.931718707,LIDAR,0.857477784,WATER QUALITY/WATER CHEMISTRY,7439
78,script_186562.txt,Theme,"Satellite image processing for forest monitoring in Bha Le, Tay Giang, Quang Nam",FOREST MENSURATION,0.597476602,CIRRUS KELVIN-HELMHOLTZ COLOMBIAH,0.997417808,GEOMAGNETIC FORECASTS,0.739303827,FOREST MENSURATION,0.846550465,LAND USE/LAND COVER,7439
79,script_186570.txt,Theme,Satellite image processing for forest monitoring,FOREST MENSURATION,0.725700498,AFFORESTATION/REFORESTATION,0.998987257,DEEP CONVECTIVE CLOUD SYSTEMS,0.928176284,FOREST MENSURATION,0.862046599,LAND USE/LAND COVER,7439
80,script_186601.txt,Theme,Forest loss detection using Sentinel-1 satellite imagery,FOREST MENSURATION,0.65019089,NON-REFRACTORY AEROSOL ORGANIC MASS,0.99842453,SOLAR IMAGERY,0.906892836,FOREST MENSURATION,0.842202187,LAND USE/LAND COVER,7439
81,script_186605.txt,Theme,NDVI and NBR calculation,NORMALIZED DIFFERENCE VEGETATION INDEX (NDVI),0.607508779,SAV/SEA GRASS BED,0.998533368,BERYLLIUM-10 ANALYSIS,0.895728052,NORMALIZED DIFFERENCE VEGETATION INDEX (NDVI),0.797699213,LAND SURFACE,7417
82,script_186605.txt,Theme,Image export and mosaic creation,PHOTOSYNTHESIS,0.603312075,ANIMAL BREEDING AND GENETICS,0.998468399,FOREST HARVESTING AND ENGINEERING,0.877844214,MARICULTURE PRODUCTION,0.783667684,LAND SURFACE,7417
83,script_186607.txt,Theme,Forest monitoring using Landsat 8 imagery,FOREST MENSURATION,0.679974675,FOREST HARVESTING AND ENGINEERING,0.998816133,SHORELINE MAPPING,0.940179825,FOREST MENSURATION,0.862635732,FOREST MONITORING,7417
84,script_186815.txt,Theme,Image collection and processing,PHOTOSYNTHESIS,0.746913195,CARBON CAPTURE AND STORAGE,0.998981476,FOREST HARVESTING AND ENGINEERING,0.915947318,FLUVIAL PROCESSES,0.786816239,IMAGE PROCESSING,7417
85,script_186822.txt,Theme,Agricultural field monitoring,AGRICULTURE PRODUCTION,0.697100818,FIELD CROP PRODUCTS,0.999402165,MARINE ENVIRONMENT MONITORING,0.961774111,LAND SURFACE/AGRICULTURE INDICATORS,0.848614454,AGRICULTURE PRODUCTION,7417
86,script_186822.txt,Theme,Sentinel-1 satellite data processing,FEED PROCESSING,0.603055298,NON-REFRACTORY AEROSOL ORGANIC MASS,0.998372495,CFC-11,0.882040858,SATELLITE SOIL MOISTURE INDEX,0.832025528,LAND SURFACE TEMPERATURE,7425
87,script_186829.txt,Theme,Temperature analysis in forested areas,FOREST MENSURATION,0.753252327,SEA SURFACE TEMPERATURE RECONSTRUCTION,0.998835564,ATMOSPHERIC PRESSURE MEASUREMENTS,0.909713387,FOREST MENSURATION,0.892753839,VEGETATION COVER,7425
88,script_186856.txt,Theme,Cloud and shadow detection for image enhancement,CLOUD OPTICAL DEPTH/THICKNESS,0.657619894,AFFORESTATION/REFORESTATION,0.998859823,TOP OF ATMOSPHERE (TOA) REFLECTANCE,0.890801728,MESOSPHERIC CLOUDS (OBSERVED/ANALYZED),0.826245129,CLOUD MICROPHYSICS,7425
89,script_186886.txt,Theme,NDVI and NBR calculation,NORMALIZED DIFFERENCE VEGETATION INDEX (NDVI),0.607508779,SAV/SEA GRASS BED,0.998533368,BERYLLIUM-10 ANALYSIS,0.895728052,NORMALIZED DIFFERENCE VEGETATION INDEX (NDVI),0.797699213,VEGETATION INDEX,7425
90,script_186886.txt,Theme,Image export and mosaic creation,PHOTOSYNTHESIS,0.603312075,ANIMAL BREEDING AND GENETICS,0.998468399,FOREST HARVESTING AND ENGINEERING,0.877844214,MARICULTURE PRODUCTION,0.783667684,LAND SURFACE TEMPERATURE,7425
91,script_186888.txt,Theme,Cloud masking,CLOUD CEILING,0.6455549,CLOUD REFLECTANCE,0.999215603,CLOUD INDICATORS,0.935298383,CLOUD MICROPHYSICS,0.896247745,CLOUDS,7424
92,script_186888.txt,Theme,Radiation calculation,RADIATION EXPOSURE,0.743152142,SOLAR RADIATION MANAGEMENT,0.999289036,ATMOSPHERIC PRESSURE MEASUREMENTS,0.942291617,RADIATION EXPOSURE,0.874949932,ATMOSPHERIC RADIATION,7424
93,script_186888.txt,Theme,Vegetation analysis,VEGETATION,0.71235621,VEGETATION RECONSTRUCTION,0.999534249,VEGETATION RECONSTRUCTION,0.953329861,VEGETATION INDEX,0.9112643,VEGETATION INDEX,7424
94,script_186892.txt,Theme,Satellite image processing,PHOTOSYNTHESIS,0.689454615,RECESSIONAL MORAINE,0.998854518,CLOUD DYNAMICS,0.922585964,SATELLITE SOIL MOISTURE INDEX,0.82567513,LAND SURFACE/AGRICULTURE INDICATORS,7424
95,script_186892.txt,Theme,NDVI and NBR calculation,NORMALIZED DIFFERENCE VEGETATION INDEX (NDVI),0.607508779,SAV/SEA GRASS BED,0.998533368,BERYLLIUM-10 ANALYSIS,0.895728052,NORMALIZED DIFFERENCE VEGETATION INDEX (NDVI),0.797699213,LAND SURFACE/AGRICULTURE INDICATORS,7424
96,script_186892.txt,Theme,Image export and mosaic creation,PHOTOSYNTHESIS,0.603312075,ANIMAL BREEDING AND GENETICS,0.998468399,FOREST HARVESTING AND ENGINEERING,0.877844214,MARICULTURE PRODUCTION,0.783667684,LAND USE/LAND COVER,7409
97,script_186892.txt,Theme,Forest loss detection,FOREST MENSURATION,0.741072893,FOREST FIRE DANGER INDEX,0.999053001,RADIATION FOG,0.95595634,FOREST MENSURATION,0.887243629,DEFORESTATION,7409
98,script_186914.txt,Theme,Flood monitoring,FLOODING,0.755788326,FLOOD LEVELS,0.999571204,STORMWATER MANAGEMENT,0.97089076,FLOOD LEVELS,0.862271488,FLOODS,7409
99,script_186915.txt,Theme,Flood monitoring,FLOODING,0.755788326,FLOOD LEVELS,0.999571204,STORMWATER MANAGEMENT,0.97089076,FLOOD LEVELS,0.862271488,FLOODS,7409
100,script_186940.txt,Theme,Landsat image mosaicking,RADAR IMAGERY,0.584625661,OCEAN SALINITY BUDGET,0.998681843,VISIBLE IMAGERY,0.914597631,RADAR IMAGERY,0.799167514,LAND USE/LAND COVER,7409
101,script_186974.txt,Theme,Water body analysis,WATER CHARACTERISTICS,0.713577986,LIQUID WATER CONTENT,0.999401271,CORAL REEF ASSESSMENT,0.93779099,AQUIFER DEPTH,0.861195683,SURFACE WATER,7422
102,script_187038.txt,Theme,Land cover classification,LAND USE/LAND COVER CLASSIFICATION,0.805195212,LAND USE/LAND COVER CLASSIFICATION,0.999158859,LAND USE CLASSES,0.940996528,LAND USE/LAND COVER CLASSIFICATION,0.925580025,LAND USE/LAND COVER CLASSIFICATION,7422
103,script_187038.txt,Theme,Cloud cover assessment,CLOUD OPTICAL DEPTH/THICKNESS,0.670936346,CLOUD REFLECTANCE,0.999374747,CLOUD INDICATORS,0.958199441,MESOSPHERIC CLOUDS (OBSERVED/ANALYZED),0.910737634,CLOUD MICROPHYSICS,7422
104,script_187125.txt,Theme,Water detection using Sentinel-2 imagery,WATER CHARACTERISTICS,0.654698014,BERYLLIUM-10 ANALYSIS,0.998598218,TROPOSPHERIC/LOW LEVEL CLOUDS (OBSERVED/ANALYZED),0.877253711,LIDAR,0.812902689,WATER QUALITY/WATER CHEMISTRY,7422
105,script_187125.txt,Theme,Monthly water occurrence analysis,INUNDATION FREQUENCY,0.670981824,SURFACE WATER CHEMISTRY,0.99914372,ENVIRONMENTAL ASSESSMENTS,0.930719316,FLOOD FREQUENCY,0.842950583,PRECIPITATION AMOUNT,7422
106,script_187131.txt,Theme,Fire monitoring,FIRE MANAGEMENT,0.730659544,FIRE MANAGEMENT,0.999578297,FIRE MANAGEMENT,0.956267238,FIRE MANAGEMENT,0.913781404,FIRE MANAGEMENT,7415
107,script_187137.txt,Theme,Temperature analysis,AMBIENT TEMPERATURE,0.7193712,TEMPERATURE PROFILES,0.999479115,ENVIRONMENTAL ASSESSMENTS,0.94853729,PARTICLE TEMPERATURE,0.878895044,ATMOSPHERIC TEMPERATURE,7415
108,script_187138.txt,Theme,Temperature analysis of forested regions,FOREST MENSURATION,0.738435984,SEA SURFACE TEMPERATURE RECONSTRUCTION,0.998790741,SEDIMENTARY ROCK AGE DETERMINATIONS,0.893589556,FOREST MENSURATION,0.88900876,FOREST FIRE DANGER INDEX,7415
109,script_187226.txt,Theme,Cloud and shadow detection,CLOUD OPTICAL DEPTH/THICKNESS,0.674150407,CLOUD REFLECTANCE,0.999111891,FIRE DYNAMICS,0.883863449,CLOUD INDICATORS,0.856799364,CLOUD MICROPHYSICS,7415
110,script_187226.txt,Theme,Water body identification,WATER CHARACTERISTICS,0.721213162,FRESH WATER FLUX,0.999318957,VEGETATION RECONSTRUCTION,0.912110031,LAKES/RESERVOIRS,0.848647237,HYDROGRAPHY,7415
111,script_187248.txt,Theme,LST mapping,DST INDEX,0.610168457,SHORELINE MAPPING,0.998979092,SHORELINE MAPPING,0.951779366,LEAF AREA INDEX (LAI),0.811775506,LAND SURFACE TEMPERATURE,7414
112,script_187481.txt,Theme,Flood mapping,FLOODING,0.757917345,FLOOD LEVELS,0.999419034,SHORELINE MAPPING,0.970332444,FLOOD LEVELS,0.878828168,FLOODS,7414
113,script_187481.txt,Theme,Backscatter analysis,RADAR BACKSCATTER,0.689308286,AEROSOL BACKSCATTER,0.99950254,ISOTOPIC ANALYSIS,0.940220773,RADAR BACKSCATTER,0.884013653,AEROSOL BACKSCATTER,7414
114,script_187481.txt,Theme,Histogram visualization,VIEWING GEOMETRY,0.663934231,POLARIZED REFLECTANCE,0.99892199,CLOUD DYNAMICS,0.909323335,VISIBLE WAVELENGTHS,0.79721272,REMOTE SENSING DATA VISUALIZATION,7414
115,script_187523.txt,Theme,Flood mapping using Sentinel-1 data,FLOOD FREQUENCY,0.667198062,NATIONAL SANITATION FOUNDATION WATER QUALITY INDEX,0.99844116,Digital Surface Model (DSM),0.840295851,FLOOD LEVELS,0.830997765,FLOODS,7414
116,script_187528.txt,Theme,Flood mapping using Sentinel-1 data,FLOOD FREQUENCY,0.667198062,NATIONAL SANITATION FOUNDATION WATER QUALITY INDEX,0.99844116,Digital Surface Model (DSM),0.840295851,FLOOD LEVELS,0.830997765,FLOOD MAPPING,7420
117,script_187530.txt,Theme,Flood mapping using Sentinel-1 backscatter data.,FLOOD FREQUENCY,0.627941489,WHEEL WEAVERS (CYCLIOPHORANS),0.998513758,Digital Surface Model (DSM),0.842432857,LIDAR BACKSCATTER,0.831869602,BACKSCATTER ANALYSIS,7420
118,script_187532.txt,Theme,Flood mapping,FLOODING,0.757917345,FLOOD LEVELS,0.999419034,SHORELINE MAPPING,0.970332444,FLOOD LEVELS,0.878828168,FLOOD MAPPING,7420
119,script_187532.txt,Theme,Backscatter analysis,RADAR BACKSCATTER,0.689308286,AEROSOL BACKSCATTER,0.99950254,ISOTOPIC ANALYSIS,0.940220773,RADAR BACKSCATTER,0.884013653,BACKSCATTER ANALYSIS,7420
120,script_187532.txt,Theme,Image histogram generation,PHOTOSYNTHESIS,0.640934348,OCEAN SALINITY RECONSTRUCTION,0.998907685,BIDIRECTIONAL REFLECTANCE FACTOR,0.908984065,RADAR IMAGERY,0.769449353,IMAGE HISTOGRAM GENERATION,7420
121,script_187533.txt,Theme,Flood mapping using Sentinel-1 data,FLOOD FREQUENCY,0.667198062,NATIONAL SANITATION FOUNDATION WATER QUALITY INDEX,0.99844116,Digital Surface Model (DSM),0.840295851,FLOOD LEVELS,0.830997765,FLOOD MAPPING,7422
122,script_187534.txt,Theme,Flood mapping,FLOODING,0.757917345,FLOOD LEVELS,0.999419034,SHORELINE MAPPING,0.970332444,FLOOD LEVELS,0.878828168,FLOOD MAPPING,7422
123,script_187534.txt,Theme,Backscatter analysis,RADAR BACKSCATTER,0.689308286,AEROSOL BACKSCATTER,0.99950254,ISOTOPIC ANALYSIS,0.940220773,RADAR BACKSCATTER,0.884013653,BACKSCATTER ANALYSIS,7422
124,script_187535.txt,Theme,Flood mapping using Sentinel-1 data,FLOOD FREQUENCY,0.667198062,NATIONAL SANITATION FOUNDATION WATER QUALITY INDEX,0.99844116,Digital Surface Model (DSM),0.840295851,FLOOD LEVELS,0.830997765,FLOOD MAPPING,7422
125,script_187582.txt,Theme,Land cover classification using Sentinel-2 data,LAND USE/LAND COVER CLASSIFICATION,0.702070415,DIGITAL ELEVATION/TERRAIN MODEL (DEM),0.9986251,Digital Surface Model (DSM),0.887188554,LAND USE/LAND COVER CLASSIFICATION,0.839512229,LAND USE/LAND COVER CLASSIFICATION,7422
126,script_187585.txt,Theme,Vegetation monitoring through MODIS EVI,VEGETATION INDEX,0.63651073,GRAZING DYNAMICS / PLANT ECOLOGY,0.998852551,STORMWATER MANAGEMENT,0.929288328,VEGETATION INDEX,0.831412196,VEGETATION INDEX,7425
127,script_187585.txt,Theme,Principal Component Analysis (PCA),PARTICULATE MATTER (PM 1.0),0.608009815,GROSS PRIMARY PRODUCTION (GPP),0.998883367,Digital Surface Model (DSM),0.869068503,PRECIPITATION ANOMALIES,0.812681675,PRINCIPAL COMPONENT ANALYSIS,7425
128,script_187586.txt,Theme,Vegetation monitoring,FOREST MENSURATION,0.762295008,VEGETATION COVER,0.999266684,MARINE ENVIRONMENT MONITORING,0.967963696,VEGETATION INDEX,0.88404727,VEGETATION INDEX,7425
129,script_187586.txt,Theme,Principal Component Analysis,SENSOR CHARACTERISTICS,0.633380651,CHANDLER CIRCULAR COMPONENT,0.998874068,ISOTOPIC ANALYSIS,0.940638661,PRECIPITATION ANOMALIES,0.824120164,PRINCIPAL COMPONENT ANALYSIS,7425
130,script_187587.txt,Theme,Vegetation monitoring through MODIS EVI analysis,VEGETATION INDEX,0.621857524,GRAZING DYNAMICS / PLANT ECOLOGY,0.998846531,CORAL REEF ASSESSMENT,0.920762718,VEGETATION INDEX,0.850030184,VEGETATION INDEX,7425
131,script_187587.txt,Theme,Principal Component Analysis (PCA) for feature extraction,SENSOR CHARACTERISTICS,0.605720639,QUASI-BIENNIAL OSCILLATION (QBO) ZONAL WIND INDEX,0.998670995,ISOTOPIC ANALYSIS,0.875763893,PRECIPITATION PROFILES,0.769212723,LAND USE/LAND COVER CLASSIFICATION,7419
132,script_187738.txt,Theme,Cropland segmentation and classification,SOIL CLASSIFICATION,0.687312007,TORNADO CLIMATOLOGY,0.998725295,PLANT BREEDING AND GENETICS,0.895653605,LAND SURFACE/AGRICULTURE INDICATORS,0.849025846,AGRICULTURE PRODUCTION,7419
133,script_187749.txt,Theme,Vegetation monitoring,FOREST MENSURATION,0.762295008,VEGETATION COVER,0.999266684,MARINE ENVIRONMENT MONITORING,0.967963696,VEGETATION INDEX,0.88404727,VEGETATION INDEX,7419
134,script_187821.txt,Theme,Fire monitoring,FIRE MANAGEMENT,0.730659544,FIRE MANAGEMENT,0.999578297,FIRE MANAGEMENT,0.956267238,FIRE MANAGEMENT,0.913781404,FIRE MANAGEMENT,7419
135,script_187822.txt,Theme,Fire monitoring,FIRE MANAGEMENT,0.730659544,FIRE MANAGEMENT,0.999578297,FIRE MANAGEMENT,0.956267238,FIRE MANAGEMENT,0.913781404,FOREST FIRE DANGER INDEX,7419
136,script_187825.txt,Theme,Fire monitoring,FIRE MANAGEMENT,0.730659544,FIRE MANAGEMENT,0.999578297,FIRE MANAGEMENT,0.956267238,FIRE MANAGEMENT,0.913781404,FIRE MANAGEMENT,7408
137,script_187888.txt,Theme,NDVI calculation,NORMALIZED DIFFERENCE VEGETATION INDEX (NDVI),0.693864882,PARTICULATES,0.998787522,DESTRUCTION POTENTIAL INDEX,0.926448107,NORMALIZED DIFFERENCE VEGETATION INDEX (NDVI),0.821857333,VEGETATION INDEX,7408
138,script_187888.txt,Theme,Woodlot intermediate point sampling,COMMON MIDPOINT GATHER,0.5776757,CLOUD RADIATIVE TRANSFER,0.998995125,SALTATION,0.912668049,PARTICLE SIZE DISTRIBUTION,0.786689401,FOREST MANAGEMENT,7408
139,script_187895.txt,Theme,Land cover classification,LAND USE/LAND COVER CLASSIFICATION,0.805195212,LAND USE/LAND COVER CLASSIFICATION,0.999158859,LAND USE CLASSES,0.940996528,LAND USE/LAND COVER CLASSIFICATION,0.925580025,LAND USE/LAND COVER CLASSIFICATION,7408
140,script_188011.txt,Theme,Temperature analysis,AMBIENT TEMPERATURE,0.7193712,TEMPERATURE PROFILES,0.999479115,ENVIRONMENTAL ASSESSMENTS,0.94853729,PARTICLE TEMPERATURE,0.878895044,LAND SURFACE TEMPERATURE,7408
141,script_188030.txt,Theme,NDVI analysis on Landsat 8 TOA data,NORMALIZED DIFFERENCE VEGETATION INDEX (NDVI),0.520487547,TOP OF ATMOSPHERE (TOA) REFLECTANCE,0.998927772,SEA SURFACE TEMPERATURE RECONSTRUCTION,0.891660571,BERYLLIUM-10 ANALYSIS,0.798807859,LAND USE/LAND COVER,7420
142,script_188052.txt,Theme,Water extraction based on Otsu thresholding,WATER CHARACTERISTICS,0.613630414,NON-REFRACTORY AEROSOL ORGANIC MASS,0.998832941,SOIL WATER HOLDING CAPACITY,0.933672011,WATER VAPOR CONCENTRATION PROFILES,0.843881011,WATER RESOURCES,7420
143,script_188068.txt,Theme,Flood impact assessment,INUNDATION AMOUNT,0.702810049,FLOOD LEVELS,0.999055922,STORMWATER MANAGEMENT,0.963630557,FLOOD LEVELS,0.85106194,HYDROGRAPHY,7420
144,script_188073.txt,Theme,Flood analysis,FLOODING,0.683571637,FLOOD FREQUENCY,0.999514222,ENVIRONMENTAL ASSESSMENTS,0.957334101,FLOOD LEVELS,0.877972722,PRECIPITATION,7420
145,script_188116.txt,Theme,Forest classification,FOREST MENSURATION,0.727544963,FOREST MANAGEMENT,0.999256015,VOLCANO PREDICTIONS,0.942170262,FOREST COMPOSITION/VEGETATION STRUCTURE,0.912571847,FOREST SCIENCE,7420
146,script_188116.txt,Theme,Water mask application,WATER TEMPERATURE,0.627427638,GROUND WATER RECONSTRUCTION,0.999218941,SOLAR RADIATION MANAGEMENT,0.951776922,LAND/OCEAN/ICE MASK,0.804647505,LAND USE/LAND COVER CLASSIFICATION,7419
147,script_188116.txt,Theme,Image correction,PHOTOSYNTHESIS,0.687216759,TOTAL RUNOFF,0.99882853,CALIBRATION,0.934871614,REFLECTION,0.811505139,LAND USE/LAND COVER CLASSIFICATION,7419
148,script_188147.txt,Theme,Forest classification,FOREST MENSURATION,0.727544963,FOREST MANAGEMENT,0.999256015,VOLCANO PREDICTIONS,0.942170262,FOREST COMPOSITION/VEGETATION STRUCTURE,0.912571847,FOREST COMPOSITION/VEGETATION STRUCTURE,7419
149,script_188147.txt,Theme,Water classification,WATER CHARACTERISTICS,0.745844364,WATER MANAGEMENT,0.999304295,SOIL CLASSIFICATION,0.955838621,WATER CHARACTERISTICS,0.878284931,AQUATIC SCIENCES,7419
150,script_188163.txt,Theme,Land cover classification,LAND USE/LAND COVER CLASSIFICATION,0.805195212,LAND USE/LAND COVER CLASSIFICATION,0.999158859,LAND USE CLASSES,0.940996528,LAND USE/LAND COVER CLASSIFICATION,0.925580025,LAND USE/LAND COVER CLASSIFICATION,7419
151,script_188182.txt,Theme,Land cover change detection,LAND USE/LAND COVER,0.671150088,VEGETATION COVER,0.998990953,RADIATION FOG,0.945979714,LAND SURFACE/AGRICULTURE INDICATORS,0.865116358,LAND USE/LAND COVER CLASSIFICATION,7425
152,script_188190.txt,Theme,Forest cover change detection,FOREST MENSURATION,0.733467102,FOREST FIRE DANGER INDEX,0.999214888,EXTINCTION COEFFICIENTS,0.943423212,FOREST MENSURATION,0.886319876,LAND USE/LAND COVER CLASSIFICATION,7425
153,script_188200.txt,Theme,Land cover classification,LAND USE/LAND COVER CLASSIFICATION,0.805195212,LAND USE/LAND COVER CLASSIFICATION,0.999158859,LAND USE CLASSES,0.940996528,LAND USE/LAND COVER CLASSIFICATION,0.925580025,LAND USE/LAND COVER CLASSIFICATION,7425
154,script_188211.txt,Theme,Water quality monitoring,WATER QUALITY,0.817907035,WATER MANAGEMENT,0.999368072,MARINE ENVIRONMENT MONITORING,0.971746624,WATER MANAGEMENT,0.882334948,WATER QUALITY/WATER CHEMISTRY,7425
155,script_188211.txt,Theme,Spectral index calculation,SPECTRAL IRRADIANCE,0.698940277,SPEED PROFILES,0.999107957,CLOUD INDICATORS,0.945180774,SPECTRUM WIDTH,0.85325861,SPECTRAL/ENGINEERING,7425
156,script_188217.txt,Theme,Land cover change analysis,LAND USE/LAND COVER,0.676077604,LAND SURFACE/AGRICULTURE INDICATORS,0.999009609,SEA SURFACE TEMPERATURE RECONSTRUCTION,0.941220582,LAND USE/LAND COVER,0.862189531,LAND USE/LAND COVER CLASSIFICATION,7419
157,script_188221.txt,Theme,Climate analysis,CLIMATE ADAPTATION,0.706403852,CLIMATE INDICATORS,0.999454081,ISOTOPIC ANALYSIS,0.917504787,CONVECTIVE CLOUDS/SYSTEMS (OBSERVED/ANALYZED),0.865230918,CLIMATE INDICATORS,7419
158,script_188378.txt,Theme,Land cover classification,LAND USE/LAND COVER CLASSIFICATION,0.805195212,LAND USE/LAND COVER CLASSIFICATION,0.999158859,LAND USE CLASSES,0.940996528,LAND USE/LAND COVER CLASSIFICATION,0.925580025,LAND USE/LAND COVER CLASSIFICATION,7419
159,script_188386.txt,Theme,Land cover classification,LAND USE/LAND COVER CLASSIFICATION,0.805195212,LAND USE/LAND COVER CLASSIFICATION,0.999158859,LAND USE CLASSES,0.940996528,LAND USE/LAND COVER CLASSIFICATION,0.925580025,LAND USE/LAND COVER CLASSIFICATION,7419
160,script_188389.txt,Theme,Land cover classification,LAND USE/LAND COVER CLASSIFICATION,0.805195212,LAND USE/LAND COVER CLASSIFICATION,0.999158859,LAND USE CLASSES,0.940996528,LAND USE/LAND COVER CLASSIFICATION,0.925580025,LAND USE/LAND COVER CLASSIFICATION,7419
161,script_188397.txt,Theme,Wildfire monitoring and analysis,FOREST MENSURATION,0.682830095,WILDFIRE SUPPRESSION,0.999107838,GEOMAGNETIC FORECASTS,0.850572765,FIRE MANAGEMENT,0.863375783,WILDFIRES,7418
162,script_188400.txt,Theme,Air quality monitoring,AIR QUALITY,0.830601931,MARINE ENVIRONMENT MONITORING,0.999301016,MARINE ENVIRONMENT MONITORING,0.969260156,AIR QUALITY,0.863878906,PARTICULATE MATTER (PM 2.5),7418
163,script_188401.txt,Theme,Weather analysis,AIR TEMPERATURE,0.675841391,WEATHER EVENTS,0.99947226,FIRE DYNAMICS,0.93172586,Weather Forecast,0.895249009,PRECIPITATION,7418
164,script_188412.txt,Theme,Land surface temperature estimation,LAND SURFACE TEMPERATURE,0.808810711,SEA SURFACE TEMPERATURE RECONSTRUCTION,0.999505281,SEA SURFACE TEMPERATURE RECONSTRUCTION,0.950618505,LAND SURFACE TEMPERATURE,0.889245152,LAND SURFACE TEMPERATURE,7418
165,script_188412.txt,Theme,Vegetation health assessment,VEGETATION,0.670113921,VEGETATION OPTICAL DEPTH,0.999295712,ENVIRONMENTAL ASSESSMENTS,0.971316695,VEGETATION INDEX,0.898875117,VEGETATION COVER,7418
166,script_188413.txt,Theme,Vegetation health monitoring,VEGETATION INDEX,0.709693491,VEGETATION OPTICAL DEPTH,0.99918282,MARINE ENVIRONMENT MONITORING,0.96418643,FOREST MENSURATION,0.876429975,VEGETATION INDEX,7412
167,script_188413.txt,Theme,Land surface temperature analysis,LAND SURFACE TEMPERATURE,0.799205303,SEA SURFACE TEMPERATURE RECONSTRUCTION,0.999494553,SEA SURFACE TEMPERATURE RECONSTRUCTION,0.941057563,LAND SURFACE TEMPERATURE,0.886941195,LAND SURFACE TEMPERATURE,7412
168,script_188414.txt,Theme,Land surface temperature analysis,LAND SURFACE TEMPERATURE,0.799205303,SEA SURFACE TEMPERATURE RECONSTRUCTION,0.999494553,SEA SURFACE TEMPERATURE RECONSTRUCTION,0.941057563,LAND SURFACE TEMPERATURE,0.886941195,LAND SURFACE TEMPERATURE,7412
169,script_188414.txt,Theme,Vegetation health assessment,VEGETATION,0.670113921,VEGETATION OPTICAL DEPTH,0.999295712,ENVIRONMENTAL ASSESSMENTS,0.971316695,VEGETATION INDEX,0.898875117,VEGETATION INDEX,7412
170,script_188419.txt,Theme,NDVI calculation,NORMALIZED DIFFERENCE VEGETATION INDEX (NDVI),0.693864882,PARTICULATES,0.998787522,DESTRUCTION POTENTIAL INDEX,0.926448107,NORMALIZED DIFFERENCE VEGETATION INDEX (NDVI),0.821857333,VEGETATION INDEX,7412
171,script_188419.txt,Theme,LST calculation,DST INDEX,0.629600048,VISIBLE RADIANCE,0.998539269,REFLECTANCE,0.915355325,LEAF AREA INDEX (LAI),0.7943995,LAND USE/LAND COVER CLASSIFICATION,7409
172,script_188454.txt,Theme,Cloud probability analysis,CLOUD DYNAMICS,0.608694434,CLOUD VERTICAL DISTRIBUTION,0.998993993,ISOTOPIC ANALYSIS,0.937997282,MESOSPHERIC CLOUDS (OBSERVED/ANALYZED),0.892683864,CLOUD TYPES,7409
173,script_188455.txt,Theme,Cloud cover analysis,CLOUD OPTICAL DEPTH/THICKNESS,0.649562716,CLOUD REFLECTANCE,0.9992612,ENVIRONMENTAL ASSESSMENTS,0.932942986,MESOSPHERIC CLOUDS (OBSERVED/ANALYZED),0.928549826,CLOUD TYPES,7409
174,script_188458.txt,Theme,Cloud cover analysis,CLOUD OPTICAL DEPTH/THICKNESS,0.649562716,CLOUD REFLECTANCE,0.9992612,ENVIRONMENTAL ASSESSMENTS,0.932942986,MESOSPHERIC CLOUDS (OBSERVED/ANALYZED),0.928549826,CLOUD TYPES,7409
175,script_188465.txt,Theme,Land cover classification,LAND USE/LAND COVER CLASSIFICATION,0.805195212,LAND USE/LAND COVER CLASSIFICATION,0.999158859,LAND USE CLASSES,0.940996528,LAND USE/LAND COVER CLASSIFICATION,0.925580025,LAND USE/LAND COVER CLASSIFICATION,7409
176,script_188502.txt,Theme,Water body detection and area change analysis,WATER CHARACTERISTICS,0.671688616,OCEAN SALINITY RECONSTRUCTION,0.999042153,SURFACE WATER PROCESSES/MEASUREMENTS,0.912326634,SURFACE WATER PROCESSES/MEASUREMENTS,0.824451506,OCEAN WAVES,7421
177,script_188506.txt,Theme,Cloud cover analysis,CLOUD OPTICAL DEPTH/THICKNESS,0.649562716,CLOUD REFLECTANCE,0.9992612,ENVIRONMENTAL ASSESSMENTS,0.932942986,MESOSPHERIC CLOUDS (OBSERVED/ANALYZED),0.928549826,CLOUDS,7421
178,script_188509.txt,Theme,Correlation analysis between precipitation and cloud cover,CLOUD EMISSIVITY,0.619154513,TORNADO CLIMATOLOGY,0.998734117,GEOMAGNETIC FORECASTS,0.871982396,MESOSPHERIC CLOUDS (OBSERVED/ANALYZED),0.883411467,PRECIPITATION,7421
179,script_188511.txt,Theme,Correlation analysis between precipitation and cloud cover,CLOUD EMISSIVITY,0.619154513,TORNADO CLIMATOLOGY,0.998734117,GEOMAGNETIC FORECASTS,0.871982396,MESOSPHERIC CLOUDS (OBSERVED/ANALYZED),0.883411467,PRECIPITATION,7421
180,script_19155.txt,Theme,Land cover classification,LAND USE/LAND COVER CLASSIFICATION,0.805195212,LAND USE/LAND COVER CLASSIFICATION,0.999158859,LAND USE CLASSES,0.940996528,LAND USE/LAND COVER CLASSIFICATION,0.925580025,LAND USE/LAND COVER,7421
181,script_23533.txt,Theme,Land cover change tracking,LAND USE/LAND COVER,0.677871108,VEGETATION COVER,0.99906522,GLOBAL CHANGE RESPONSES,0.93516016,LAND SURFACE/AGRICULTURE INDICATORS,0.864251137,LAND USE/LAND COVER CLASSIFICATION,7424
182,script_28.txt,Theme,Surface reflectance time series analysis,APPARENT SURFACE REFLECTIVITY,0.756080508,SURFACE RADIATIVE PROPERTIES,0.999195933,ISOTOPIC ANALYSIS,0.949739635,APPARENT SURFACE REFLECTIVITY,0.816007614,SURFACE RADIATIVE PROPERTIES,7424
183,script_28.txt,Theme,Statistical analysis for HUC regions,HUMIDITY INDICES,0.574003696,AEROSOL RADIANCE,0.998848796,FOREST FIRE DANGER INDEX,0.921012521,POPULATION DISTRIBUTION,0.789340019,HYDROGRAPHY,7424
184,script_3043.txt,Theme,Land cover classification,LAND USE/LAND COVER CLASSIFICATION,0.805195212,LAND USE/LAND COVER CLASSIFICATION,0.999158859,LAND USE CLASSES,0.940996528,LAND USE/LAND COVER CLASSIFICATION,0.925580025,LAND USE/LAND COVER CLASSIFICATION,7424
185,script_32.txt,Theme,Snow product bias analysis,SNOW MICROSTRUCTURE,0.66995132,MOUNTAIN SNOW LINE SHIFT,0.998971105,SEA SURFACE TEMPERATURE RECONSTRUCTION,0.920638204,SNOW STRATIGRAPHY,0.834301949,SNOW DEPTH,7424
186,script_35538.txt,Theme,Land cover classification,LAND USE/LAND COVER CLASSIFICATION,0.805195212,LAND USE/LAND COVER CLASSIFICATION,0.999158859,LAND USE CLASSES,0.940996528,LAND USE/LAND COVER CLASSIFICATION,0.925580025,LAND USE/LAND COVER CLASSIFICATION,7419
187,script_37873.txt,Theme,Land cover classification,LAND USE/LAND COVER CLASSIFICATION,0.805195212,LAND USE/LAND COVER CLASSIFICATION,0.999158859,LAND USE CLASSES,0.940996528,LAND USE/LAND COVER CLASSIFICATION,0.925580025,LAND USE/LAND COVER CLASSIFICATION,7419
188,script_41838.txt,Theme,Land cover classification,LAND USE/LAND COVER CLASSIFICATION,0.805195212,LAND USE/LAND COVER CLASSIFICATION,0.999158859,LAND USE CLASSES,0.940996528,LAND USE/LAND COVER CLASSIFICATION,0.925580025,LAND USE/LAND COVER CLASSIFICATION,7419
189,script_42.txt,Theme,Land cover classification,LAND USE/LAND COVER CLASSIFICATION,0.805195212,LAND USE/LAND COVER CLASSIFICATION,0.999158859,LAND USE CLASSES,0.940996528,LAND USE/LAND COVER CLASSIFICATION,0.925580025,LAND USE/LAND COVER CLASSIFICATION,7419
190,script_43.txt,Theme,Analog region identification for community forests,FOREST MENSURATION,0.644155264,DIGITAL ELEVATION/TERRAIN MODEL (DEM),0.998816967,ENHANCED FUJITA SCALE RATING,0.902129531,FOREST MENSURATION,0.841166496,LAND MANAGEMENT,7419
191,script_43803.txt,Theme,Satellite image processing,PHOTOSYNTHESIS,0.689454615,RECESSIONAL MORAINE,0.998854518,CLOUD DYNAMICS,0.922585964,SATELLITE SOIL MOISTURE INDEX,0.82567513,LAND USE/LAND COVER CLASSIFICATION,7421
192,script_45435.txt,Theme,MODIS LAI and vegetation cover analysis,LEAF AREA INDEX (LAI),0.629974961,LEAF AREA INDEX (LAI),0.998816252,GRAZING DYNAMICS / PLANT ECOLOGY,0.887125552,VEGETATION INDEX,0.847899795,VEGETATION COVER,7421
193,script_48.txt,Theme,Land cover change detection,LAND USE/LAND COVER,0.671150088,VEGETATION COVER,0.998990953,RADIATION FOG,0.945979714,LAND SURFACE/AGRICULTURE INDICATORS,0.865116358,LAND COVER CHANGE DETECTION,7421
194,script_49902.txt,Theme,Vegetation health assessment,VEGETATION,0.670113921,VEGETATION OPTICAL DEPTH,0.999295712,ENVIRONMENTAL ASSESSMENTS,0.971316695,VEGETATION INDEX,0.898875117,VEGETATION INDEX,7421
195,script_50.txt,Theme,Land cover classification,LAND USE/LAND COVER CLASSIFICATION,0.805195212,LAND USE/LAND COVER CLASSIFICATION,0.999158859,LAND USE CLASSES,0.940996528,LAND USE/LAND COVER CLASSIFICATION,0.925580025,LAND USE/LAND COVER CLASSIFICATION,7421
196,script_51624.txt,Theme,Flood monitoring and comparison,FLOOD FREQUENCY,0.687214792,RECESSIONAL MORAINE,0.998925805,FOREST HARVESTING AND ENGINEERING,0.79722017,FLOOD LEVELS,0.86394912,FLOODS,7416
197,script_52026.txt,Theme,Air quality monitoring,AIR QUALITY,0.830601931,MARINE ENVIRONMENT MONITORING,0.999301016,MARINE ENVIRONMENT MONITORING,0.969260156,AIR QUALITY,0.863878906,AIR QUALITY,7416
198,script_54980.txt,Theme,Land cover classification,LAND USE/LAND COVER CLASSIFICATION,0.805195212,LAND USE/LAND COVER CLASSIFICATION,0.999158859,LAND USE CLASSES,0.940996528,LAND USE/LAND COVER CLASSIFICATION,0.925580025,LAND USE/LAND COVER CLASSIFICATION,7416
199,script_59099.txt,Theme,NDVI analysis for pre and post-landslide assessment,NORMALIZED DIFFERENCE VEGETATION INDEX (NDVI),0.617595017,QUASI-BIENNIAL OSCILLATION (QBO) ZONAL WIND INDEX,0.998746991,OCEAN SALINITY RECONSTRUCTION,0.879035473,NORMALIZED DIFFERENCE VEGETATION INDEX (NDVI),0.81039387,LANDSLIDES,7416
200,script_62526.txt,Theme,Precipitation monitoring,INUNDATION FREQUENCY,0.708396256,PRECIPITATION INDICATORS,0.999535561,MARINE ENVIRONMENT MONITORING,0.959132016,CLIMATE INDICATORS,0.838132143,PRECIPITATION,7416
201,script_65671.txt,Theme,Landsat 5 TM temperature analysis for 1996 and 2006,ANTENNA TEMPERATURE,0.610904217,DIGITAL ELEVATION/TERRAIN MODEL (DEM),0.998591185,SOLAR SYNOPTIC MAPS,0.858295381,TEMPERATURE TRENDS,0.796931505,LAND SURFACE TEMPERATURE,7435
202,script_65671.txt,Theme,Landsat 8 temperature analysis for 2017,LAND SURFACE TEMPERATURE,0.605923891,MAGMA COMPOSITION/TEXTURE,0.998378038,CONVECTIVE AVAILABLE POTENTIAL ENERGY (CAPE),0.918415129,TEMPERATURE TRENDS,0.813214123,LAND SURFACE TEMPERATURE,7435
203,script_67562.txt,Theme,Land cover classification,LAND USE/LAND COVER CLASSIFICATION,0.805195212,LAND USE/LAND COVER CLASSIFICATION,0.999158859,LAND USE CLASSES,0.940996528,LAND USE/LAND COVER CLASSIFICATION,0.925580025,LAND USE/LAND COVER CLASSIFICATION,7435
204,script_71184.txt,Theme,Cloud cover assessment for Landsat imagery,CLOUD OPTICAL DEPTH/THICKNESS,0.584137082,AFFORESTATION/REFORESTATION,0.999026477,ATMOSPHERIC PRESSURE MEASUREMENTS,0.932016373,MESOSPHERIC CLOUDS (OBSERVED/ANALYZED),0.878133535,CLOUDS,7435
205,script_72.txt,Theme,Land cover change detection,LAND USE/LAND COVER,0.671150088,VEGETATION COVER,0.998990953,RADIATION FOG,0.945979714,LAND SURFACE/AGRICULTURE INDICATORS,0.865116358,LAND USE/LAND COVER,7435
206,script_7366.txt,Theme,Land cover classification,LAND USE/LAND COVER CLASSIFICATION,0.805195212,LAND USE/LAND COVER CLASSIFICATION,0.999158859,LAND USE CLASSES,0.940996528,LAND USE/LAND COVER CLASSIFICATION,0.925580025,LAND USE/LAND COVER CLASSIFICATION,7419
207,script_75448.txt,Theme,Waterbody surface area analysis,SURFACE WATER FEATURES,0.683100939,SURFACE WATER CHEMISTRY,0.999025106,ENVIRONMENTAL ASSESSMENTS,0.944396734,SURFACE WATER PROCESSES/MEASUREMENTS,0.875777721,SURFACE WATER,7419
208,script_76696.txt,Theme,Landsat observation count,SENSOR COUNTS,0.585093141,OCEAN VOLUME BUDGET,0.998912752,LINE OF SIGHT WINDS,0.921597481,SATELLITE SOIL MOISTURE INDEX,0.828590274,LAND USE/LAND COVER CLASSIFICATION,7419
209,script_76696.txt,Theme,NDVI regression analysis,NORMALIZED DIFFERENCE VEGETATION INDEX (NDVI),0.682016313,ENHANCED FUJITA SCALE RATING,0.998694301,ISOTOPIC ANALYSIS,0.883226395,NORMALIZED DIFFERENCE VEGETATION INDEX (NDVI),0.826304197,LAND USE/LAND COVER CLASSIFICATION,7419
210,script_76709.txt,Theme,Vegetation health monitoring,VEGETATION INDEX,0.709693491,VEGETATION OPTICAL DEPTH,0.99918282,MARINE ENVIRONMENT MONITORING,0.96418643,FOREST MENSURATION,0.876429975,VEGETATION COVER,7419
211,script_76805.txt,Theme,Arctic greening patterns,ARCTIC OSCILLATION,0.578630328,PERCHING BIRDS,0.998920977,LANDSCAPE PATTERNS,0.924122274,ARCTIC OSCILLATION,0.860430717,VEGETATION COVER,7398
212,script_76839.txt,Theme,Vegetation health monitoring,VEGETATION INDEX,0.709693491,VEGETATION OPTICAL DEPTH,0.99918282,MARINE ENVIRONMENT MONITORING,0.96418643,FOREST MENSURATION,0.876429975,VEGETATION INDEX,7410
213,script_76840.txt,Theme,Vegetation health monitoring,VEGETATION INDEX,0.709693491,VEGETATION OPTICAL DEPTH,0.99918282,MARINE ENVIRONMENT MONITORING,0.96418643,FOREST MENSURATION,0.876429975,VEGETATION INDEX,7410
214,script_76841.txt,Theme,Vegetation health monitoring,VEGETATION INDEX,0.709693491,VEGETATION OPTICAL DEPTH,0.99918282,MARINE ENVIRONMENT MONITORING,0.96418643,FOREST MENSURATION,0.876429975,VEGETATION INDEX,7410
215,script_78663.txt,Theme,Land cover correction and time series analysis,LAND USE/LAND COVER CLASSIFICATION,0.659660578,LAND SURFACE/AGRICULTURE INDICATORS,0.998859704,GEOMAGNETIC FORECASTS,0.90343374,LAND USE/LAND COVER,0.8395648,LAND USE/LAND COVER,7410
216,script_78805.txt,Theme,Vegetation health monitoring,VEGETATION INDEX,0.709693491,VEGETATION OPTICAL DEPTH,0.99918282,MARINE ENVIRONMENT MONITORING,0.96418643,FOREST MENSURATION,0.876429975,VEGETATION INDEX,7412
217,script_85061.txt,Theme,Land cover classification,LAND USE/LAND COVER CLASSIFICATION,0.805195212,LAND USE/LAND COVER CLASSIFICATION,0.999158859,LAND USE CLASSES,0.940996528,LAND USE/LAND COVER CLASSIFICATION,0.925580025,LAND USE/LAND COVER CLASSIFICATION,7412
218,script_85217.txt,Theme,Land cover classification,LAND USE/LAND COVER CLASSIFICATION,0.805195212,LAND USE/LAND COVER CLASSIFICATION,0.999158859,LAND USE CLASSES,0.940996528,LAND USE/LAND COVER CLASSIFICATION,0.925580025,LAND USE/LAND COVER CLASSIFICATION,7412
219,script_85219.txt,Theme,Wildfire severity assessment,FOREST FIRE DANGER INDEX,0.611409605,WILDFIRE SUPPRESSION,0.999427915,FOREST FIRE DANGER INDEX,0.935194373,FIRE WEATHER INDEX,0.88910079,FIRE MANAGEMENT,7412
220,script_89887.txt,Theme,Water masking,WATER MASSES,0.726014018,WATER SPOUT,0.999280393,CHEMICAL WEATHERING,0.938798726,WATER VAPOR PROCESSES,0.845144451,WATER RESOURCES,7412
221,script_89887.txt,Theme,Cloud masking,CLOUD CEILING,0.6455549,CLOUD REFLECTANCE,0.999215603,CLOUD INDICATORS,0.935298383,CLOUD MICROPHYSICS,0.896247745,LAND SURFACE,7408
222,script_89887.txt,Theme,True color image generation,PHOTOSYNTHESIS,0.639083982,TIDAL ENERGY PRODUCTION/USE,0.998813927,VISIBLE FLUX,0.91094017,COLOR,0.803312302,LAND SURFACE,7408
223,script_95721.txt,Theme,Vegetation health monitoring,VEGETATION INDEX,0.709693491,VEGETATION OPTICAL DEPTH,0.99918282,MARINE ENVIRONMENT MONITORING,0.96418643,FOREST MENSURATION,0.876429975,VEGETATION,7408
224,script_95950.txt,Theme,NDVI extraction and analysis,NORMALIZED DIFFERENCE VEGETATION INDEX (NDVI),0.670719564,GAS/AEROSOL COMPOSITION,0.998934269,BERYLLIUM-10 ANALYSIS,0.905985594,NORMALIZED DIFFERENCE VEGETATION INDEX (NDVI),0.820894957,VEGETATION,7408
225,script_96316.txt,Theme,Vegetation monitoring through NDVI analysis,NORMALIZED DIFFERENCE VEGETATION INDEX (NDVI),0.749972939,FOREST COMPOSITION/VEGETATION STRUCTURE,0.998977244,CORAL REEF ASSESSMENT,0.920146644,NORMALIZED DIFFERENCE VEGETATION INDEX (NDVI),0.891617,VEGETATION,7408
226,script_96317.txt,Theme,NDVI Mosaicking,NORMALIZED DIFFERENCE VEGETATION INDEX (NDVI),0.623307288,BRITTLE/BASKET STARS,0.998779833,VISIBLE IMAGERY,0.906751752,NORMALIZED DIFFERENCE VEGETATION INDEX (NDVI),0.812256336,LAND USE/LAND COVER CLASSIFICATION,7429
227,script_96322.txt,Theme,NDVI Mosaic Generation,NATURAL SELECTION,0.575479031,CHANDLER CIRCULAR COMPONENT,0.998726726,BIOCHEMICAL RELEASE,0.908952951,NORMALIZED DIFFERENCE VEGETATION INDEX (NDVI),0.822600663,LAND USE/LAND COVER CLASSIFICATION,7429
228,script_96332.txt,Theme,Land cover monitoring,LAND USE/LAND COVER,0.716855168,VEGETATION COVER,0.999140263,MARINE ENVIRONMENT MONITORING,0.970775485,LAND SURFACE/AGRICULTURE INDICATORS,0.861763239,LAND USE/LAND COVER CLASSIFICATION,7429
229,script_96332.txt,Theme,Water index calculation,WATER QUALITY INDEXES,0.70148468,WATER QUALITY INDEXES,0.99918288,DRAINAGE AMOUNT,0.937505662,WATER VAPOR TRANSPORT INDEX,0.844080329,WATER QUALITY/WATER CHEMISTRY,7429
230,script_96361.txt,Theme,Landsat image collection merging and standardization,OCEAN MIXED LAYER,0.562584937,AFFORESTATION/REFORESTATION,0.998687327,Digital Surface Model (DSM),0.856502652,CONTOUR MAPS,0.784000635,LANDSAT IMAGE COLLECTION,7429
231,script_96361.txt,Theme,"Quality band addition for cloud, water, snow/ice detection",CLOUD OPTICAL DEPTH/THICKNESS,0.604697168,AGE AT ICE-THICKNESS-NORMALIZED DEPTHS,0.9986853,TOP OF ATMOSPHERE (TOA) REFLECTANCE,0.893749237,CLOUD INDICATORS,0.837736011,CLOUD MICROPHYSICS,7429
232,script_96361.txt,Theme,Predictor preparation for geospatial analysis,SURFACE PRECIPITATION,0.697252035,PALEOCLIMATE RECONSTRUCTIONS,0.998826504,SEA SURFACE TEMPERATURE RECONSTRUCTION,0.901034236,PRECIPITATION PROFILES,0.80055809,GEODETICS,7429
233,script_96424.txt,Theme,Water occurrence and cloud cover analysis,WATER CHARACTERISTICS,0.686562538,CLOUD RADIATIVE TRANSFER,0.999080062,SURFACE WATER PROCESSES/MEASUREMENTS,0.895991087,MESOSPHERIC CLOUDS (OBSERVED/ANALYZED),0.891269505,OCEAN TRACERS,7429
234,script_96426.txt,Theme,Lake area monitoring,LAKE LEVELS,0.683764517,LAKE LEVELS,0.999078393,MARINE ENVIRONMENT MONITORING,0.962722063,LAKE LEVELS,0.833981633,LAND SURFACE/AGRICULTURE INDICATORS,7429
235,script_96427.txt,Theme,Lake area change monitoring,SEA LEVEL CHANGE,0.65843761,OCEAN VOLUME BUDGET,0.999128103,MARINE ENVIRONMENT MONITORING,0.962782979,LAKE LEVELS,0.830870628,FRESHWATER RUNOFF,7398
236,script_96458.txt,Theme,Land cover classification,LAND USE/LAND COVER CLASSIFICATION,0.805195212,LAND USE/LAND COVER CLASSIFICATION,0.999158859,LAND USE CLASSES,0.940996528,LAND USE/LAND COVER CLASSIFICATION,0.925580025,LAND USE/LAND COVER CLASSIFICATION,7409
237,script_96459.txt,Theme,Land cover classification,LAND USE/LAND COVER CLASSIFICATION,0.805195212,LAND USE/LAND COVER CLASSIFICATION,0.999158859,LAND USE CLASSES,0.940996528,LAND USE/LAND COVER CLASSIFICATION,0.925580025,LAND USE/LAND COVER CLASSIFICATION,7409
238,script_96519.txt,Theme,Flooding,FLOODING,0.902447104,FLOODING,0.999999821,FLOODING,1.000000119,FLOODING,0.944406867,FLOODS,7409
239,script_96519.txt,Theme,Built-up areas,BUILDINGS,0.714880824,RECHARGE AMOUNT,0.998882174,SOIL FERTILITY,0.849280119,BUILDINGS,0.878457785,INFRASTRUCTURE,7409
240,script_96519.txt,Theme,Fire perimeters,FIRE MODELS,0.686911345,SHORELINES,0.99912256,MARINE OBSTRUCTIONS,0.88948071,FIRE OCCURRENCE,0.867342353,FIRE MANAGEMENT,7409
241,script_96519.txt,Theme,Earthquake analysis,EARTHQUAKE PREDICTIONS,0.717237234,EARTHQUAKE PREDICTIONS,0.99931556,ENVIRONMENTAL ASSESSMENTS,0.939442873,EARTHQUAKE OCCURRENCES,0.895441771,TECTONICS,7421
242,script_96537.txt,Theme,Land cover classification,LAND USE/LAND COVER CLASSIFICATION,0.805195212,LAND USE/LAND COVER CLASSIFICATION,0.999158859,LAND USE CLASSES,0.940996528,LAND USE/LAND COVER CLASSIFICATION,0.925580025,LAND USE/LAND COVER CLASSIFICATION,7421
243,script_96537.txt,Theme,Accuracy assessment,ACCRETION,0.650696933,DRAINAGE AMOUNT,0.99889642,SENSOR CHARACTERISTICS,0.974247932,PRECIPITATION,0.810382247,ACCURACY ASSESSMENTS,7421
244,script_96538.txt,Theme,Land cover classification,LAND USE/LAND COVER CLASSIFICATION,0.805195212,LAND USE/LAND COVER CLASSIFICATION,0.999158859,LAND USE CLASSES,0.940996528,LAND USE/LAND COVER CLASSIFICATION,0.925580025,LAND USE/LAND COVER CLASSIFICATION,7421
245,script_96558.txt,Theme,NDVI-precipitation correlation analysis,CONVECTIVE PRECIPITATION,0.631872177,QUASI-BIENNIAL OSCILLATION,0.998918414,GEOMAGNETIC FORECASTS,0.860340893,CLIMATE INDICATORS,0.80823195,PRECIPITATION INDICATORS,7421
246,script_96578.txt,Theme,Thermal data analysis,THERMAL CONDUCTIVITY,0.743802607,SOLAR RADIATION MANAGEMENT,0.999115705,ENVIRONMENTAL ASSESSMENTS,0.947959244,THERMAL PROPERTIES,0.861815453,LAND SURFACE TEMPERATURE,7410
247,script_96578.txt,Theme,Fire probability assessment,FIRE OCCURRENCE,0.687903762,FOREST FIRE DANGER INDEX,0.998810828,ENVIRONMENTAL ASSESSMENTS,0.946646512,FIRE WEATHER INDEX,0.86067307,FIRE MANAGEMENT,7410
248,script_96578.txt,Theme,NDVI change detection,NORMALIZED DIFFERENCE VEGETATION INDEX (NDVI),0.661822617,DENITRIFICATION RATE,0.999052703,SEA SURFACE TEMPERATURE RECONSTRUCTION,0.903526664,NORMALIZED DIFFERENCE VEGETATION INDEX (NDVI),0.819267273,VEGETATION INDEX,7410
249,script_96593.txt,Theme,NDVI computation,NORMALIZED DIFFERENCE VEGETATION INDEX (NDVI),0.683964014,EPEIROGENIC MOVEMENT,0.998759031,DATA SYNCHRONIZATION TIME,0.919870257,NORMALIZED DIFFERENCE VEGETATION INDEX (NDVI),0.824595094,VEGETATION INDEX,7410
250,script_96593.txt,Theme,Imagery filtering,INFRARED IMAGERY,0.74753195,SHORELINE MAPPING,0.999018848,CLOUD INDICATORS,0.962249517,INFRARED IMAGERY,0.875736773,LAND USE/LAND COVER CLASSIFICATION,7410
251,script_96593.txt,Theme,Land cover visualization,VIEWING GEOMETRY,0.71803242,LAND USE/LAND COVER,0.999072015,SHORELINE MAPPING,0.915141582,LAND USE/LAND COVER,0.869363248,LAND USE/LAND COVER CLASSIFICATION,7423
252,script_96611.txt,Theme,Landsat composite creation,OCEAN MIXED LAYER,0.593922675,CLOUD RADIATIVE TRANSFER,0.998964667,CHANDLER CIRCULAR COMPONENT,0.953738749,Digital Surface Model (DSM),0.802868485,LAND USE/LAND COVER CLASSIFICATION,7423
253,script_96611.txt,Theme,NDVI calculation,NORMALIZED DIFFERENCE VEGETATION INDEX (NDVI),0.693864882,PARTICULATES,0.998787522,DESTRUCTION POTENTIAL INDEX,0.926448107,NORMALIZED DIFFERENCE VEGETATION INDEX (NDVI),0.821857333,LAND USE/LAND COVER CLASSIFICATION,7423
254,script_96611.txt,Theme,Image export,PHOTOSYNTHESIS,0.581121087,TOTAL ELECTRON CONTENT,0.998828709,CLOUD TYPES,0.900633633,PASTURE,0.787399292,LAND USE/LAND COVER CLASSIFICATION,7423
255,script_97207.txt,Theme,Fire impact assessment through NDVI analysis,FIRE WEATHER INDEX,0.615572453,GROSS PRIMARY PRODUCTION (GPP),0.998705029,ENVIRONMENTAL ASSESSMENTS,0.916138649,FIRE WEATHER INDEX,0.829285383,FIRE ECOLOGY,7423
256,script_97208.txt,Theme,Fire impact assessment using spectral indices,FIRE WEATHER INDEX,0.688385487,HYDROGEN OXIDE PROFILES,0.998683393,DESTRUCTION POTENTIAL INDEX,0.935127556,FIRE WEATHER INDEX,0.853489757,FIRE ECOLOGY,7424
257,script_97209.txt,Theme,Fire area analysis using Sentinel-2 imagery,FIRE MODELS,0.62733686,DIGITAL ELEVATION/TERRAIN MODEL (DEM),0.998595297,RADAR CROSS-SECTION,0.869684398,FIRE WEATHER INDEX,0.828705311,FIRE ECOLOGY,7424
258,script_97210.txt,Theme,Fire area analysis using Sentinel-2 images,FIRE MODELS,0.633204937,DIGITAL ELEVATION/TERRAIN MODEL (DEM),0.99860239,SEA SURFACE TEMPERATURE RECONSTRUCTION,0.858277977,FIRE WEATHER INDEX,0.818062723,FIRE ECOLOGY,7424
259,script_97211.txt,Theme,Fire event analysis,FIRE OCCURRENCE,0.675149083,FIRE WEATHER INDEX,0.999284983,FIRE DYNAMICS,0.936842799,FIRE WEATHER INDEX,0.875648558,FIRE ECOLOGY,7424
260,script_97212.txt,Theme,Fire event analysis,FIRE OCCURRENCE,0.675149083,FIRE WEATHER INDEX,0.999284983,FIRE DYNAMICS,0.936842799,FIRE WEATHER INDEX,0.875648558,FIRE ECOLOGY,7424
261,script_97250.txt,Theme,Urban vs. agricultural night light distribution,ENERGY DISTRIBUTION,0.595335484,GRAZING DYNAMICS / PLANT ECOLOGY,0.99887681,SOIL POROSITY,0.871244073,POPULATION DISTRIBUTION,0.802172005,LAND USE/LAND COVER CLASSIFICATION,7428
262,script_97292.txt,Theme,Agricultural land classification,SOIL CLASSIFICATION,0.770249486,SOIL CLASSIFICATION,0.999431372,SOIL CLASSIFICATION,0.931644022,SOIL CLASSIFICATION,0.907750368,AGRICULTURE PRODUCTION,7428
263,script_97295.txt,Theme,Land cover classification,LAND USE/LAND COVER CLASSIFICATION,0.805195212,LAND USE/LAND COVER CLASSIFICATION,0.999158859,LAND USE CLASSES,0.940996528,LAND USE/LAND COVER CLASSIFICATION,0.925580025,LAND USE/LAND COVER CLASSIFICATION,7428
264,script_97367.txt,Theme,Landsat imagery compositing,RADAR IMAGERY,0.646750689,PERMAFROST/METHANE RELEASE,0.998858333,SOLAR IMAGERY,0.95359689,CONTOUR MAPS,0.827703476,LAND USE/LAND COVER CLASSIFICATION,7428
265,script_97371.txt,Theme,Agricultural monitoring in Piura,AGRICULTURE PRODUCTION,0.552832723,COAL PRODUCTION/USE,0.99860245,GROUNDWATER MANAGEMENT,0.951404274,AGRICULTURE,0.810450196,AGRICULTURE PRODUCTION,7428
266,script_97430.txt,Theme,Vegetation index calculation,VEGETATION INDEX,0.778288722,VEGETATION INDEX,0.999307752,VEGETATION INDEX,0.941215098,VEGETATION INDEX,0.911531687,VEGETATION INDEX,7421
267,script_97430.txt,Theme,Cloud and shadow detection,CLOUD OPTICAL DEPTH/THICKNESS,0.674150407,CLOUD REFLECTANCE,0.999111891,FIRE DYNAMICS,0.883863449,CLOUD INDICATORS,0.856799364,CLOUD MICROPHYSICS,7421
268,script_97431.txt,Theme,Water quality assessment,WATER QUALITY,0.777931035,SURFACE WATER CHEMISTRY,0.999199629,ENVIRONMENTAL ASSESSMENTS,0.973996758,WATER QUALITY INDEXES,0.900160551,WATER QUALITY/WATER CHEMISTRY,7421
269,script_97446.txt,Theme,Land cover classification,LAND USE/LAND COVER CLASSIFICATION,0.805195212,LAND USE/LAND COVER CLASSIFICATION,0.999158859,LAND USE CLASSES,0.940996528,LAND USE/LAND COVER CLASSIFICATION,0.925580025,LAND USE/LAND COVER CLASSIFICATION,7421
270,script_97475.txt,Theme,Land cover classification,LAND USE/LAND COVER CLASSIFICATION,0.805195212,LAND USE/LAND COVER CLASSIFICATION,0.999158859,LAND USE CLASSES,0.940996528,LAND USE/LAND COVER CLASSIFICATION,0.925580025,LAND USE/LAND COVER CLASSIFICATION,7421
271,script_97477.txt,Theme,Land cover analysis,LAND USE/LAND COVER,0.719114304,VEGETATION COVER,0.999155164,VEGETATION RECONSTRUCTION,0.945315003,LAND SURFACE/AGRICULTURE INDICATORS,0.881120205,LAND USE/LAND COVER CLASSIFICATION,7414
272,script_97479.txt,Theme,Landsat 8 surface reflectance analysis,APPARENT SURFACE REFLECTIVITY,0.667919099,AFFORESTATION/REFORESTATION,0.999028265,SOLAR RADIATION MANAGEMENT,0.921716928,SATELLITE SOIL MOISTURE INDEX,0.819426417,SURFACE RADIATIVE PROPERTIES,7414
273,script_97507.txt,Theme,Crop greenness monitoring,VEGETATION,0.671444297,CROPPING SYSTEMS,0.999005795,MARINE ENVIRONMENT MONITORING,0.946264982,GREEN INFRASTRUCTURE,0.846109986,VEGETATION INDEX,7414
274,script_97508.txt,Theme,Crop greenness monitoring,VEGETATION,0.671444297,CROPPING SYSTEMS,0.999005795,MARINE ENVIRONMENT MONITORING,0.946264982,GREEN INFRASTRUCTURE,0.846109986,VEGETATION INDEX,7414
275,script_97508.txt,Theme,Bare earth analysis,SOIL TEXTURE,0.571508646,SOLID EARTH,0.999118447,GEOENGINEERING,0.927113295,SOIL HORIZONS/PROFILE,0.830767989,LAND USE/LAND COVER,7398
276,script_97509.txt,Theme,Burn severity assessment of Mendocino Complex Fire,FIRE WEATHER INDEX,0.541606426,NON-REFRACTORY AEROSOL ORGANIC MASS,0.998600721,ATMOSPHERIC PRESSURE MEASUREMENTS,0.88480556,FIRE WEATHER INDEX,0.843332767,LAND MANAGEMENT,7406
277,script_97510.txt,Theme,Burn severity assessment,BRIGHTNESS TEMPERATURE,0.567485094,ENVIRONMENTAL ASSESSMENTS,0.998879075,CALIBRATION,0.933511376,BURNED AREA,0.858768046,LAND MANAGEMENT,7406
278,script_97512.txt,Theme,Burn severity assessment,BRIGHTNESS TEMPERATURE,0.567485094,ENVIRONMENTAL ASSESSMENTS,0.998879075,CALIBRATION,0.933511376,BURNED AREA,0.858768046,LAND MANAGEMENT,7406
279,script_97538.txt,Theme,Remote sensing analysis,ISOTOPIC ANALYSIS,0.647771239,HYDRAULIC CONDUCTIVITY,0.998950064,CLOUD MICROPHYSICS,0.948600769,RADAR,0.828187585,REMOTE SENSING,7406
280,script_97539.txt,Theme,Vegetation analysis,VEGETATION,0.71235621,VEGETATION RECONSTRUCTION,0.999534249,VEGETATION RECONSTRUCTION,0.953329861,VEGETATION INDEX,0.9112643,VEGETATION COVER,7406
281,script_97582.txt,Theme,Land cover change detection,LAND USE/LAND COVER,0.671150088,VEGETATION COVER,0.998990953,RADIATION FOG,0.945979714,LAND SURFACE/AGRICULTURE INDICATORS,0.865116358,LAND USE/LAND COVER CLASSIFICATION,7446
282,script_97609.txt,Theme,Precipitation deviation analysis,PRECIPITATION VARIABILITY,0.681124389,WATER TREATMENT DISRUPTION,0.998980522,STREAMFLOW RECONSTRUCTION,0.936856627,PRECIPITATION ANOMALIES,0.829386115,PRECIPITATION INDICATORS,7446
283,script_97610.txt,Theme,Temperature analysis for Sinaloa region,AMBIENT TEMPERATURE,0.631631017,NON-METALLIC MINERAL AGE DETERMINATIONS,0.998476624,SATELLITE SOIL MOISTURE INDEX,0.910161495,TEMPERATURE TRENDS,0.825035453,ATMOSPHERIC TEMPERATURE,7446
284,script_97622.txt,Theme,Land cover classification using NDVI values,LAND USE/LAND COVER CLASSIFICATION,0.692234755,LAND USE/LAND COVER CLASSIFICATION,0.998924613,FOREST FIRE DANGER INDEX,0.919179618,NORMALIZED DIFFERENCE VEGETATION INDEX (NDVI),0.89957881,LAND USE/LAND COVER CLASSIFICATION,7446
285,script_97651.txt,Theme,Landsat image collection filtering and cloud masking for autumn season export.,LAND/OCEAN/ICE MASK,0.595627785,DIGITAL ELEVATION/TERRAIN MODEL (DEM),0.998386621,BIODEGRATION,0.835640311,MESOSPHERIC CLOUDS (OBSERVED/ANALYZED),0.802342594,LAND SURFACE/AGRICULTURE INDICATORS,7446
286,script_97683.txt,Theme,Nighttime light detection,LIGHT TRANSMISSION,0.700909615,OPTICAL DEPTH,0.999059975,RADIATION FOG,0.948696017,HIGHER MINIMUM NIGHTIME TEMPERATURES,0.817664266,SURFACE RADIATIVE PROPERTIES,7412
287,script_97683.txt,Theme,Vegetation monitoring,FOREST MENSURATION,0.762295008,VEGETATION COVER,0.999266684,MARINE ENVIRONMENT MONITORING,0.967963696,VEGETATION INDEX,0.88404727,VEGETATION INDEX,7412
288,script_97683.txt,Theme,Land cover analysis,LAND USE/LAND COVER,0.719114304,VEGETATION COVER,0.999155164,VEGETATION RECONSTRUCTION,0.945315003,LAND SURFACE/AGRICULTURE INDICATORS,0.881120205,LAND USE/LAND COVER,7412
289,script_97700.txt,Theme,Vegetation clustering,FOREST PLANTATION,0.707431436,VEGETATION RECONSTRUCTION,0.99925065,SNOW COVER DEGRADATION,0.876096487,VEGETATION INDEX,0.900278687,VEGETATION INDEX,7412
290,script_97700.txt,Theme,Water body detection,WATER DEPTH,0.719680309,GROUND WATER FEATURES,0.999240994,DRAINAGE AMOUNT,0.939013839,WATER VAPOR INDICATORS,0.84533453,AQUATIC SCIENCES,7412
291,script_97704.txt,Theme,Global elevation data extraction,GLOBAL COORDINATE REFERENCE SYSTEM,0.627164364,GLOBAL DRINKING WATER QUALITY INDEX,0.998690367,SHORELINE MAPPING,0.93616116,GEOPOTENTIAL HEIGHT,0.833901167,LAND SURFACE,7408
292,script_97718.txt,Theme,Vegetation health monitoring,VEGETATION INDEX,0.709693491,VEGETATION OPTICAL DEPTH,0.99918282,MARINE ENVIRONMENT MONITORING,0.96418643,FOREST MENSURATION,0.876429975,VEGETATION INDEX,7408
293,script_97724.txt,Theme,NDVI analysis at Chinese Privet plots,NORMALIZED DIFFERENCE VEGETATION INDEX (NDVI),0.572968364,CORONAL MASS EJECTIONS,0.998692095,LIDAR DEPOLARIZATION RATIO,0.902207613,NORMALIZED DIFFERENCE VEGETATION INDEX (NDVI),0.806298971,PLANT CHARACTERISTICS,7408
294,script_97954.txt,Theme,Land change classification,LAND USE/LAND COVER CLASSIFICATION,0.72471118,LAND USE CLASSES,0.99927485,LAND USE CLASSES,0.947777808,LAND USE/LAND COVER CLASSIFICATION,0.890857041,LAND USE/LAND COVER,7408
295,script_97955.txt,Theme,Land change classification,LAND USE/LAND COVER CLASSIFICATION,0.72471118,LAND USE CLASSES,0.99927485,LAND USE CLASSES,0.947777808,LAND USE/LAND COVER CLASSIFICATION,0.890857041,LAND USE/LAND COVER,7408
296,script_97974.txt,Theme,Land cover change detection,LAND USE/LAND COVER,0.671150088,VEGETATION COVER,0.998990953,RADIATION FOG,0.945979714,LAND SURFACE/AGRICULTURE INDICATORS,0.865116358,LAND USE/LAND COVER CLASSIFICATION,7422
297,script_97988.txt,Theme,Imagery mosaicking,INFRARED IMAGERY,0.678432167,BRITTLE/BASKET STARS,0.998621941,VISIBLE IMAGERY,0.932961464,VISIBLE IMAGERY,0.872794151,LAND USE/LAND COVER CLASSIFICATION,7422
298,script_97988.txt,Theme,Classification with water masking,WATER CHARACTERISTICS,0.641571224,GROUND WATER RECONSTRUCTION,0.998854697,DIFFERENTIAL PRESSURE,0.955020845,WATER CHARACTERISTICS,0.824998856,AQUATIC SCIENCES,7422
299,script_97991.txt,Theme,Land cover classification,LAND USE/LAND COVER CLASSIFICATION,0.805195212,LAND USE/LAND COVER CLASSIFICATION,0.999158859,LAND USE CLASSES,0.940996528,LAND USE/LAND COVER CLASSIFICATION,0.925580025,LAND USE/LAND COVER CLASSIFICATION,7422
300,script_97991.txt,Theme,Image filtering,INFILTRATION,0.726062059,AEROSOL ABSORPTION,0.999070048,ACOUSTIC SCATTERING,0.944176793,VISIBLE IMAGERY,0.811555028,LAND USE/LAND COVER CLASSIFICATION,7422
301,script_97991.txt,Theme,Image masking,INFRARED IMAGERY,0.71415484,VERNAL POOL,0.99890399,ENERGY DEPOSITION,0.922249556,CONTOUR MAPS,0.813723087,LAND USE/LAND COVER CLASSIFICATION,7429
302,script_98003.txt,Theme,Image compositing for land cover analysis,SOIL COMPACTION,0.697791457,EL NINO SOUTHERN OSCILLATION (ENSO),0.998807907,OCEAN SALINITY RECONSTRUCTION,0.902256131,LAND SURFACE/AGRICULTURE INDICATORS,0.829130769,LAND USE/LAND COVER CLASSIFICATION,7429
303,script_98005.txt,Theme,Landsat and Sentinel data mosaicking for land cover analysis,SOIL MOISTURE/WATER CONTENT,0.583079219,AFFORESTATION/REFORESTATION,0.998704314,GEOMAGNETIC FORECASTS,0.867350817,LAND SURFACE/AGRICULTURE INDICATORS,0.829211593,LAND USE/LAND COVER CLASSIFICATION,7429
304,script_98169.txt,Theme,NDVI calculation for vegetation analysis.,NORMALIZED DIFFERENCE VEGETATION INDEX (NDVI),0.762217641,DIGITAL ELEVATION/TERRAIN MODEL (DEM),0.998731017,Digital Surface Model (DSM),0.873551905,NORMALIZED DIFFERENCE VEGETATION INDEX (NDVI),0.865126431,VEGETATION INDEX,7429
305,script_98257.txt,Theme,Flood monitoring,FLOODING,0.755788326,FLOOD LEVELS,0.999571204,STORMWATER MANAGEMENT,0.97089076,FLOOD LEVELS,0.862271488,FLOODS,7429
306,script_98258.txt,Theme,Flood monitoring,FLOODING,0.755788326,FLOOD LEVELS,0.999571204,STORMWATER MANAGEMENT,0.97089076,FLOOD LEVELS,0.862271488,SURFACE WATER,7408
307,script_98259.txt,Theme,Flood monitoring and analysis,FLOOD FREQUENCY,0.703985453,STORMWATER MANAGEMENT,0.998867393,FOREST HARVESTING AND ENGINEERING,0.861917257,FLOOD LEVELS,0.849592924,SURFACE WATER,7408
308,script_98260.txt,Theme,Flood detection,FLOODING,0.744766474,FLOOD FREQUENCY,0.999589324,WILDFIRE SUPPRESSION,0.930785477,FLOOD LEVELS,0.851134658,SURFACE WATER,7408
309,script_98260.txt,Theme,NDWI calculation,NORMALIZED DIFFERENCE VEGETATION INDEX (NDVI),0.609177649,PARTICULATES,0.998674929,DESTRUCTION POTENTIAL INDEX,0.922760963,NORTHERN OSCILLATION INDEX,0.7785393,WATER QUALITY/WATER CHEMISTRY,7408
310,script_98260.txt,Theme,Image classification,INFRARED IMAGERY,0.682363272,WATERSHED CHARACTERISTICS,0.999019265,ELECTRICAL PROPERTIES,0.943033934,RADAR IMAGERY,0.815034032,SPECTRAL/ENGINEERING,7408
311,script_98261.txt,Theme,Flood detection and refinement,SURFACE WATER PROCESSES/MEASUREMENTS,0.679415643,AFFORESTATION/REFORESTATION,0.999021888,HAZARD MITIGATION/PLANNING,0.910048962,DROUGHT/PRECIPITATION RECONSTRUCTION,0.830937088,SURFACE WATER,7403
312,script_98262.txt,Theme,Flood extent analysis,INUNDATION AMOUNT,0.652186573,STREAMFLOW RECONSTRUCTION,0.999095738,ENVIRONMENTAL ASSESSMENTS,0.931534648,FLOOD LEVELS,0.888682723,SURFACE WATER,7403
313,script_98263.txt,Theme,Flood monitoring,FLOODING,0.755788326,FLOOD LEVELS,0.999571204,STORMWATER MANAGEMENT,0.97089076,FLOOD LEVELS,0.862271488,SURFACE WATER,7403
314,script_98266.txt,Theme,Flood detection and refinement,SURFACE WATER PROCESSES/MEASUREMENTS,0.679415643,AFFORESTATION/REFORESTATION,0.999021888,HAZARD MITIGATION/PLANNING,0.910048962,DROUGHT/PRECIPITATION RECONSTRUCTION,0.830937088,SURFACE WATER,7403
315,script_98267.txt,Theme,Flood monitoring and analysis,FLOOD FREQUENCY,0.703985453,STORMWATER MANAGEMENT,0.998867393,FOREST HARVESTING AND ENGINEERING,0.861917257,FLOOD LEVELS,0.849592924,SURFACE WATER,7403
316,script_98275.txt,Theme,Flood monitoring,FLOODING,0.755788326,FLOOD LEVELS,0.999571204,STORMWATER MANAGEMENT,0.97089076,FLOOD LEVELS,0.862271488,SURFACE WATER,7409
317,script_98281.txt,Theme,Water body classification,WATER CHARACTERISTICS,0.712351263,SOIL CLASSIFICATION,0.999164343,SOIL CLASSIFICATION,0.93261683,SEA ICE/OCEAN CLASSIFICATION,0.868163228,AQUATIC SCIENCES,7409
318,script_98281.txt,Theme,Water feature extraction,WATER CHARACTERISTICS,0.759176135,SURFACE WATER FEATURES,0.999266207,STORMWATER MANAGEMENT,0.960386932,GROUND WATER RECONSTRUCTION,0.832826555,AQUATIC SCIENCES,7409
319,script_98287.txt,Theme,Vegetation health monitoring,VEGETATION INDEX,0.709693491,VEGETATION OPTICAL DEPTH,0.99918282,MARINE ENVIRONMENT MONITORING,0.96418643,FOREST MENSURATION,0.876429975,VEGETATION INDEX,7409
320,script_98289.txt,Theme,Image collection filtering,INFILTRATION,0.659632325,AEROSOL SIZE DISTRIBUTION,0.999046206,CLOUD TYPES,0.929192483,BLOCKING INDEX,0.75696516,SPECTRAL/ENGINEERING,7409
321,script_98289.txt,Theme,Cloud masking,CLOUD CEILING,0.6455549,CLOUD REFLECTANCE,0.999215603,CLOUD INDICATORS,0.935298383,CLOUD MICROPHYSICS,0.896247745,OCEAN OPTICS,7391
322,script_98289.txt,Theme,Spectral band visualization,SPECTRUM WIDTH,0.700824082,SQUALL LINE,0.999134421,SPECTRAL IRRADIANCE,0.929969072,SPECTRUM WIDTH,0.861828029,SPECTRAL IRRADIANCE,7391
323,script_98290.txt,Theme,Land cover classification,LAND USE/LAND COVER CLASSIFICATION,0.805195212,LAND USE/LAND COVER CLASSIFICATION,0.999158859,LAND USE CLASSES,0.940996528,LAND USE/LAND COVER CLASSIFICATION,0.925580025,LAND USE/LAND COVER CLASSIFICATION,7391
