ID,Script_ID,Entity_Type,Value,Value_BAAI,Top1_Similarity_BAAI,Value_BERT,Top1_Similarity_BERT,Value_BERT0,Top1_Similarity_BERT0,Value_LLAMA70B,Usage,Value_sentence-t5-large,Top1_Similarity_sentence-t5-large
1,script_102957.txt,Theme,Land cover analysis in Los Angeles County,LAND USE/LAND COVER CLASSIFICATION,0.665326715,ENVIRONMENTAL VULNERABILITY INDEX (EVI),0.997798443,ENVIRONMENTAL ASSESSMENTS,0.899153173,LAND USE/LAND COVER,"{'prompt_tokens': 7771, 'completion_tokens': 6, 'total_tokens': 7777}",LAND SURFACE/AGRICULTURE INDICATORS,0.8359535336494446
2,script_10376.txt,Theme,Land surface analysis using Landsat 8 imagery,LAND SURFACE,0.643516779,AFFORESTATION/REFORESTATION,0.998718739,SOLAR IMAGERY,0.942331195,LAND SURFACE,"{'prompt_tokens': 7774, 'completion_tokens': 3, 'total_tokens': 7777}",SATELLITE SOIL MOISTURE INDEX,0.8340094685554504
3,script_103827.txt,Theme,Flood monitoring and analysis,FLOOD FREQUENCY,0.703985333,STORMWATER MANAGEMENT,0.998867393,FOREST HARVESTING AND ENGINEERING,0.861917257,HYDROLOGY,"{'prompt_tokens': 7769, 'completion_tokens': 4, 'total_tokens': 7773}",FLOOD LEVELS,0.849592924118042
4,script_106121.txt,Theme,Sentinel-2 image reprojection and export,ISOSTATIC REBOUND,0.557174921,HARMFUL ALGAL BLOOM (HABs),0.998825967,CFC-11,0.855924785,REMOTE SENSING,"{'prompt_tokens': 7773, 'completion_tokens': 4, 'total_tokens': 7777}",RADAR IMAGERY,0.7661371231079102
5,script_10828.txt,Theme,Vegetation Index Analysis,VEGETATION INDEX,0.792009592,VEGETATION INDEX,0.999379277,VEGETATION RECONSTRUCTION,0.934777856,VEGETATION INDEX,"{'prompt_tokens': 7768, 'completion_tokens': 4, 'total_tokens': 7772}",VEGETATION INDEX,0.9318158626556396
6,script_118175.txt,Theme,Land cover classification and vegetation index analysis,LAND USE/LAND COVER CLASSIFICATION,0.729021311,FOREST COMPOSITION/VEGETATION STRUCTURE,0.99907589,SEDIMENTARY ROCK AGE DETERMINATIONS,0.902766764,LAND SURFACE/AGRICULTURE INDICATORS,"{'prompt_tokens': 7771, 'completion_tokens': 12, 'total_tokens': 7783}",VEGETATION INDEX,0.891660213470459
7,script_119133.txt,Theme,Wildfire severity analysis,FIRE WEATHER INDEX,0.597022355,WILDFIRE SUPPRESSION,0.999418736,SEA SURFACE TEMPERATURE RECONSTRUCTION,0.919936419,NATURAL HAZARDS,"{'prompt_tokens': 7768, 'completion_tokens': 6, 'total_tokens': 7774}",FIRE WEATHER INDEX,0.8797204494476318
8,script_11983.txt,Theme,Vegetation Index Analysis,VEGETATION INDEX,0.792009592,VEGETATION INDEX,0.999379277,VEGETATION RECONSTRUCTION,0.934777856,VEGETATION INDEX,"{'prompt_tokens': 7768, 'completion_tokens': 4, 'total_tokens': 7772}",VEGETATION INDEX,0.9318158626556396
9,script_120271.txt,Theme,NDVI analysis of Sentinel-2 imagery,INFRARED IMAGERY,0.554455101,HARMFUL ALGAL BLOOM (HABs),0.998846292,RADAR CROSS-SECTION,0.874995947,VEGETATION INDEX,"{'prompt_tokens': 7774, 'completion_tokens': 4, 'total_tokens': 7778}",NORMALIZED DIFFERENCE VEGETATION INDEX (NDVI),0.8014709949493408
10,script_120557.txt,Theme,Land cover classification in Florida,LAND USE/LAND COVER CLASSIFICATION,0.735061646,SOIL PLASTICITY,0.998322845,PALMER HYDROLOGICAL DROUGHT INDEX,0.923708081,LAND USE/LAND COVER,"{'prompt_tokens': 7769, 'completion_tokens': 6, 'total_tokens': 7775}",LAND USE/LAND COVER CLASSIFICATION,0.8443316221237183
11,script_125294.txt,Theme,Ecorregion Alto Parana analysis,ANTHROPOGENIC/HUMAN INFLUENCED ECOSYSTEMS,0.504976094,EPEIROGENIC MOVEMENT,0.998567104,OCEAN SALINITY RECONSTRUCTION,0.889966726,ECOLOGICAL DYNAMICS,"{'prompt_tokens': 7771, 'completion_tokens': 7, 'total_tokens': 7778}",ALUMINUM-26 ANALYSIS,0.8165044784545898
12,script_144864.txt,Theme,"Land cover classification in Hai Phong, Vietnam",LAND USE/LAND COVER CLASSIFICATION,0.666466773,BERYLLIUM-10 ANALYSIS,0.997913003,SEDIMENTARY ROCK AGE DETERMINATIONS,0.873713732,LAND USE/LAND COVER,"{'prompt_tokens': 7773, 'completion_tokens': 6, 'total_tokens': 7779}",LAND USE/LAND COVER CLASSIFICATION,0.8527897596359253
13,script_146128.txt,Theme,Land cover classification,LAND USE/LAND COVER CLASSIFICATION,0.805195093,LAND USE/LAND COVER CLASSIFICATION,0.999158859,LAND USE CLASSES,0.940996528,LAND USE/LAND COVER,"{'prompt_tokens': 7767, 'completion_tokens': 6, 'total_tokens': 7773}",LAND USE/LAND COVER CLASSIFICATION,0.9255800247192383
14,script_15043.txt,Theme,Land Use Land Cover Classification,LAND USE/LAND COVER CLASSIFICATION,0.843844295,LAND USE/LAND COVER CLASSIFICATION,0.999672413,LAND USE/LAND COVER CLASSIFICATION,0.949848294,LAND USE/LAND COVER CLASSIFICATION,"{'prompt_tokens': 7770, 'completion_tokens': 8, 'total_tokens': 7778}",LAND USE/LAND COVER CLASSIFICATION,0.9516774415969849
15,script_155017.txt,Theme,Land Surface Temperature Analysis in Himachal Pradesh,LAND SURFACE TEMPERATURE,0.662556827,NATIONAL SANITATION FOUNDATION WATER QUALITY INDEX,0.997969329,ATMOSPHERIC PRESSURE MEASUREMENTS,0.891429543,LAND SURFACE TEMPERATURE,"{'prompt_tokens': 7774, 'completion_tokens': 6, 'total_tokens': 7780}",LAND SURFACE TEMPERATURE,0.856417715549469
16,script_165234.txt,Theme,MODIS vegetation analysis,SURFACE MOISTURE INDEX,0.599446774,VEGETATION RECONSTRUCTION,0.999058425,CORAL REEF ASSESSMENT,0.910144925,VEGETATION,"{'prompt_tokens': 7768, 'completion_tokens': 3, 'total_tokens': 7771}",VEGETATION INDEX,0.8547351360321045
17,script_165234.txt,Theme,Country boundary analysis,COUNTRY BOUNDARIES,0.752269745,LANDSCAPE MANAGEMENT,0.998970449,SEA SURFACE TEMPERATURE RECONSTRUCTION,0.933748364,BOUNDARIES,"{'prompt_tokens': 7767, 'completion_tokens': 3, 'total_tokens': 7770}",COUNTRY BOUNDARIES,0.8916383981704712
18,script_173652.txt,Theme,Land cover change detection and analysis,LAND USE/LAND COVER CLASSIFICATION,0.688638747,OCEAN SALINITY RECONSTRUCTION,0.998955905,GEOMAGNETIC FORECASTS,0.894976079,LAND USE/LAND COVER,"{'prompt_tokens': 7770, 'completion_tokens': 6, 'total_tokens': 7776}",LAND SURFACE/AGRICULTURE INDICATORS,0.8615080118179321
19,script_174474.txt,Theme,Land cover analysis using Landsat 5 imagery,LAND USE/LAND COVER CLASSIFICATION,0.635942936,AFFORESTATION/REFORESTATION,0.998544812,SOLAR IMAGERY,0.932077765,LAND USE/LAND COVER,"{'prompt_tokens': 7774, 'completion_tokens': 6, 'total_tokens': 7780}",SATELLITE SOIL MOISTURE INDEX,0.8380022048950195
20,script_174747.txt,Theme,"Land Surface Temperature Analysis in Michoacan, Mexico",LAND SURFACE TEMPERATURE,0.681699514,NON-REFRACTORY AEROSOL ORGANIC MASS,0.998314083,METEORITE AGE DETERMINATIONS,0.847335339,LAND SURFACE TEMPERATURE,"{'prompt_tokens': 7775, 'completion_tokens': 6, 'total_tokens': 7781}",LAND SURFACE TEMPERATURE,0.8376045823097229
21,script_179626.txt,Theme,Land Surface Temperature Analysis,LAND SURFACE TEMPERATURE,0.790771842,SEA SURFACE TEMPERATURE RECONSTRUCTION,0.999494553,SEA SURFACE TEMPERATURE RECONSTRUCTION,0.941057563,LAND SURFACE TEMPERATURE,"{'prompt_tokens': 7769, 'completion_tokens': 6, 'total_tokens': 7775}",LAND SURFACE TEMPERATURE,0.8780211210250854
22,script_180257.txt,Theme,Land cover analysis using Landsat imagery,LAND USE/LAND COVER CLASSIFICATION,0.668859243,LAND USE/LAND COVER,0.99875164,SOLAR IMAGERY,0.940662146,LAND USE/LAND COVER,"{'prompt_tokens': 7772, 'completion_tokens': 6, 'total_tokens': 7778}",LAND SURFACE/AGRICULTURE INDICATORS,0.8462215662002563
23,script_186294.txt,Theme,Land cover classification and vegetation analysis,LAND USE/LAND COVER CLASSIFICATION,0.74932003,FOREST COMPOSITION/VEGETATION STRUCTURE,0.999286592,FOREST HARVESTING AND ENGINEERING,0.903452098,VEGETATION,"{'prompt_tokens': 7770, 'completion_tokens': 3, 'total_tokens': 7773}",LAND USE/LAND COVER CLASSIFICATION,0.8886501789093018
24,script_186319.txt,Theme,Forest monitoring and land cover change detection,FOREST MENSURATION,0.736101985,CLOUD RADIATIVE FORCING,0.998940587,CORAL REEF ASSESSMENT,0.911260903,LAND USE/LAND COVER,"{'prompt_tokens': 7771, 'completion_tokens': 6, 'total_tokens': 7777}",FOREST MENSURATION,0.8819835782051086
25,script_186320.txt,Theme,Forest monitoring and early detection of forest loss and fires,FOREST MENSURATION,0.753934741,NON-METALLIC MINERAL AGE DETERMINATIONS,0.998580575,FOREST HARVESTING AND ENGINEERING,0.885168433,FOREST SCIENCE,"{'prompt_tokens': 7774, 'completion_tokens': 4, 'total_tokens': 7778}",FOREST PROTECTION,0.8447885513305664
26,script_186321.txt,Theme,Forest monitoring and early detection of forest loss and fire using Sentinel-2 images,FOREST MENSURATION,0.68347156,WHEEL WEAVERS (CYCLIOPHORANS),0.99804759,HAZARD MITIGATION/PLANNING,0.842910409,FOREST SCIENCE,"{'prompt_tokens': 7780, 'completion_tokens': 4, 'total_tokens': 7784}",FOREST MENSURATION,0.8337796330451965
27,script_186323.txt,Theme,Forest monitoring and land cover change detection,FOREST MENSURATION,0.736101985,CLOUD RADIATIVE FORCING,0.998940587,CORAL REEF ASSESSMENT,0.911260903,LAND USE/LAND COVER,"{'prompt_tokens': 7771, 'completion_tokens': 6, 'total_tokens': 7777}",FOREST MENSURATION,0.8819835782051086
28,script_186325.txt,Theme,Forest monitoring and land cover change detection,FOREST MENSURATION,0.736101985,CLOUD RADIATIVE FORCING,0.998940587,CORAL REEF ASSESSMENT,0.911260903,LAND USE/LAND COVER,"{'prompt_tokens': 7771, 'completion_tokens': 6, 'total_tokens': 7777}",FOREST MENSURATION,0.8819835782051086
29,script_186326.txt,Theme,Forest monitoring and early detection of forest loss and fire using Sentinel-2 images,FOREST MENSURATION,0.68347156,WHEEL WEAVERS (CYCLIOPHORANS),0.99804759,HAZARD MITIGATION/PLANNING,0.842910409,FOREST SCIENCE,"{'prompt_tokens': 7780, 'completion_tokens': 4, 'total_tokens': 7784}",FOREST MENSURATION,0.8337796330451965
30,script_186329.txt,Theme,Forest monitoring and land cover change detection,FOREST MENSURATION,0.736101985,CLOUD RADIATIVE FORCING,0.998940587,CORAL REEF ASSESSMENT,0.911260903,LAND USE/LAND COVER,"{'prompt_tokens': 7771, 'completion_tokens': 6, 'total_tokens': 7777}",FOREST MENSURATION,0.8819835782051086
31,script_186332.txt,Theme,Land cover classification and crop type analysis,LAND USE/LAND COVER CLASSIFICATION,0.746472716,FOREST COMPOSITION/VEGETATION STRUCTURE,0.998843133,GEOMAGNETIC FORECASTS,0.881605744,AGRICULTURAL PLANT SCIENCE,"{'prompt_tokens': 7771, 'completion_tokens': 8, 'total_tokens': 7779}",LAND SURFACE/AGRICULTURE INDICATORS,0.8865266442298889
32,script_186333.txt,Theme,Crop classification and land use analysis,LAND USE/LAND COVER CLASSIFICATION,0.753843665,LAND SURFACE/AGRICULTURE INDICATORS,0.998807013,FOREST HARVESTING AND ENGINEERING,0.884259522,LAND USE/LAND COVER,"{'prompt_tokens': 7771, 'completion_tokens': 6, 'total_tokens': 7777}",LAND USE/LAND COVER CLASSIFICATION,0.8952167630195618
33,script_186334.txt,Theme,Land cover classification and crop type analysis,LAND USE/LAND COVER CLASSIFICATION,0.746472716,FOREST COMPOSITION/VEGETATION STRUCTURE,0.998843133,GEOMAGNETIC FORECASTS,0.881605744,AGRICULTURAL PLANT SCIENCE,"{'prompt_tokens': 7771, 'completion_tokens': 8, 'total_tokens': 7779}",LAND SURFACE/AGRICULTURE INDICATORS,0.8865266442298889
34,script_186356.txt,Theme,Land cover classification using Sentinel-1 data,LAND USE/LAND COVER CLASSIFICATION,0.703283012,BERYLLIUM-10 ANALYSIS,0.998657465,METEORITE VERTICAL/GEOGRPAHIC DISTRIBUTION,0.886287808,LAND USE/LAND COVER,"{'prompt_tokens': 7773, 'completion_tokens': 6, 'total_tokens': 7779}",LAND USE/LAND COVER CLASSIFICATION,0.8409910798072815
35,script_186365.txt,Theme,Land cover classification,LAND USE/LAND COVER CLASSIFICATION,0.805195093,LAND USE/LAND COVER CLASSIFICATION,0.999158859,LAND USE CLASSES,0.940996528,LAND USE/LAND COVER,"{'prompt_tokens': 7767, 'completion_tokens': 6, 'total_tokens': 7773}",LAND USE/LAND COVER CLASSIFICATION,0.9255800247192383
36,script_186365.txt,Theme,Vegetation analysis,VEGETATION,0.712356329,VEGETATION RECONSTRUCTION,0.999534249,VEGETATION RECONSTRUCTION,0.953329861,VEGETATION,"{'prompt_tokens': 7767, 'completion_tokens': 3, 'total_tokens': 7770}",VEGETATION INDEX,0.9112643003463745
37,script_186365.txt,Theme,Burn area detection,BURNED AREA,0.687171578,AMBIENT NOISE,0.99896419,WATER VAPOR INDICATORS,0.931774139,WILDFIRES,"{'prompt_tokens': 7767, 'completion_tokens': 4, 'total_tokens': 7771}",BURNED AREA,0.8658654689788818
38,script_186365.txt,Theme,Snow cover detection,SNOW COVER,0.758451402,SNOW COVER,0.999255776,SNOW COVER,0.959568739,SNOW COVER,"{'prompt_tokens': 7767, 'completion_tokens': 4, 'total_tokens': 7771}",SNOW COVER,0.8680367469787598
39,script_186378.txt,Theme,"Land cover analysis using Sentinel-1, Landsat 8, and Sentinel-2 data",LAND USE/LAND COVER CLASSIFICATION,0.613944173,EFFECTIVE EVAPOTRANSPIRATION,0.991909146,NORMALIZED DIFFERENCE VEGETATION INDEX (NDVI),0.841936707,LAND USE/LAND COVER,"{'prompt_tokens': 7784, 'completion_tokens': 6, 'total_tokens': 7790}",SATELLITE SOIL MOISTURE INDEX,0.8413705825805664
40,script_186380.txt,Theme,Marsh bird survey points analysis using Landsat 7 and 8 imagery,LANDSCAPE PATTERNS,0.535673738,DIGITAL ELEVATION/TERRAIN MODEL (DEM),0.998282433,SOLAR IMAGERY,0.895520687,WETLANDS,"{'prompt_tokens': 7780, 'completion_tokens': 4, 'total_tokens': 7784}",SATELLITE SOIL MOISTURE INDEX,0.8020005822181702
41,script_186418.txt,Theme,Land Surface Temperature Retrieval,LAND SURFACE TEMPERATURE,0.748835266,LAND SURFACE TEMPERATURE,0.999111712,WIND SPEED TENDENCY,0.941072047,LAND SURFACE TEMPERATURE,"{'prompt_tokens': 7770, 'completion_tokens': 6, 'total_tokens': 7776}",LAND SURFACE TEMPERATURE,0.8986050486564636
42,script_186418.txt,Theme,Atmospheric Correction,ATMOSPHERIC STABILITY,0.738967717,ATMOSPHERIC PRESSURE,0.999227583,ATMOSPHERIC STABILITY,0.95035255,ATMOSPHERIC RADIATION,"{'prompt_tokens': 7769, 'completion_tokens': 8, 'total_tokens': 7777}",ATMOSPHERIC CIRCULATION RECONSTRUCTION,0.8759475350379944
43,script_186449.txt,Theme,Land cover classification using Landsat 8 imagery,LAND USE/LAND COVER CLASSIFICATION,0.689390302,LAND USE/LAND COVER CLASSIFICATION,0.998913765,SHORELINE MAPPING,0.929283321,LAND USE/LAND COVER,"{'prompt_tokens': 7774, 'completion_tokens': 6, 'total_tokens': 7780}",LAND USE/LAND COVER CLASSIFICATION,0.8520994782447815
44,script_186466.txt,Theme,Forest monitoring and land cover classification,LAND USE/LAND COVER CLASSIFICATION,0.739579916,FOREST HARVESTING AND ENGINEERING,0.998972595,LAND USE/LAND COVER CLASSIFICATION,0.921688318,LAND USE/LAND COVER,"{'prompt_tokens': 7770, 'completion_tokens': 6, 'total_tokens': 7776}",FOREST MENSURATION,0.9014551043510437
45,script_186503.txt,Theme,Land cover classification using Sentinel-1 data,LAND USE/LAND COVER CLASSIFICATION,0.703283012,BERYLLIUM-10 ANALYSIS,0.998657465,METEORITE VERTICAL/GEOGRPAHIC DISTRIBUTION,0.886287808,LAND USE/LAND COVER,"{'prompt_tokens': 7773, 'completion_tokens': 6, 'total_tokens': 7779}",LAND USE/LAND COVER CLASSIFICATION,0.8409910798072815
46,script_186507.txt,Theme,Land cover classification and change detection in Brazilian Amazon,LAND USE/LAND COVER CLASSIFICATION,0.620446324,NET ECOSYSTEM CO2 EXCHANGE (NEE),0.997926176,LAND SURFACE FEEDBACKS,0.88257134,LAND USE/LAND COVER,"{'prompt_tokens': 7773, 'completion_tokens': 6, 'total_tokens': 7779}",FOREST MENSURATION,0.8394824862480164
47,script_186528.txt,Theme,Land cover classification using Sentinel-1 data,LAND USE/LAND COVER CLASSIFICATION,0.703283012,BERYLLIUM-10 ANALYSIS,0.998657465,METEORITE VERTICAL/GEOGRPAHIC DISTRIBUTION,0.886287808,LAND USE/LAND COVER,"{'prompt_tokens': 7773, 'completion_tokens': 6, 'total_tokens': 7779}",LAND USE/LAND COVER CLASSIFICATION,0.8409910798072815
48,script_186540.txt,Theme,Land cover classification and vegetation analysis,LAND USE/LAND COVER CLASSIFICATION,0.74932003,FOREST COMPOSITION/VEGETATION STRUCTURE,0.999286592,FOREST HARVESTING AND ENGINEERING,0.903452098,VEGETATION,"{'prompt_tokens': 7770, 'completion_tokens': 3, 'total_tokens': 7773}",LAND USE/LAND COVER CLASSIFICATION,0.8886501789093018
49,script_186548.txt,Theme,Surface water detection and analysis,SURFACE WATER,0.760543823,SURFACE WATER PROCESSES/MEASUREMENTS,0.999230146,SURFACE WATER PROCESSES/MEASUREMENTS,0.928284526,TERRESTRIAL HYDROSPHERE,"{'prompt_tokens': 7769, 'completion_tokens': 10, 'total_tokens': 7779}",SURFACE WATER PROCESSES/MEASUREMENTS,0.8504301309585571
50,script_186562.txt,Theme,Forest monitoring and deforestation detection,FOREST MENSURATION,0.779240429,AFFORESTATION/REFORESTATION,0.998942673,WATER TREATMENT DISRUPTION,0.896329641,FOREST SCIENCE,"{'prompt_tokens': 7771, 'completion_tokens': 4, 'total_tokens': 7775}",FOREST MENSURATION,0.8835861682891846
51,script_186570.txt,Theme,Forest monitoring and land cover change detection,FOREST MENSURATION,0.736101985,CLOUD RADIATIVE FORCING,0.998940587,CORAL REEF ASSESSMENT,0.911260903,LAND USE/LAND COVER,"{'prompt_tokens': 7771, 'completion_tokens': 6, 'total_tokens': 7777}",FOREST MENSURATION,0.8819835782051086
52,script_186601.txt,Theme,Forest monitoring and land cover classification,LAND USE/LAND COVER CLASSIFICATION,0.739579916,FOREST HARVESTING AND ENGINEERING,0.998972595,LAND USE/LAND COVER CLASSIFICATION,0.921688318,LAND USE/LAND COVER,"{'prompt_tokens': 7770, 'completion_tokens': 6, 'total_tokens': 7776}",FOREST MENSURATION,0.9014551043510437
53,script_186605.txt,Theme,Forest monitoring and land cover change detection,FOREST MENSURATION,0.736101985,CLOUD RADIATIVE FORCING,0.998940587,CORAL REEF ASSESSMENT,0.911260903,LAND USE/LAND COVER,"{'prompt_tokens': 7771, 'completion_tokens': 6, 'total_tokens': 7777}",FOREST MENSURATION,0.8819835782051086
54,script_186607.txt,Theme,Forest monitoring and deforestation detection,FOREST MENSURATION,0.779240429,AFFORESTATION/REFORESTATION,0.998942673,WATER TREATMENT DISRUPTION,0.896329641,FOREST SCIENCE,"{'prompt_tokens': 7771, 'completion_tokens': 4, 'total_tokens': 7775}",FOREST MENSURATION,0.8835861682891846
55,script_186815.txt,Theme,Forest monitoring and land cover change detection,FOREST MENSURATION,0.736101985,CLOUD RADIATIVE FORCING,0.998940587,CORAL REEF ASSESSMENT,0.911260903,LAND USE/LAND COVER,"{'prompt_tokens': 7771, 'completion_tokens': 6, 'total_tokens': 7777}",FOREST MENSURATION,0.8819835782051086
56,script_186822.txt,Theme,Agricultural field analysis using Sentinel-1 data,LAND SURFACE/AGRICULTURE INDICATORS,0.661336601,DIGITAL ELEVATION/TERRAIN MODEL (DEM),0.998473108,Digital Surface Model (DSM),0.850011766,AGRICULTURAL PLANT SCIENCE,"{'prompt_tokens': 7774, 'completion_tokens': 8, 'total_tokens': 7782}",LAND SURFACE/AGRICULTURE INDICATORS,0.832647442817688
57,script_186829.txt,Theme,Forest change and surface temperature analysis in the Amazon Basin,FOREST MENSURATION,0.645971835,PALMER HYDROLOGICAL DROUGHT INDEX,0.997522295,LAND SURFACE FEEDBACKS,0.881230235,LAND SURFACE,"{'prompt_tokens': 7775, 'completion_tokens': 3, 'total_tokens': 7778}",FOREST MENSURATION,0.8564309477806091
58,script_186856.txt,Theme,Cloud masking and shadow detection for Sentinel-2 images,CLOUD OPTICAL DEPTH/THICKNESS,0.59400481,NON-METALLIC MINERAL VERTICAL/GEOGRAPHIC DISTRIBUTION,0.998607099,GEOMAGNETIC FORECASTS,0.796281815,CLOUDS,"{'prompt_tokens': 7776, 'completion_tokens': 3, 'total_tokens': 7779}",MESOSPHERIC CLOUDS (OBSERVED/ANALYZED),0.8302160501480103
59,script_186886.txt,Theme,Forest monitoring and deforestation detection,FOREST MENSURATION,0.779240429,AFFORESTATION/REFORESTATION,0.998942673,WATER TREATMENT DISRUPTION,0.896329641,FOREST SCIENCE,"{'prompt_tokens': 7771, 'completion_tokens': 4, 'total_tokens': 7775}",FOREST MENSURATION,0.8835861682891846
60,script_186888.txt,Theme,Land Surface Temperature and Vegetation Index Analysis,LAND SURFACE TEMPERATURE,0.709083319,SEA SURFACE TEMPERATURE RECONSTRUCTION,0.999158204,GEOMAGNETIC FORECASTS,0.899733722,LAND SURFACE,"{'prompt_tokens': 7773, 'completion_tokens': 3, 'total_tokens': 7776}",VEGETATION INDEX,0.8776746392250061
61,script_186892.txt,Theme,Forest monitoring and early detection of forest loss and fire in Dak Nong province,FOREST MENSURATION,0.632252395,CLOUD-SCREENED TOTAL COLUMN NITROGEN DIOXIDE (NO2),0.997298539,FEED CONTAMINATION AND TOXICOLOGY,0.841874182,FOREST SCIENCE,"{'prompt_tokens': 7779, 'completion_tokens': 4, 'total_tokens': 7783}",FOREST FIRE DANGER INDEX,0.8296412825584412
62,script_186914.txt,Theme,Flood area detection and population analysis,FLOOD FREQUENCY,0.62833184,WEIGHTED ANOMALY STANDARDIZED PRECIPITATION INDEX,0.998856008,HAZARD MITIGATION/PLANNING,0.891807199,HUMAN DIMENSIONS,"{'prompt_tokens': 7771, 'completion_tokens': 7, 'total_tokens': 7778}",FLOOD LEVELS,0.8432958722114563
63,script_186915.txt,Theme,Flood area detection and population analysis,FLOOD FREQUENCY,0.62833184,WEIGHTED ANOMALY STANDARDIZED PRECIPITATION INDEX,0.998856008,HAZARD MITIGATION/PLANNING,0.891807199,HUMAN DIMENSIONS,"{'prompt_tokens': 7771, 'completion_tokens': 7, 'total_tokens': 7778}",FLOOD LEVELS,0.8432958722114563
64,script_186940.txt,Theme,Landsat Time Series Analysis for Land Cover Change Detection,LAND SURFACE,0.601031542,SINKHOLES (DOLINES),0.998740673,SEA SURFACE TEMPERATURE RECONSTRUCTION,0.910885751,LAND SURFACE/LAND COVER,"{'prompt_tokens': 7774, 'completion_tokens': 7, 'total_tokens': 7781}",SATELLITE SOIL MOISTURE INDEX,0.8152666687965393
65,script_186974.txt,Theme,Land surface reflectance analysis,APPARENT SURFACE REFLECTIVITY,0.746894121,LAND SURFACE FEEDBACKS,0.999458134,OCEAN SALINITY RECONSTRUCTION,0.927623451,SURFACE RADIATIVE PROPERTIES,"{'prompt_tokens': 7769, 'completion_tokens': 8, 'total_tokens': 7777}",APPARENT SURFACE REFLECTIVITY,0.8483002185821533
66,script_186974.txt,Theme,Water index calculation,WATER QUALITY INDEXES,0.70148474,WATER QUALITY INDEXES,0.99918288,DRAINAGE AMOUNT,0.937505662,WATER QUALITY INDEXES,"{'prompt_tokens': 7767, 'completion_tokens': 7, 'total_tokens': 7774}",WATER VAPOR TRANSPORT INDEX,0.8440803289413452
67,script_187038.txt,Theme,Land cover classification and cloud cover analysis,LAND USE/LAND COVER CLASSIFICATION,0.736449122,FOREST COMPOSITION/VEGETATION STRUCTURE,0.99894762,GEOMAGNETIC FORECASTS,0.915772676,LAND SURFACE/LAND COVER,"{'prompt_tokens': 7771, 'completion_tokens': 7, 'total_tokens': 7778}",MESOSPHERIC CLOUDS (OBSERVED/ANALYZED),0.8808902502059937
68,script_187125.txt,Theme,Water body detection and analysis,WATER CHARACTERISTICS,0.722114086,GAS/AEROSOL COMPOSITION,0.999154329,SURFACE WATER PROCESSES/MEASUREMENTS,0.930053949,HYDROGRAPHY,"{'prompt_tokens': 7769, 'completion_tokens': 6, 'total_tokens': 7775}",WATER VAPOR INDICATORS,0.8358598947525024
69,script_187131.txt,Theme,Wildfire analysis and burned area detection,BURNED AREA,0.654039264,OCEAN SALINITY RECONSTRUCTION,0.998790205,HAZARD MITIGATION/PLANNING,0.871347129,NATURAL HAZARDS,"{'prompt_tokens': 7771, 'completion_tokens': 6, 'total_tokens': 7777}",FIRE WEATHER INDEX,0.8497118949890137
70,script_187137.txt,Theme,Land Surface Temperature Analysis,LAND SURFACE TEMPERATURE,0.790771842,SEA SURFACE TEMPERATURE RECONSTRUCTION,0.999494553,SEA SURFACE TEMPERATURE RECONSTRUCTION,0.941057563,LAND SURFACE TEMPERATURE,"{'prompt_tokens': 7769, 'completion_tokens': 6, 'total_tokens': 7775}",LAND SURFACE TEMPERATURE,0.8780211210250854
71,script_187138.txt,Theme,Forest change and temperature analysis in Amazon region,FOREST MENSURATION,0.675319672,PALMER HYDROLOGICAL DROUGHT INDEX,0.998358071,SEDIMENTARY ROCK AGE DETERMINATIONS,0.887952864,FOREST SCIENCE,"{'prompt_tokens': 7772, 'completion_tokens': 4, 'total_tokens': 7776}",FOREST MENSURATION,0.8575817346572876
72,script_187226.txt,Theme,Forest analysis,FOREST MENSURATION,0.777526855,FOREST MANAGEMENT,0.999493241,ENVIRONMENTAL ASSESSMENTS,0.95296073,FOREST SCIENCE,"{'prompt_tokens': 7766, 'completion_tokens': 4, 'total_tokens': 7770}",FOREST MENSURATION,0.9227175712585449
73,script_187248.txt,Theme,Land Surface Temperature Analysis,LAND SURFACE TEMPERATURE,0.790771842,SEA SURFACE TEMPERATURE RECONSTRUCTION,0.999494553,SEA SURFACE TEMPERATURE RECONSTRUCTION,0.941057563,LAND SURFACE TEMPERATURE,"{'prompt_tokens': 7769, 'completion_tokens': 6, 'total_tokens': 7775}",LAND SURFACE TEMPERATURE,0.8780211210250854
74,script_187481.txt,Theme,Flood Mapping using Sentinel-1,FLOODING,0.66830951,ICE-DAMMED LAKES,0.998356342,SEA SURFACE HEIGHT ANOMALY (SSHA),0.895040035,FLOODS,"{'prompt_tokens': 7772, 'completion_tokens': 2, 'total_tokens': 7774}",FLOOD LEVELS,0.8212339878082275
75,script_187523.txt,Theme,Flood Mapping using Sentinel-1 Data,FLOOD FREQUENCY,0.670928657,NATIONAL SANITATION FOUNDATION WATER QUALITY INDEX,0.99844116,Digital Surface Model (DSM),0.840295851,HYDROSPHERE,"{'prompt_tokens': 7773, 'completion_tokens': 5, 'total_tokens': 7778}",FLOOD LEVELS,0.8276583552360535
76,script_187528.txt,Theme,Flood Mapping using Sentinel-1,FLOODING,0.66830951,ICE-DAMMED LAKES,0.998356342,SEA SURFACE HEIGHT ANOMALY (SSHA),0.895040035,FLOODS,"{'prompt_tokens': 7772, 'completion_tokens': 2, 'total_tokens': 7774}",FLOOD LEVELS,0.8212339878082275
77,script_187530.txt,Theme,Flood Mapping and Monitoring,GROUNDWATER MANAGEMENT,0.706281543,FOOD CONTAMINATION AND TOXICOLOGY,0.998776555,FOREST HARVESTING AND ENGINEERING,0.905449927,HYDROLOGY,"{'prompt_tokens': 7769, 'completion_tokens': 4, 'total_tokens': 7773}",FLOOD LEVELS,0.8547534942626953
78,script_187532.txt,Theme,Flood Mapping,FLOODING,0.762731194,FLOOD LEVELS,0.999419034,SHORELINE MAPPING,0.970332444,FLOODS,"{'prompt_tokens': 7767, 'completion_tokens': 2, 'total_tokens': 7769}",FLOOD LEVELS,0.885453999042511
79,script_187533.txt,Theme,Flood Mapping and Monitoring,GROUNDWATER MANAGEMENT,0.706281543,FOOD CONTAMINATION AND TOXICOLOGY,0.998776555,FOREST HARVESTING AND ENGINEERING,0.905449927,HYDROSPHERE,"{'prompt_tokens': 7769, 'completion_tokens': 5, 'total_tokens': 7774}",FLOOD LEVELS,0.8547534942626953
80,script_187534.txt,Theme,Flood Mapping and Monitoring,GROUNDWATER MANAGEMENT,0.706281543,FOOD CONTAMINATION AND TOXICOLOGY,0.998776555,FOREST HARVESTING AND ENGINEERING,0.905449927,HYDROLOGY,"{'prompt_tokens': 7769, 'completion_tokens': 4, 'total_tokens': 7773}",FLOOD LEVELS,0.8547534942626953
81,script_187535.txt,Theme,Flood Mapping and Monitoring,GROUNDWATER MANAGEMENT,0.706281543,FOOD CONTAMINATION AND TOXICOLOGY,0.998776555,FOREST HARVESTING AND ENGINEERING,0.905449927,HYDROLOGY,"{'prompt_tokens': 7769, 'completion_tokens': 4, 'total_tokens': 7773}",FLOOD LEVELS,0.8547534942626953
82,script_187582.txt,Theme,Land cover classification and vegetation index analysis,LAND USE/LAND COVER CLASSIFICATION,0.729021311,FOREST COMPOSITION/VEGETATION STRUCTURE,0.99907589,SEDIMENTARY ROCK AGE DETERMINATIONS,0.902766764,LAND SURFACE/AGRICULTURE INDICATORS,"{'prompt_tokens': 7771, 'completion_tokens': 12, 'total_tokens': 7783}",VEGETATION INDEX,0.891660213470459
83,script_187585.txt,Theme,Vegetation monitoring using MODIS EVI,VEGETATION INDEX,0.640579402,GRAZING DYNAMICS/PLANT HERBIVORY,0.998710394,STORMWATER MANAGEMENT,0.911882818,VEGETATION INDEX,"{'prompt_tokens': 7772, 'completion_tokens': 4, 'total_tokens': 7776}",VEGETATION INDEX,0.8287577629089355
84,script_187586.txt,Theme,Vegetation monitoring using MODIS EVI,VEGETATION INDEX,0.640579402,GRAZING DYNAMICS/PLANT HERBIVORY,0.998710394,STORMWATER MANAGEMENT,0.911882818,VEGETATION INDEX,"{'prompt_tokens': 7772, 'completion_tokens': 4, 'total_tokens': 7776}",VEGETATION INDEX,0.8287577629089355
85,script_187587.txt,Theme,Vegetation monitoring using MODIS EVI,VEGETATION INDEX,0.640579402,GRAZING DYNAMICS/PLANT HERBIVORY,0.998710394,STORMWATER MANAGEMENT,0.911882818,VEGETATION INDEX,"{'prompt_tokens': 7772, 'completion_tokens': 4, 'total_tokens': 7776}",VEGETATION INDEX,0.8287577629089355
86,script_187738.txt,Theme,Crop land classification and object-based analysis,SOIL CLASSIFICATION,0.69269073,LAND SURFACE/AGRICULTURE INDICATORS,0.998779893,FOREST HARVESTING AND ENGINEERING,0.884347796,AGRICULTURAL PLANT SCIENCE,"{'prompt_tokens': 7773, 'completion_tokens': 8, 'total_tokens': 7781}",LAND SURFACE/AGRICULTURE INDICATORS,0.8542695641517639
87,script_187749.txt,Theme,NDVI trend analysis in Beijing,NORMALIZED DIFFERENCE VEGETATION INDEX (NDVI),0.592886388,ENVIRONMENTAL VULNERABILITY INDEX (EVI),0.998849809,GLOBAL DRINKING WATER QUALITY INDEX,0.887028754,VEGETATION,"{'prompt_tokens': 7770, 'completion_tokens': 3, 'total_tokens': 7773}",TEMPERATURE TRENDS,0.7826473116874695
88,script_187888.txt,Theme,Land cover classification and vegetation monitoring,LAND USE/LAND COVER CLASSIFICATION,0.735698462,FOREST COMPOSITION/VEGETATION STRUCTURE,0.999231637,CORAL REEF ASSESSMENT,0.92025888,LAND SURFACE/AGRICULTURE INDICATORS,"{'prompt_tokens': 7770, 'completion_tokens': 12, 'total_tokens': 7782}",LAND SURFACE/AGRICULTURE INDICATORS,0.8811299204826355
89,script_187895.txt,Theme,Land cover classification and BSI analysis,LAND USE/LAND COVER CLASSIFICATION,0.682597995,FOREST COMPOSITION/VEGETATION STRUCTURE,0.998797238,ISOTOPIC ANALYSIS,0.900335014,LAND USE/LAND COVER,"{'prompt_tokens': 7771, 'completion_tokens': 6, 'total_tokens': 7777}",LAND USE/LAND COVER CLASSIFICATION,0.870745062828064
90,script_188011.txt,Theme,Land Surface Temperature Analysis,LAND SURFACE TEMPERATURE,0.790771842,SEA SURFACE TEMPERATURE RECONSTRUCTION,0.999494553,SEA SURFACE TEMPERATURE RECONSTRUCTION,0.941057563,LAND SURFACE TEMPERATURE,"{'prompt_tokens': 7769, 'completion_tokens': 6, 'total_tokens': 7775}",LAND SURFACE TEMPERATURE,0.8780211210250854
91,script_188030.txt,Theme,Land cover analysis of Tehran using Landsat 8 imagery,LAND SURFACE,0.540172815,CIRRUS KELVIN-HELMHOLTZ COLOMBIAH,0.998331249,SEA SURFACE TEMPERATURE RECONSTRUCTION,0.878927946,LAND USE/LAND COVER,"{'prompt_tokens': 7777, 'completion_tokens': 6, 'total_tokens': 7783}",SATELLITE SOIL MOISTURE INDEX,0.8211605548858643
92,script_188052.txt,Theme,Water body extraction and analysis,WATER CHARACTERISTICS,0.69432193,SURFACE WATER CHEMISTRY,0.999031007,SURFACE WATER PROCESSES/MEASUREMENTS,0.928585172,HYDROGRAPHY,"{'prompt_tokens': 7769, 'completion_tokens': 6, 'total_tokens': 7775}",GROUND WATER PROCESSES/MEASUREMENTS,0.8555715084075928
93,script_188147.txt,Theme,Land cover classification and forest monitoring,FOREST MENSURATION,0.740800023,FOREST HARVESTING AND ENGINEERING,0.999043345,FOREST HARVESTING AND ENGINEERING,0.925358415,LAND SURFACE/AGRICULTURE INDICATORS,"{'prompt_tokens': 7770, 'completion_tokens': 12, 'total_tokens': 7782}",FOREST MENSURATION,0.8775249719619751
94,script_188163.txt,Theme,Land cover classification and analysis in Zimbabwe,LAND USE/LAND COVER CLASSIFICATION,0.690386653,ENVIRONMENTAL VULNERABILITY INDEX (EVI),0.997776389,SEDIMENTARY ROCK AGE DETERMINATIONS,0.858310401,LAND USE/LAND COVER,"{'prompt_tokens': 7771, 'completion_tokens': 6, 'total_tokens': 7777}",LAND USE/LAND COVER CLASSIFICATION,0.8481740951538086
95,script_188190.txt,Theme,Land cover classification and forest monitoring in Zimbabwe,FOREST MENSURATION,0.651589692,FOREST COMPOSITION/VEGETATION STRUCTURE,0.997748852,SEDIMENTARY ROCK AGE DETERMINATIONS,0.841354489,LAND SURFACE/AGRICULTURE INDICATORS,"{'prompt_tokens': 7772, 'completion_tokens': 12, 'total_tokens': 7784}",FOREST MENSURATION,0.8402901887893677
96,script_188217.txt,Theme,Land cover classification and urbanization analysis,LAND USE/LAND COVER CLASSIFICATION,0.763807297,URBANIZATION/URBAN SPRAWL,0.99899745,ISOTOPIC ANALYSIS,0.899339855,LAND SURFACE/AGRICULTURE INDICATORS,"{'prompt_tokens': 7771, 'completion_tokens': 12, 'total_tokens': 7783}",LAND USE/LAND COVER CLASSIFICATION,0.8862724900245667
97,script_188221.txt,Theme,Climate analysis of precipitation and evaporation in India,EVAPORATION,0.604095697,CYCLONES (SW INDIAN),0.998104334,METEORITE AGE DETERMINATIONS,0.862865984,HYDROSPHERE,"{'prompt_tokens': 7774, 'completion_tokens': 5, 'total_tokens': 7779}",REGIONAL CLIMATE LEVELS,0.8336809873580933
98,script_188386.txt,Theme,Land cover classification,LAND USE/LAND COVER CLASSIFICATION,0.805195093,LAND USE/LAND COVER CLASSIFICATION,0.999158859,LAND USE CLASSES,0.940996528,LAND USE/LAND COVER,"{'prompt_tokens': 7767, 'completion_tokens': 6, 'total_tokens': 7773}",LAND USE/LAND COVER CLASSIFICATION,0.9255800247192383
99,script_188397.txt,Theme,Wildfire analysis,WILDFIRES,0.622101486,WILDFIRE SUPPRESSION,0.999611914,STREAMFLOW RECONSTRUCTION,0.911830306,NATURAL HAZARDS,"{'prompt_tokens': 7767, 'completion_tokens': 6, 'total_tokens': 7773}",FIRE WEATHER INDEX,0.8649070262908936
100,script_188400.txt,Theme,Air quality analysis using NO2 column number density,AIR QUALITY,0.674201369,WATER-SOLUBLE AEROSOL ORGANIC MASS,0.998871446,WATER VAPOR MIXING RATIO PROFILES,0.930901527,AIR QUALITY,"{'prompt_tokens': 7773, 'completion_tokens': 4, 'total_tokens': 7777}",CLOUD-SCREENED TOTAL COLUMN NITROGEN DIOXIDE (NO2),0.8372224569320679
101,script_188401.txt,Theme,Temperature analysis,AMBIENT TEMPERATURE,0.71937114,TEMPERATURE PROFILES,0.999479115,ENVIRONMENTAL ASSESSMENTS,0.94853729,ATMOSPHERIC TEMPERATURE,"{'prompt_tokens': 7767, 'completion_tokens': 8, 'total_tokens': 7775}",PARTICLE TEMPERATURE,0.8788950443267822
102,script_188412.txt,Theme,Land Surface Temperature (LST) analysis,LAND SURFACE TEMPERATURE,0.718122602,SEA SURFACE HEIGHT ANOMALY (SSHA),0.999162018,GEOMAGNETIC FORECASTS,0.892962039,LAND SURFACE TEMPERATURE,"{'prompt_tokens': 7773, 'completion_tokens': 6, 'total_tokens': 7779}",LAND SURFACE TEMPERATURE,0.8604640960693359
103,script_188413.txt,Theme,Land Surface Temperature (LST) analysis,LAND SURFACE TEMPERATURE,0.718122602,SEA SURFACE HEIGHT ANOMALY (SSHA),0.999162018,GEOMAGNETIC FORECASTS,0.892962039,LAND SURFACE TEMPERATURE,"{'prompt_tokens': 7773, 'completion_tokens': 6, 'total_tokens': 7779}",LAND SURFACE TEMPERATURE,0.8604640960693359
104,script_188414.txt,Theme,Land Surface Temperature Analysis,LAND SURFACE TEMPERATURE,0.790771842,SEA SURFACE TEMPERATURE RECONSTRUCTION,0.999494553,SEA SURFACE TEMPERATURE RECONSTRUCTION,0.941057563,LAND SURFACE TEMPERATURE,"{'prompt_tokens': 7769, 'completion_tokens': 6, 'total_tokens': 7775}",LAND SURFACE TEMPERATURE,0.8780211210250854
105,script_188419.txt,Theme,Land Surface Temperature (LST) analysis,LAND SURFACE TEMPERATURE,0.718122602,SEA SURFACE HEIGHT ANOMALY (SSHA),0.999162018,GEOMAGNETIC FORECASTS,0.892962039,LAND SURFACE TEMPERATURE,"{'prompt_tokens': 7773, 'completion_tokens': 6, 'total_tokens': 7779}",LAND SURFACE TEMPERATURE,0.8604640960693359
106,script_188454.txt,Theme,Cloud probability analysis in East Asia,EASTERN ATLANTIC WESTERN RUSSIA PATTERN,0.543950558,GLOBAL DRINKING WATER QUALITY INDEX,0.998640776,CLOUD DYNAMICS,0.906106114,CLOUDS,"{'prompt_tokens': 7770, 'completion_tokens': 3, 'total_tokens': 7773}",MESOSPHERIC CLOUDS (OBSERVED/ANALYZED),0.8597670793533325
107,script_188455.txt,Theme,Cloud probability analysis in East South Asia,CLOUD DYNAMICS,0.540957928,GLOBAL DRINKING WATER QUALITY INDEX,0.998657823,CLOUD DYNAMICS,0.908296704,CLOUDS,"{'prompt_tokens': 7771, 'completion_tokens': 3, 'total_tokens': 7774}",MESOSPHERIC CLOUDS (OBSERVED/ANALYZED),0.8693912625312805
108,script_188458.txt,Theme,Cloud probability analysis in East South Asia,CLOUD DYNAMICS,0.540957928,GLOBAL DRINKING WATER QUALITY INDEX,0.998657823,CLOUD DYNAMICS,0.908296704,CLOUDS,"{'prompt_tokens': 7771, 'completion_tokens': 3, 'total_tokens': 7774}",MESOSPHERIC CLOUDS (OBSERVED/ANALYZED),0.8693912625312805
109,script_188465.txt,Theme,Land cover classification using Sentinel-2 data,LAND USE/LAND COVER CLASSIFICATION,0.702070594,DIGITAL ELEVATION/TERRAIN MODEL (DEM),0.9986251,Digital Surface Model (DSM),0.887188554,LAND USE/LAND COVER,"{'prompt_tokens': 7773, 'completion_tokens': 6, 'total_tokens': 7779}",LAND USE/LAND COVER CLASSIFICATION,0.8395122289657593
110,script_188502.txt,Theme,Water body area change analysis,WATER CHARACTERISTICS,0.65011543,SURFACE WATER CHEMISTRY,0.999159634,SEA SURFACE TEMPERATURE RECONSTRUCTION,0.942352533,HYDROSPHERE,"{'prompt_tokens': 7769, 'completion_tokens': 5, 'total_tokens': 7774}",SURFACE WATER PROCESSES/MEASUREMENTS,0.8449543118476868
111,script_188506.txt,Theme,Land cover classification and cloud probability analysis,LAND USE/LAND COVER CLASSIFICATION,0.714176178,TORNADO CLIMATOLOGY,0.998897552,ISOTOPIC ANALYSIS,0.91591692,LAND SURFACE/LAND COVER,"{'prompt_tokens': 7771, 'completion_tokens': 7, 'total_tokens': 7778}",MESOSPHERIC CLOUDS (OBSERVED/ANALYZED),0.8845402002334595
112,script_188509.txt,Theme,Climate and precipitation analysis in East South Asia,WEATHER/CLIMATE ADVISORIES,0.572378755,CYCLONES (SW INDIAN),0.998638272,SEDIMENTARY ROCK AGE DETERMINATIONS,0.871520996,CLIMATE INDICATORS,"{'prompt_tokens': 7772, 'completion_tokens': 7, 'total_tokens': 7779}",REGIONAL CLIMATE LEVELS,0.8280636072158813
113,script_188511.txt,Theme,Climate and precipitation analysis in East South Asia,WEATHER/CLIMATE ADVISORIES,0.572378755,CYCLONES (SW INDIAN),0.998638272,SEDIMENTARY ROCK AGE DETERMINATIONS,0.871520996,CLIMATE INDICATORS,"{'prompt_tokens': 7772, 'completion_tokens': 7, 'total_tokens': 7779}",REGIONAL CLIMATE LEVELS,0.8280636072158813
114,script_23533.txt,Theme,Land cover classification and change detection,LAND USE/LAND COVER CLASSIFICATION,0.718016088,LAND USE/LAND COVER CLASSIFICATION,0.99928242,HAZARD MITIGATION/PLANNING,0.898995638,LAND USE/LAND COVER,"{'prompt_tokens': 7770, 'completion_tokens': 6, 'total_tokens': 7776}",LAND SURFACE/AGRICULTURE INDICATORS,0.865398645401001
115,script_28.txt,Theme,Snow cover analysis in Pacific Northwest region,SNOW COVER,0.647862792,OCEAN SALINITY BUDGET,0.998880982,SHORELINE MAPPING,0.909285784,SNOW COVER,"{'prompt_tokens': 7771, 'completion_tokens': 4, 'total_tokens': 7775}",SNOW STRATIGRAPHY,0.8199470043182373
116,script_3043.txt,Theme,Land cover classification and water body detection,LAND USE/LAND COVER CLASSIFICATION,0.704104185,LAND USE/LAND COVER CLASSIFICATION,0.999153197,SURFACE WATER PROCESSES/MEASUREMENTS,0.907194793,LAND USE/LAND COVER,"{'prompt_tokens': 7771, 'completion_tokens': 6, 'total_tokens': 7777}",LAND USE/LAND COVER CLASSIFICATION,0.8623676300048828
117,script_32.txt,Theme,Snow cover analysis using MODIS/VIIRS and Sentinel-1 data,SNOW COVER,0.632527113,WHEEL WEAVERS (CYCLIOPHORANS),0.998687923,TROPOSPHERIC/LOW LEVEL CLOUDS (OBSERVED/ANALYZED),0.870138109,SNOW COVER,"{'prompt_tokens': 7780, 'completion_tokens': 4, 'total_tokens': 7784}",SNOW STRATIGRAPHY,0.8617689609527588
118,script_35538.txt,Theme,Land cover analysis,LAND USE/LAND COVER,0.719114661,VEGETATION COVER,0.999155164,VEGETATION RECONSTRUCTION,0.945315003,LAND USE/LAND COVER,"{'prompt_tokens': 7767, 'completion_tokens': 6, 'total_tokens': 7773}",LAND SURFACE/AGRICULTURE INDICATORS,0.8811202049255371
119,script_35538.txt,Theme,Waterbody extraction,WATER CHARACTERISTICS,0.644286036,TERRESTRIAL WATER STORAGE,0.998959601,TERRESTRIAL WATER STORAGE,0.96255827,HYDROGRAPHY,"{'prompt_tokens': 7767, 'completion_tokens': 6, 'total_tokens': 7773}",WATERSHED DRAINAGE,0.859745979309082
120,script_41838.txt,Theme,Land cover classification,LAND USE/LAND COVER CLASSIFICATION,0.805195093,LAND USE/LAND COVER CLASSIFICATION,0.999158859,LAND USE CLASSES,0.940996528,LAND USE/LAND COVER,"{'prompt_tokens': 7767, 'completion_tokens': 6, 'total_tokens': 7773}",LAND USE/LAND COVER CLASSIFICATION,0.9255800247192383
121,script_42.txt,Theme,Forest cover mapping and classification in Cambodia,FOREST COMPOSITION/VEGETATION STRUCTURE,0.619026542,FOREST HARVESTING AND ENGINEERING,0.998033166,SEDIMENTARY ROCK AGE DETERMINATIONS,0.817585468,VEGETATION,"{'prompt_tokens': 7772, 'completion_tokens': 3, 'total_tokens': 7775}",FOREST MENSURATION,0.843889057636261
122,script_43803.txt,Theme,Land cover analysis in Zhangjiakou region,LAND USE/LAND COVER CLASSIFICATION,0.608053744,SEA SURFACE HEIGHT ANOMALY (SSHA),0.998363972,COORDINATE REFERENCE SYSTEM,0.899630129,LAND USE/LAND COVER,"{'prompt_tokens': 7773, 'completion_tokens': 6, 'total_tokens': 7779}",LAND SURFACE/AGRICULTURE INDICATORS,0.8330613374710083
123,script_43.txt,Theme,Community forest analogue regions identification,FOREST MENSURATION,0.595066011,HABITAT CONVERSION/FRAGMENTATION,0.998870492,LAND USE/LAND COVER CLASSIFICATION,0.912421227,FOREST COMPOSITION/VEGETATION STRUCTURE,"{'prompt_tokens': 7769, 'completion_tokens': 13, 'total_tokens': 7782}",FOREST COMPOSITION/VEGETATION STRUCTURE,0.8311846256256104
124,script_45435.txt,Theme,Vegetation Cover and Leaf Area Index Analysis,VEGETATION COVER,0.684550166,FOREST COMPOSITION/VEGETATION STRUCTURE,0.998983383,METAMORPHIC ROCK AGE DETERMINATIONS,0.876166105,VEGETATION,"{'prompt_tokens': 7772, 'completion_tokens': 3, 'total_tokens': 7775}",VEGETATION INDEX,0.9025847315788269
125,script_48.txt,Theme,Land cover change detection and analysis in Cambodia,LAND USE/LAND COVER CLASSIFICATION,0.60080409,NATIONAL SANITATION FOUNDATION WATER QUALITY INDEX,0.997897744,SEDIMENTARY ROCK AGE DETERMINATIONS,0.858907938,LAND SURFACE/AGRICULTURE INDICATORS,"{'prompt_tokens': 7773, 'completion_tokens': 12, 'total_tokens': 7785}",LAND SURFACE/AGRICULTURE INDICATORS,0.8074016571044922
126,script_49902.txt,Theme,Vegetation health monitoring using satellite indices,VEGETATION INDEX,0.68478024,NATIONAL SANITATION FOUNDATION WATER QUALITY INDEX,0.99895823,TEMPERATURE INDICATORS,0.942660451,VEGETATION,"{'prompt_tokens': 7771, 'completion_tokens': 3, 'total_tokens': 7774}",VEGETATION INDEX,0.8708380460739136
127,script_50.txt,Theme,Forest canopy cover mapping and analysis in Cambodia,FOREST COMPOSITION/VEGETATION STRUCTURE,0.604284704,FOREST HARVESTING AND ENGINEERING,0.997560143,SEDIMENTARY ROCK AGE DETERMINATIONS,0.842088461,VEGETATION COVER,"{'prompt_tokens': 7774, 'completion_tokens': 5, 'total_tokens': 7779}",FOREST MENSURATION,0.8436906337738037
128,script_51624.txt,Theme,Flood monitoring and analysis,FLOOD FREQUENCY,0.703985333,STORMWATER MANAGEMENT,0.998867393,FOREST HARVESTING AND ENGINEERING,0.861917257,HYDROLOGY,"{'prompt_tokens': 7769, 'completion_tokens': 4, 'total_tokens': 7773}",FLOOD LEVELS,0.849592924118042
129,script_52026.txt,Theme,Ozone concentration analysis,OXYGEN ISOTOPE ANALYSIS,0.744370878,OZONE PROFILES,0.999337852,SEA SURFACE TEMPERATURE RECONSTRUCTION,0.934784293,ATMOSPHERIC CHEMISTRY,"{'prompt_tokens': 7768, 'completion_tokens': 10, 'total_tokens': 7778}",OZONE SURFACE,0.8732563257217407
130,script_54980.txt,Theme,Land use/land cover classification,LAND USE/LAND COVER CLASSIFICATION,0.927161455,LAND USE/LAND COVER CLASSIFICATION,1.0,LAND USE/LAND COVER CLASSIFICATION,1.000000238,LAND USE/LAND COVER,"{'prompt_tokens': 7770, 'completion_tokens': 6, 'total_tokens': 7776}",LAND USE/LAND COVER CLASSIFICATION,0.9465926289558411
131,script_59099.txt,Theme,"Landslide zone evaluation in Aldea Las Minas, Santa Rosa",ENVIRONMENTAL ASSESSMENTS,0.505314946,WATER BEARS (TARDIGRADES),0.998233557,SEA SURFACE HEIGHT ANOMALY (SSHA),0.879130363,GEOMORPHIC LANDFORMS/PROCESSES,"{'prompt_tokens': 7777, 'completion_tokens': 13, 'total_tokens': 7790}",SAFFIR-SIMPSON SCALE AT LANDFALL (CATEGORY 2),0.8162482976913452
132,script_62526.txt,Theme,Water area analysis using Sentinel-2 data in Ahmedabad,WATER CHARACTERISTICS,0.588025391,NET ECOSYSTEM CO2 EXCHANGE (NEE),0.998085678,NATIONAL SANITATION FOUNDATION WATER QUALITY INDEX,0.871436179,WATER RESOURCES,"{'prompt_tokens': 7776, 'completion_tokens': 3, 'total_tokens': 7779}",SURFACE WATER PROCESSES/MEASUREMENTS,0.8019481897354126
133,script_65671.txt,Theme,Landsat 5 and 8 median temperature analysis,BOUNDARY LAYER TEMPERATURE,0.612599492,SINKHOLES (DOLINES),0.998705447,TROPOSPHERIC/LOW LEVEL CLOUDS (OBSERVED/ANALYZED),0.889711142,LAND SURFACE TEMPERATURE,"{'prompt_tokens': 7774, 'completion_tokens': 6, 'total_tokens': 7780}",TEMPERATURE TRENDS,0.8300089836120605
134,script_67562.txt,Theme,Land cover classification,LAND USE/LAND COVER CLASSIFICATION,0.805195093,LAND USE/LAND COVER CLASSIFICATION,0.999158859,LAND USE CLASSES,0.940996528,LAND USE/LAND COVER,"{'prompt_tokens': 7767, 'completion_tokens': 6, 'total_tokens': 7773}",LAND USE/LAND COVER CLASSIFICATION,0.9255800247192383
135,script_71184.txt,Theme,Lake water quality monitoring,LAKE LEVELS,0.721970677,SURFACE WATER CHEMISTRY,0.999235034,MARINE ENVIRONMENT MONITORING,0.960439324,WATER QUALITY/WATER CHEMISTRY,"{'prompt_tokens': 7768, 'completion_tokens': 13, 'total_tokens': 7781}",LAKE LEVELS,0.8266569375991821
136,script_72.txt,Theme,Land cover change detection and analysis in Cambodia,LAND USE/LAND COVER CLASSIFICATION,0.60080409,NATIONAL SANITATION FOUNDATION WATER QUALITY INDEX,0.997897744,SEDIMENTARY ROCK AGE DETERMINATIONS,0.858907938,LAND USE/LAND COVER,"{'prompt_tokens': 7773, 'completion_tokens': 6, 'total_tokens': 7779}",LAND SURFACE/AGRICULTURE INDICATORS,0.8074016571044922
137,script_75448.txt,Theme,Lake surface area analysis,LAKE LEVELS,0.654528022,AEROSOL SIZE DISTRIBUTION,0.99904716,SEA SURFACE TEMPERATURE RECONSTRUCTION,0.944703639,TERRESTRIAL HYDROSPHERE,"{'prompt_tokens': 7768, 'completion_tokens': 10, 'total_tokens': 7778}",LAKE LEVELS,0.8289381265640259
138,script_76696.txt,Theme,Arctic treeline project in Russia,ARCTIC OSCILLATION,0.534933269,GLOBAL DRINKING WATER QUALITY INDEX,0.998352528,FOREST MANAGEMENT,0.891301692,VEGETATION,"{'prompt_tokens': 7770, 'completion_tokens': 3, 'total_tokens': 7773}",ARCTIC TUNDRA,0.8349612951278687
139,script_76709.txt,Theme,Water quality analysis using Sentinel-2 imagery,WATER QUALITY,0.680865526,CIRRUS KELVIN-HELMHOLTZ COLOMBIAH,0.998496294,TROPOSPHERIC/LOW LEVEL CLOUDS (OBSERVED/ANALYZED),0.860257745,WATER QUALITY,"{'prompt_tokens': 7774, 'completion_tokens': 5, 'total_tokens': 7779}",WATER QUALITY INDEXES,0.8274352550506592
140,script_76805.txt,Theme,Arctic greening patterns,ARCTIC OSCILLATION,0.57863009,PERCHING BIRDS,0.998920977,LANDSCAPE PATTERNS,0.924122274,VEGETATION COVER,"{'prompt_tokens': 7768, 'completion_tokens': 5, 'total_tokens': 7773}",ARCTIC OSCILLATION,0.8604307174682617
141,script_76839.txt,Theme,Land surface water index and vegetation index analysis,LAND SURFACE/AGRICULTURE INDICATORS,0.703180432,ENVIRONMENTAL VULNERABILITY INDEX (EVI),0.999090314,GEOMAGNETIC FORECASTS,0.906271577,LAND SURFACE/AGRICULTURE INDICATORS,"{'prompt_tokens': 7772, 'completion_tokens': 12, 'total_tokens': 7784}",VEGETATION INDEX,0.8843593001365662
142,script_76840.txt,Theme,Land surface water index and vegetation index analysis,LAND SURFACE/AGRICULTURE INDICATORS,0.703180432,ENVIRONMENTAL VULNERABILITY INDEX (EVI),0.999090314,GEOMAGNETIC FORECASTS,0.906271577,LAND SURFACE/AGRICULTURE INDICATORS,"{'prompt_tokens': 7772, 'completion_tokens': 12, 'total_tokens': 7784}",VEGETATION INDEX,0.8843593001365662
143,script_76841.txt,Theme,Land surface water index and vegetation index analysis,LAND SURFACE/AGRICULTURE INDICATORS,0.703180432,ENVIRONMENTAL VULNERABILITY INDEX (EVI),0.999090314,GEOMAGNETIC FORECASTS,0.906271577,LAND SURFACE/AGRICULTURE INDICATORS,"{'prompt_tokens': 7772, 'completion_tokens': 12, 'total_tokens': 7784}",VEGETATION INDEX,0.8843593001365662
144,script_78663.txt,Theme,Land Cover Classification and Correction,LAND USE/LAND COVER CLASSIFICATION,0.785755873,LAND USE/LAND COVER CLASSIFICATION,0.999287963,FOREST HARVESTING AND ENGINEERING,0.922088981,LAND USE/LAND COVER,"{'prompt_tokens': 7771, 'completion_tokens': 6, 'total_tokens': 7777}",LAND USE/LAND COVER CLASSIFICATION,0.8908320665359497
145,script_78805.txt,Theme,Land cover analysis using Landsat 5 imagery,LAND USE/LAND COVER CLASSIFICATION,0.635942936,AFFORESTATION/REFORESTATION,0.998544812,SOLAR IMAGERY,0.932077765,LAND USE/LAND COVER,"{'prompt_tokens': 7774, 'completion_tokens': 6, 'total_tokens': 7780}",SATELLITE SOIL MOISTURE INDEX,0.8380022048950195
146,script_85061.txt,Theme,Land cover classification in Suriname,LAND USE/LAND COVER CLASSIFICATION,0.671411395,NET ECOSYSTEM CO2 EXCHANGE (NEE),0.997757256,COORDINATE REFERENCE SYSTEM,0.906327963,LAND USE/LAND COVER,"{'prompt_tokens': 7770, 'completion_tokens': 6, 'total_tokens': 7776}",SOIL CLASSIFICATION,0.8621250987052917
147,script_85217.txt,Theme,Land cover classification using Landsat 8 imagery,LAND USE/LAND COVER CLASSIFICATION,0.689390302,LAND USE/LAND COVER CLASSIFICATION,0.998913765,SHORELINE MAPPING,0.929283321,LAND USE/LAND COVER,"{'prompt_tokens': 7774, 'completion_tokens': 6, 'total_tokens': 7780}",LAND USE/LAND COVER CLASSIFICATION,0.8520994782447815
148,script_85219.txt,Theme,Wildfire analysis and monitoring in Chaco region,FOREST MENSURATION,0.584601343,ATLANTIC MULTIDECADAL OSCILLATION LONG VERSION,0.998475671,SEDIMENTARY ROCK AGE DETERMINATIONS,0.852988005,NATURAL HAZARDS,"{'prompt_tokens': 7773, 'completion_tokens': 6, 'total_tokens': 7779}",FIRE WEATHER INDEX,0.8351014852523804
149,script_89887.txt,Theme,Land cover analysis,LAND USE/LAND COVER,0.719114661,VEGETATION COVER,0.999155164,VEGETATION RECONSTRUCTION,0.945315003,LAND USE/LAND COVER,"{'prompt_tokens': 7767, 'completion_tokens': 6, 'total_tokens': 7773}",LAND SURFACE/AGRICULTURE INDICATORS,0.8811202049255371
150,script_89887.txt,Theme,Water masking,WATER MASSES,0.726014256,WATER SPOUT,0.999280393,CHEMICAL WEATHERING,0.938798726,LAND/OCEAN/ICE MASK,"{'prompt_tokens': 7767, 'completion_tokens': 7, 'total_tokens': 7774}",WATER VAPOR PROCESSES,0.8451444506645203
151,script_89887.txt,Theme,Hillshade generation,HORSEHAIR WORMS,0.449067295,NEOTECTONICS,0.998817146,YARDANGS,0.946671486,TOPOGRAPHY,"{'prompt_tokens': 7767, 'completion_tokens': 5, 'total_tokens': 7772}",SOIL HORIZONS/PROFILE,0.8496022820472717
152,script_95721.txt,Theme,Crop monitoring and vegetation analysis,LAND SURFACE/AGRICULTURE INDICATORS,0.684670329,GRAZING DYNAMICS/PLANT HERBIVORY,0.999078155,FOREST HARVESTING AND ENGINEERING,0.890911818,VEGETATION,"{'prompt_tokens': 7770, 'completion_tokens': 3, 'total_tokens': 7773}",LAND SURFACE/AGRICULTURE INDICATORS,0.8444380760192871
153,script_95950.txt,Theme,Vegetation health monitoring using NDVI,NORMALIZED DIFFERENCE VEGETATION INDEX (NDVI),0.749244928,GRAZING DYNAMICS / PLANT ECOLOGY,0.998902738,CORAL REEF ASSESSMENT,0.913262606,VEGETATION,"{'prompt_tokens': 7771, 'completion_tokens': 3, 'total_tokens': 7774}",NORMALIZED DIFFERENCE VEGETATION INDEX (NDVI),0.8906271457672119
154,script_96316.txt,Theme,Land cover classification and vegetation monitoring,LAND USE/LAND COVER CLASSIFICATION,0.735698462,FOREST COMPOSITION/VEGETATION STRUCTURE,0.999231637,CORAL REEF ASSESSMENT,0.92025888,LAND SURFACE/AGRICULTURE INDICATORS,"{'prompt_tokens': 7770, 'completion_tokens': 12, 'total_tokens': 7782}",LAND SURFACE/AGRICULTURE INDICATORS,0.8811299204826355
155,script_96317.txt,Theme,Land cover classification and vegetation index analysis,LAND USE/LAND COVER CLASSIFICATION,0.729021311,FOREST COMPOSITION/VEGETATION STRUCTURE,0.99907589,SEDIMENTARY ROCK AGE DETERMINATIONS,0.902766764,LAND SURFACE/AGRICULTURE INDICATORS,"{'prompt_tokens': 7771, 'completion_tokens': 12, 'total_tokens': 7783}",VEGETATION INDEX,0.891660213470459
156,script_96322.txt,Theme,Land use land cover classification,LAND USE/LAND COVER CLASSIFICATION,0.854563832,LAND USE/LAND COVER CLASSIFICATION,0.999672413,LAND USE/LAND COVER CLASSIFICATION,0.949848294,LAND USE/LAND COVER CLASSIFICATION,"{'prompt_tokens': 7769, 'completion_tokens': 8, 'total_tokens': 7777}",LAND USE/LAND COVER CLASSIFICATION,0.9503189325332642
157,script_96322.txt,Theme,Crop monitoring,AGRICULTURE PRODUCTION,0.691892564,CROP HARVEST DATES,0.999342322,WATER STORAGE,0.941717565,AGRICULTURAL PLANT SCIENCE,"{'prompt_tokens': 7767, 'completion_tokens': 8, 'total_tokens': 7775}",CROP HEIGHT,0.8503955602645874
158,script_96332.txt,Theme,Land cover classification,LAND USE/LAND COVER CLASSIFICATION,0.805195093,LAND USE/LAND COVER CLASSIFICATION,0.999158859,LAND USE CLASSES,0.940996528,LAND USE/LAND COVER,"{'prompt_tokens': 7767, 'completion_tokens': 6, 'total_tokens': 7773}",LAND USE/LAND COVER CLASSIFICATION,0.9255800247192383
159,script_96332.txt,Theme,Water quality monitoring,WATER QUALITY,0.817907095,WATER MANAGEMENT,0.999368072,MARINE ENVIRONMENT MONITORING,0.971746624,WATER QUALITY,"{'prompt_tokens': 7767, 'completion_tokens': 5, 'total_tokens': 7772}",WATER MANAGEMENT,0.8823349475860596
160,script_96361.txt,Theme,"Landsat 5, 7, 8 image processing and analysis",RADAR IMAGERY,0.604602635,TOP OF ATMOSPHERE (TOA) REFLECTANCE,0.998528361,Digital Surface Model (DSM),0.867652297,LAND SURFACE,"{'prompt_tokens': 7778, 'completion_tokens': 3, 'total_tokens': 7781}",SATELLITE SOIL MOISTURE INDEX,0.8135190010070801
161,script_96424.txt,Theme,Lake water surface analysis,LAKE LEVELS,0.696943402,SURFACE WATER CHEMISTRY,0.999358773,OCEAN SALINITY RECONSTRUCTION,0.940573692,HYDROGRAPHY,"{'prompt_tokens': 7768, 'completion_tokens': 6, 'total_tokens': 7774}",LAKE LEVELS,0.8421391248703003
162,script_96426.txt,Theme,Lake water surface area analysis,LAKE LEVELS,0.668185711,SURFACE WATER CHEMISTRY,0.999070108,SEA SURFACE TEMPERATURE RECONSTRUCTION,0.942560315,TERRESTRIAL HYDROSPHERE,"{'prompt_tokens': 7769, 'completion_tokens': 10, 'total_tokens': 7779}",SURFACE WATER PROCESSES/MEASUREMENTS,0.8335254788398743
163,script_96427.txt,Theme,Lake water surface analysis and monitoring,LAKE LEVELS,0.701723158,SURFACE WATER PROCESSES/MEASUREMENTS,0.999081492,SURFACE WATER PROCESSES/MEASUREMENTS,0.926695645,HYDROGRAPHY,"{'prompt_tokens': 7770, 'completion_tokens': 6, 'total_tokens': 7776}",LAKE LEVELS,0.8344486951828003
164,script_96458.txt,Theme,Rice paddy monitoring,FEED PROCESSING,0.566803396,FOREST PLANTATION,0.99872601,STORMWATER MANAGEMENT,0.932219803,AGRICULTURAL PLANT SCIENCE,"{'prompt_tokens': 7768, 'completion_tokens': 8, 'total_tokens': 7776}",LIDAR,0.7946974635124207
165,script_96458.txt,Theme,Urban area detection,URBAN AREAS,0.731151104,OCEAN ACIDIFICATION,0.998956919,URBAN AREAS,0.957057476,HUMAN SETTLEMENTS,"{'prompt_tokens': 7767, 'completion_tokens': 6, 'total_tokens': 7773}",URBAN AREAS,0.8484090566635132
166,script_96458.txt,Theme,Water body detection,WATER DEPTH,0.71968019,GROUND WATER FEATURES,0.999240994,DRAINAGE AMOUNT,0.939013839,HYDROGRAPHY,"{'prompt_tokens': 7767, 'completion_tokens': 6, 'total_tokens': 7773}",WATER VAPOR INDICATORS,0.845334529876709
167,script_96458.txt,Theme,Vegetation monitoring,FOREST MENSURATION,0.762295067,VEGETATION COVER,0.999266684,MARINE ENVIRONMENT MONITORING,0.967963696,VEGETATION,"{'prompt_tokens': 7767, 'completion_tokens': 3, 'total_tokens': 7770}",VEGETATION INDEX,0.884047269821167
168,script_96459.txt,Theme,Land use classification and urbanization analysis,LAND USE/LAND COVER CLASSIFICATION,0.773402214,URBANIZATION/URBAN SPRAWL,0.998757839,ISOTOPIC ANALYSIS,0.897753477,LAND USE/LAND COVER,"{'prompt_tokens': 7771, 'completion_tokens': 6, 'total_tokens': 7777}",LAND USE/LAND COVER CLASSIFICATION,0.8925914168357849
169,script_96519.txt,Theme,Flood analysis,FLOODING,0.683571339,FLOOD FREQUENCY,0.999514222,ENVIRONMENTAL ASSESSMENTS,0.957334101,HYDROLOGY,"{'prompt_tokens': 7767, 'completion_tokens': 4, 'total_tokens': 7771}",FLOOD LEVELS,0.8779727220535278
170,script_96519.txt,Theme,Earthquake analysis,EARTHQUAKE PREDICTIONS,0.717237234,EARTHQUAKE PREDICTIONS,0.99931556,ENVIRONMENTAL ASSESSMENTS,0.939442873,EARTHQUAKES,"{'prompt_tokens': 7767, 'completion_tokens': 5, 'total_tokens': 7772}",EARTHQUAKE OCCURRENCES,0.8954417705535889
171,script_96519.txt,Theme,Land use analysis,LAND USE/LAND COVER CLASSIFICATION,0.746393025,LAND USE CLASSES,0.999284267,ENVIRONMENTAL ASSESSMENTS,0.95244658,LAND USE/LAND COVER,"{'prompt_tokens': 7767, 'completion_tokens': 6, 'total_tokens': 7773}",LAND USE/LAND COVER CLASSIFICATION,0.8865786790847778
172,script_96519.txt,Theme,Fire analysis,FIRE MODELS,0.675780535,FIRE MANAGEMENT,0.999625087,FIRE DYNAMICS,0.951465011,FIRE ECOLOGY,"{'prompt_tokens': 7766, 'completion_tokens': 5, 'total_tokens': 7771}",FIRE WEATHER INDEX,0.8800660967826843
173,script_96537.txt,Theme,Land cover classification and geomedian analysis,LAND USE/LAND COVER CLASSIFICATION,0.696285129,EL NINO SOUTHERN OSCILLATION (ENSO),0.998908103,GEOMAGNETIC FORECASTS,0.906880975,LAND USE/LAND COVER,"{'prompt_tokens': 7772, 'completion_tokens': 6, 'total_tokens': 7778}",LAND USE/LAND COVER CLASSIFICATION,0.8801997900009155
174,script_96538.txt,Theme,Panteon characterization using Sentinel-2 data,SENSOR CHARACTERISTICS,0.569967151,NON-REFRACTORY AEROSOL ORGANIC MASS,0.99861598,STRATOSPHERIC CLOUDS (OBSERVED/ANALYZED),0.85072428,LAND SURFACE,"{'prompt_tokens': 7775, 'completion_tokens': 3, 'total_tokens': 7778}",SAFFIR-SIMPSON SCALE AT LANDFALL (CATEGORY 2),0.7824944257736206
175,script_96558.txt,Theme,Climate and vegetation analysis in Hungary,FOREST COMPOSITION/VEGETATION STRUCTURE,0.59189117,CYCLONES (SW INDIAN),0.998292506,SEDIMENTARY ROCK AGE DETERMINATIONS,0.847293437,VEGETATION,"{'prompt_tokens': 7770, 'completion_tokens': 3, 'total_tokens': 7773}",VEGETATION INDEX,0.8225187659263611
176,script_96578.txt,Theme,Wildfire analysis in Tasmania,FOREST FIRE SCIENCE,0.573156476,NET ECOSYSTEM CO2 EXCHANGE (NEE),0.998039365,FOREST FIRE DANGER INDEX,0.909913898,NATURAL HAZARDS,"{'prompt_tokens': 7770, 'completion_tokens': 6, 'total_tokens': 7776}",FIRE WEATHER INDEX,0.8360762596130371
177,script_96593.txt,Theme,Locust damage assessment using remote sensing,FOREST MENSURATION,0.524586082,APPARENT SURFACE REFLECTIVITY,0.998868585,SOIL INFILTRATION,0.909711242,AGRICULTURAL PLANT SCIENCE,"{'prompt_tokens': 7771, 'completion_tokens': 8, 'total_tokens': 7779}",RADAR CROSS-SECTION,0.7902066707611084
178,script_96611.txt,Theme,Landsat 8 image compositing and NDVI analysis,RADAR IMAGERY,0.548461795,EL NINO SOUTHERN OSCILLATION (ENSO),0.998905241,Digital Surface Model (DSM),0.875555277,LAND SURFACE,"{'prompt_tokens': 7775, 'completion_tokens': 3, 'total_tokens': 7778}",Digital Surface Model (DSM),0.7946803569793701
179,script_97207.txt,Theme,Wildfire analysis and classification,FIRE MODELS,0.616199493,WILDFIRE SUPPRESSION,0.99892664,HAZARD MITIGATION/PLANNING,0.870732427,NATURAL HAZARDS,"{'prompt_tokens': 7769, 'completion_tokens': 6, 'total_tokens': 7775}",FIRE WEATHER INDEX,0.8703407645225525
180,script_97208.txt,Theme,Wildfire analysis and classification,FIRE MODELS,0.616199493,WILDFIRE SUPPRESSION,0.99892664,HAZARD MITIGATION/PLANNING,0.870732427,NATURAL HAZARDS,"{'prompt_tokens': 7769, 'completion_tokens': 6, 'total_tokens': 7775}",FIRE WEATHER INDEX,0.8703407645225525
181,script_97209.txt,Theme,Wildfire analysis and classification,FIRE MODELS,0.616199493,WILDFIRE SUPPRESSION,0.99892664,HAZARD MITIGATION/PLANNING,0.870732427,NATURAL HAZARDS,"{'prompt_tokens': 7769, 'completion_tokens': 6, 'total_tokens': 7775}",FIRE WEATHER INDEX,0.8703407645225525
182,script_97210.txt,Theme,Wildfire analysis and classification,FIRE MODELS,0.616199493,WILDFIRE SUPPRESSION,0.99892664,HAZARD MITIGATION/PLANNING,0.870732427,NATURAL HAZARDS,"{'prompt_tokens': 7769, 'completion_tokens': 6, 'total_tokens': 7775}",FIRE WEATHER INDEX,0.8703407645225525
183,script_97211.txt,Theme,Wildfire analysis and classification,FIRE MODELS,0.616199493,WILDFIRE SUPPRESSION,0.99892664,HAZARD MITIGATION/PLANNING,0.870732427,NATURAL HAZARDS,"{'prompt_tokens': 7769, 'completion_tokens': 6, 'total_tokens': 7775}",FIRE WEATHER INDEX,0.8703407645225525
184,script_97212.txt,Theme,Wildfire analysis and classification,FIRE MODELS,0.616199493,WILDFIRE SUPPRESSION,0.99892664,HAZARD MITIGATION/PLANNING,0.870732427,NATURAL HAZARDS,"{'prompt_tokens': 7769, 'completion_tokens': 6, 'total_tokens': 7775}",FIRE WEATHER INDEX,0.8703407645225525
185,script_97250.txt,Theme,Night Light Statistics by Landcover in India,LAND USE/LAND COVER CLASSIFICATION,0.551572382,HARMFUL ALGAL BLOOM (HABs),0.998452067,COORDINATE REFERENCE SYSTEM,0.894605815,LAND SURFACE,"{'prompt_tokens': 7772, 'completion_tokens': 3, 'total_tokens': 7775}",VEGETATION INDEX,0.8088123798370361
186,script_97292.txt,Theme,Land cover classification and object-based image analysis,LAND USE/LAND COVER CLASSIFICATION,0.69483912,LAND USE/LAND COVER CLASSIFICATION,0.99879849,GEOMAGNETIC FORECASTS,0.879238725,LAND USE/LAND COVER,"{'prompt_tokens': 7773, 'completion_tokens': 6, 'total_tokens': 7779}",LAND USE/LAND COVER CLASSIFICATION,0.8586717844009399
187,script_97295.txt,Theme,Land Use Land Cover (LULC) classification,LAND USE/LAND COVER CLASSIFICATION,0.813597798,LAND USE/LAND COVER CLASSIFICATION,0.999153852,LAND USE/LAND COVER CLASSIFICATION,0.941195369,LAND USE/LAND COVER,"{'prompt_tokens': 7774, 'completion_tokens': 6, 'total_tokens': 7780}",LAND USE/LAND COVER CLASSIFICATION,0.9221802949905396
188,script_97367.txt,Theme,Land cover analysis in Colombia,LAND USE/LAND COVER CLASSIFICATION,0.616950512,PALMER DROUGHT CROP MOISTURE INDEX,0.997995734,CORAL REEF ASSESSMENT,0.887565494,LAND USE/LAND COVER,"{'prompt_tokens': 7769, 'completion_tokens': 6, 'total_tokens': 7775}",LAND USE/LAND COVER,0.8312869071960449
189,script_97371.txt,Theme,Agricultural crop monitoring and analysis,AGRICULTURE PRODUCTION,0.729417562,CARBON CAPTURE AND STORAGE,0.998793125,FOREST HARVESTING AND ENGINEERING,0.915908337,AGRICULTURAL PLANT SCIENCE,"{'prompt_tokens': 7770, 'completion_tokens': 8, 'total_tokens': 7778}",AGRICULTURE PRODUCTION,0.8356919288635254
190,script_97430.txt,Theme,Land cover classification,LAND USE/LAND COVER CLASSIFICATION,0.805195093,LAND USE/LAND COVER CLASSIFICATION,0.999158859,LAND USE CLASSES,0.940996528,LAND USE/LAND COVER,"{'prompt_tokens': 7767, 'completion_tokens': 6, 'total_tokens': 7773}",LAND USE/LAND COVER CLASSIFICATION,0.9255800247192383
191,script_97430.txt,Theme,Vegetation analysis,VEGETATION,0.712356329,VEGETATION RECONSTRUCTION,0.999534249,VEGETATION RECONSTRUCTION,0.953329861,VEGETATION,"{'prompt_tokens': 7767, 'completion_tokens': 3, 'total_tokens': 7770}",VEGETATION INDEX,0.9112643003463745
192,script_97431.txt,Theme,Water body analysis in Chad,WATER CHARACTERISTICS,0.612199128,SATELLITE SOIL MOISTURE INDEX,0.998423338,WATER MANAGEMENT,0.923844218,HYDROGRAPHY,"{'prompt_tokens': 7769, 'completion_tokens': 6, 'total_tokens': 7775}",GROUND WATER PROCESSES/MEASUREMENTS,0.8061709403991699
193,script_97446.txt,Theme,Land cover analysis in Kalimantan region,LAND USE/LAND COVER CLASSIFICATION,0.614225745,HARMFUL ALGAL BLOOM (HABs),0.998172402,AEROSOL SIZE DISTRIBUTION,0.890237629,LAND USE/LAND COVER,"{'prompt_tokens': 7770, 'completion_tokens': 6, 'total_tokens': 7776}",LAND SURFACE/AGRICULTURE INDICATORS,0.8324637413024902
194,script_97475.txt,Theme,Land cover classification and analysis using Sentinel-2 imagery,LAND USE/LAND COVER CLASSIFICATION,0.698471367,DIGITAL ELEVATION/TERRAIN MODEL (DEM),0.9988814,MICROWAVE IMAGERY,0.886888683,LAND USE/LAND COVER,"{'prompt_tokens': 7776, 'completion_tokens': 6, 'total_tokens': 7782}",LAND USE/LAND COVER CLASSIFICATION,0.8394713401794434
195,script_97477.txt,Theme,Water quality analysis of Oneida Lake,WATER QUALITY,0.617673457,LIQUID WATER EQUIVALENT THICKNESS (LWET),0.998696864,WATER QUALITY INDEXES,0.897516251,WATER QUALITY/WATER CHEMISTRY,"{'prompt_tokens': 7771, 'completion_tokens': 13, 'total_tokens': 7784}",WATER QUALITY INDEXES,0.8455043435096741
196,script_97479.txt,Theme,Landsat 8 Surface Reflectance Analysis,APPARENT SURFACE REFLECTIVITY,0.664288878,AFFORESTATION/REFORESTATION,0.999028265,SOLAR RADIATION MANAGEMENT,0.921716928,LAND SURFACE,"{'prompt_tokens': 7773, 'completion_tokens': 3, 'total_tokens': 7776}",SATELLITE SOIL MOISTURE INDEX,0.8178011178970337
197,script_97507.txt,Theme,Tracking Crop Greenness in Merced County,VEGETATION,0.611555398,CIRRUS KELVIN-HELMHOLTZ COLOMBIAH,0.998341858,ENVIRONMENTAL SUSTAINABILITY,0.876606584,AGRICULTURAL PLANT SCIENCE,"{'prompt_tokens': 7774, 'completion_tokens': 8, 'total_tokens': 7782}",CROP HARVEST DATES,0.8168643116950989
198,script_97508.txt,Theme,Tracking Crop Greenness in Merced County,VEGETATION,0.611555398,CIRRUS KELVIN-HELMHOLTZ COLOMBIAH,0.998341858,ENVIRONMENTAL SUSTAINABILITY,0.876606584,AGRICULTURAL PLANT SCIENCE,"{'prompt_tokens': 7774, 'completion_tokens': 8, 'total_tokens': 7782}",CROP HARVEST DATES,0.8168643116950989
199,script_97509.txt,Theme,Burn Severity of Mendocino Complex Fire,TORNADO DENSITY,0.549666762,SURFACE RADIATIVE PROPERTIES,0.998678505,BURNED AREA,0.914904475,WILDFIRES,"{'prompt_tokens': 7774, 'completion_tokens': 4, 'total_tokens': 7778}",BURNED AREA,0.8342655897140503
200,script_97510.txt,Theme,Burn Severity Analysis of Mendocino Complex Fire,TOXICITY LEVELS,0.551405191,NON-REFRACTORY AEROSOL ORGANIC MASS,0.998596668,OCEAN SALINITY RECONSTRUCTION,0.882581174,WILDFIRES,"{'prompt_tokens': 7775, 'completion_tokens': 4, 'total_tokens': 7779}",FIRE WEATHER INDEX,0.8346884846687317
201,script_97512.txt,Theme,Burn severity analysis of Medocino Complex Fire,VOLCANO MAGNITUDE/INTENSITY,0.537986517,NON-REFRACTORY AEROSOL ORGANIC MASS,0.998596907,FOREST FIRE DANGER INDEX,0.88528198,WILDFIRES,"{'prompt_tokens': 7773, 'completion_tokens': 4, 'total_tokens': 7777}",FIRE WEATHER INDEX,0.8578165769577026
202,script_97538.txt,Theme,Land cover analysis using Landsat 8 imagery,LAND USE/LAND COVER CLASSIFICATION,0.627809465,AFFORESTATION/REFORESTATION,0.998683691,SOLAR IMAGERY,0.930664063,LAND USE/LAND COVER,"{'prompt_tokens': 7774, 'completion_tokens': 6, 'total_tokens': 7780}",LAND SURFACE/AGRICULTURE INDICATORS,0.829707145690918
203,script_97539.txt,Theme,Land cover analysis using Landsat 8 imagery,LAND USE/LAND COVER CLASSIFICATION,0.627809465,AFFORESTATION/REFORESTATION,0.998683691,SOLAR IMAGERY,0.930664063,LAND USE/LAND COVER,"{'prompt_tokens': 7774, 'completion_tokens': 6, 'total_tokens': 7780}",LAND SURFACE/AGRICULTURE INDICATORS,0.829707145690918
204,script_97582.txt,Theme,Wildfire monitoring and analysis,FOREST MENSURATION,0.682830036,WILDFIRE SUPPRESSION,0.999107838,GEOMAGNETIC FORECASTS,0.850572765,NATURAL HAZARDS,"{'prompt_tokens': 7769, 'completion_tokens': 6, 'total_tokens': 7775}",FIRE MANAGEMENT,0.8633757829666138
205,script_97609.txt,Theme,Drought monitoring and seasonal rainfall analysis,DROUGHT FREQUENCY,0.628616691,TOTAL SURFACE PRECIPITATION RATE,0.998978674,GEOMAGNETIC FORECASTS,0.896615028,ATMOSPHERIC WATER VAPOR,"{'prompt_tokens': 7772, 'completion_tokens': 10, 'total_tokens': 7782}",DROUGHT DURATION,0.8576194643974304
206,script_97610.txt,Theme,Climate Analysis,CLIMATE WARMING,0.699525356,CLIMATE INDICATORS,0.999454081,ISOTOPIC ANALYSIS,0.917504787,CLIMATE INDICATORS,"{'prompt_tokens': 7766, 'completion_tokens': 7, 'total_tokens': 7773}",CONVECTIVE CLOUDS/SYSTEMS (OBSERVED/ANALYZED),0.8746428489685059
207,script_97651.txt,Theme,Landsat 7 image processing for cloud masking and export,LAND/OCEAN/ICE MASK,0.551924348,AFFORESTATION/REFORESTATION,0.998740315,Digital Surface Model (DSM),0.848443747,REMOTE SENSING,"{'prompt_tokens': 7776, 'completion_tokens': 4, 'total_tokens': 7780}",CLOUD PROPERTIES,0.8330777883529663
208,script_97683.txt,Theme,Satellite Imagery Analysis,RADAR IMAGERY,0.720882297,OXYGEN ISOTOPE ANALYSIS,0.999036849,MICROWAVE IMAGERY,0.934002638,LAND SURFACE,"{'prompt_tokens': 7770, 'completion_tokens': 3, 'total_tokens': 7773}",SATELLITE SOIL MOISTURE INDEX,0.8302640914916992
209,script_97683.txt,Theme,Remote Sensing,RADIATIONAL DIVERGENCE,0.655803442,SALTATION,0.999120474,REFLECTED INFRARED,0.966790795,EARTH SCIENCE,"{'prompt_tokens': 7767, 'completion_tokens': 4, 'total_tokens': 7771}",RADAR,0.8755226135253906
210,script_97683.txt,Theme,Earth Observation,Earth Science,0.800637364,Earth Science,0.99955368,Earth Science,0.943048239,EARTH SCIENCE,"{'prompt_tokens': 7767, 'completion_tokens': 4, 'total_tokens': 7771}",Earth Science,0.8794617056846619
211,script_97700.txt,Theme,Vegetation Index Analysis,VEGETATION INDEX,0.792009592,VEGETATION INDEX,0.999379277,VEGETATION RECONSTRUCTION,0.934777856,VEGETATION INDEX,"{'prompt_tokens': 7768, 'completion_tokens': 4, 'total_tokens': 7772}",VEGETATION INDEX,0.9318158626556396
212,script_97700.txt,Theme,SAR Image Analysis,RADAR IMAGERY,0.721376359,ISOTOPIC ANALYSIS,0.999024868,ISOTOPIC ANALYSIS,0.950969815,REMOTE SENSING,"{'prompt_tokens': 7768, 'completion_tokens': 4, 'total_tokens': 7772}",RADAR IMAGERY,0.8647143244743347
213,script_97704.txt,Theme,Topographic analysis of global DEMs,DIGITAL ELEVATION/TERRAIN MODEL (DEM),0.647926569,DIGITAL ELEVATION/TERRAIN MODEL (DEM),0.998740435,SEDIMENTARY ROCK AGE DETERMINATIONS,0.863498688,TOPOGRAPHY,"{'prompt_tokens': 7772, 'completion_tokens': 5, 'total_tokens': 7777}",Digital Surface Model (DSM),0.8390551805496216
214,script_97718.txt,Theme,Vegetation health monitoring using NDVI and MSI indices,NORMALIZED DIFFERENCE VEGETATION INDEX (NDVI),0.715051055,NORMALIZED DIFFERENCE VEGETATION INDEX (NDVI),0.998686314,NORMALIZED DIFFERENCE VEGETATION INDEX (NDVI),0.915180802,VEGETATION,"{'prompt_tokens': 7774, 'completion_tokens': 3, 'total_tokens': 7777}",NORMALIZED DIFFERENCE VEGETATION INDEX (NDVI),0.8824588656425476
215,script_97724.txt,Theme,Chinese Privet monitoring and NDVI analysis,NORMALIZED DIFFERENCE VEGETATION INDEX (NDVI),0.548135281,GRAZING DYNAMICS/PLANT HERBIVORY,0.998526871,OXYGEN ISOTOPE ANALYSIS,0.87107718,VEGETATION,"{'prompt_tokens': 7772, 'completion_tokens': 3, 'total_tokens': 7775}",NORMALIZED DIFFERENCE VEGETATION INDEX (NDVI),0.793615460395813
216,script_97954.txt,Theme,Land cover classification and land change detection in the Bahamas,LAND USE/LAND COVER CLASSIFICATION,0.660752416,NET ECOSYSTEM CO2 EXCHANGE (NEE),0.997839272,LAND SURFACE FEEDBACKS,0.877093434,LAND USE/LAND COVER,"{'prompt_tokens': 7775, 'completion_tokens': 6, 'total_tokens': 7781}",LAND SURFACE/AGRICULTURE INDICATORS,0.8033342361450195
217,script_97974.txt,Theme,Land cover classification and change detection in Grenada,LAND USE/LAND COVER CLASSIFICATION,0.638805985,PALMER HYDROLOGICAL DROUGHT INDEX,0.997849643,SEDIMENTARY ROCK AGE DETERMINATIONS,0.856985331,LAND USE/LAND COVER,"{'prompt_tokens': 7773, 'completion_tokens': 6, 'total_tokens': 7779}",LAND SURFACE/AGRICULTURE INDICATORS,0.8264592885971069
218,script_97988.txt,Theme,Land cover classification and forest area analysis in Belize,LAND USE/LAND COVER CLASSIFICATION,0.637301028,SEDIMENTARY ROCK PHYSICAL/OPTICAL PROPERTIES,0.997736931,SEDIMENTARY ROCK AGE DETERMINATIONS,0.855769753,LAND SURFACE/AGRICULTURE INDICATORS,"{'prompt_tokens': 7774, 'completion_tokens': 12, 'total_tokens': 7786}",FOREST COMPOSITION/VEGETATION STRUCTURE,0.8315703868865967
219,script_97991.txt,Theme,Land cover classification and analysis of Trinidad and Tobago,LAND USE/LAND COVER CLASSIFICATION,0.686196089,Digital Surface Model (DSM),0.998046637,SEDIMENTARY ROCK AGE DETERMINATIONS,0.88313216,LAND USE/LAND COVER,"{'prompt_tokens': 7775, 'completion_tokens': 6, 'total_tokens': 7781}",LAND USE/LAND COVER CLASSIFICATION,0.857065737247467
220,script_98003.txt,Theme,Land cover analysis in Central America,LAND USE/LAND COVER CLASSIFICATION,0.626246929,SATELLITE SOIL MOISTURE INDEX,0.99845016,GRAZING DYNAMICS / PLANT ECOLOGY,0.901523352,LAND USE/LAND COVER,"{'prompt_tokens': 7770, 'completion_tokens': 6, 'total_tokens': 7776}",LAND SURFACE/AGRICULTURE INDICATORS,0.8036966323852539
221,script_98169.txt,Theme,Vegetation monitoring using NDVI in Wisconsin,NORMALIZED DIFFERENCE VEGETATION INDEX (NDVI),0.67851156,FOREST COMPOSITION/VEGETATION STRUCTURE,0.998317242,SOIL COMPACTION,0.908276856,VEGETATION,"{'prompt_tokens': 7772, 'completion_tokens': 3, 'total_tokens': 7775}",NORMALIZED DIFFERENCE VEGETATION INDEX (NDVI),0.8474539518356323
222,script_98257.txt,Theme,Flood monitoring and analysis,FLOOD FREQUENCY,0.703985333,STORMWATER MANAGEMENT,0.998867393,FOREST HARVESTING AND ENGINEERING,0.861917257,HYDROLOGY,"{'prompt_tokens': 7769, 'completion_tokens': 4, 'total_tokens': 7773}",FLOOD LEVELS,0.849592924118042
223,script_98258.txt,Theme,Flood monitoring and analysis,FLOOD FREQUENCY,0.703985333,STORMWATER MANAGEMENT,0.998867393,FOREST HARVESTING AND ENGINEERING,0.861917257,HYDROLOGY,"{'prompt_tokens': 7769, 'completion_tokens': 4, 'total_tokens': 7773}",FLOOD LEVELS,0.849592924118042
224,script_98259.txt,Theme,"Flood monitoring and water detection in Hue, Vietnam",FLOOD LEVELS,0.601630926,NATIONAL SANITATION FOUNDATION WATER QUALITY INDEX,0.998498678,MARINE DEBRIS REMOVAL,0.83242178,HYDROSPHERE,"{'prompt_tokens': 7775, 'completion_tokens': 5, 'total_tokens': 7780}",FLOOD LEVELS,0.813265323638916
225,script_98260.txt,Theme,Flood analysis and water detection,HYDROGRAPHY,0.682618618,FEED CONTAMINATION AND TOXICOLOGY,0.99919188,GEOMAGNETIC FORECASTS,0.846250772,HYDROSPHERE,"{'prompt_tokens': 7770, 'completion_tokens': 5, 'total_tokens': 7775}",FLOOD LEVELS,0.8483942747116089
226,script_98261.txt,Theme,Flood extent analysis,INUNDATION AMOUNT,0.652186453,STREAMFLOW RECONSTRUCTION,0.999095738,ENVIRONMENTAL ASSESSMENTS,0.931534648,FRESHWATER RUNOFF,"{'prompt_tokens': 7768, 'completion_tokens': 6, 'total_tokens': 7774}",FLOOD LEVELS,0.8886827230453491
227,script_98262.txt,Theme,Flood extent analysis and mapping,HYDROGRAPHY,0.634059429,STREAMFLOW RECONSTRUCTION,0.998898685,FOREST HARVESTING AND ENGINEERING,0.894725442,HYDROSPHERE,"{'prompt_tokens': 7770, 'completion_tokens': 5, 'total_tokens': 7775}",FLOOD LEVELS,0.8658657670021057
228,script_98263.txt,Theme,Flood monitoring and analysis,FLOOD FREQUENCY,0.703985333,STORMWATER MANAGEMENT,0.998867393,FOREST HARVESTING AND ENGINEERING,0.861917257,HYDROLOGY,"{'prompt_tokens': 7769, 'completion_tokens': 4, 'total_tokens': 7773}",FLOOD LEVELS,0.849592924118042
229,script_98266.txt,Theme,Flood monitoring and mapping,FLOODING,0.704424024,CARBON CAPTURE AND STORAGE,0.998761356,FOREST HARVESTING AND ENGINEERING,0.911392212,HYDROLOGY,"{'prompt_tokens': 7769, 'completion_tokens': 4, 'total_tokens': 7773}",FLOOD LEVELS,0.8502534627914429
230,script_98267.txt,Theme,Flood extent analysis using Sentinel-1 data,FLOOD FREQUENCY,0.653787136,NON-REFRACTORY AEROSOL ORGANIC MASS,0.998422205,GEOMAGNETIC FORECASTS,0.824575305,FRESHWATER RUNOFF,"{'prompt_tokens': 7774, 'completion_tokens': 6, 'total_tokens': 7780}",FLOOD LEVELS,0.8346642255783081
231,script_98275.txt,Theme,Flood monitoring and analysis,FLOOD FREQUENCY,0.703985333,STORMWATER MANAGEMENT,0.998867393,FOREST HARVESTING AND ENGINEERING,0.861917257,HYDROLOGY,"{'prompt_tokens': 7769, 'completion_tokens': 4, 'total_tokens': 7773}",FLOOD LEVELS,0.849592924118042
232,script_98287.txt,Theme,Vegetation monitoring using Sentinel-2 imagery,FOREST MENSURATION,0.653159618,NON-METALLIC MINERAL VERTICAL/GEOGRAPHIC DISTRIBUTION,0.998615861,RADAR CROSS-SECTION,0.873199105,VEGETATION,"{'prompt_tokens': 7774, 'completion_tokens': 3, 'total_tokens': 7777}",VEGETATION INDEX,0.847617506980896
233,script_98289.txt,Theme,Landsat 8 Surface Reflectance Analysis,APPARENT SURFACE REFLECTIVITY,0.664288878,AFFORESTATION/REFORESTATION,0.999028265,SOLAR RADIATION MANAGEMENT,0.921716928,LAND SURFACE,"{'prompt_tokens': 7773, 'completion_tokens': 3, 'total_tokens': 7776}",SATELLITE SOIL MOISTURE INDEX,0.8178011178970337
234,script_98290.txt,Theme,Land cover classification,LAND USE/LAND COVER CLASSIFICATION,0.805195093,LAND USE/LAND COVER CLASSIFICATION,0.999158859,LAND USE CLASSES,0.940996528,LAND USE/LAND COVER,"{'prompt_tokens': 7767, 'completion_tokens': 6, 'total_tokens': 7773}",LAND USE/LAND COVER CLASSIFICATION,0.9255800247192383
