Script_ID,Concept_4,Concept_35,Similarity
script_102957.txt,LAND USE/LAND COVER CLASSIFICATION,LAND USE/LAND COVER CLASSIFICATION,1.0
script_10376.txt,LAND SURFACE,APPARENT SURFACE REFLECTIVITY,0.0
script_10376.txt,SATELLITE SOIL MOISTURE INDEX,Earth Science,0.0
script_103827.txt,FLOOD FREQUENCY,FLOOD FREQUENCY,1.0
script_103827.txt,FLOOD LEVELS,Earth Science,0.0
script_10828.txt,VEGETATION INDEX,VEGETATION INDEX,1.0
script_118175.txt,LAND USE/LAND COVER CLASSIFICATION,LAND USE/LAND COVER CLASSIFICATION,1.0
script_118175.txt,VEGETATION INDEX,Earth Science,0.0
script_119133.txt,FIRE WEATHER INDEX,FIRE WEATHER INDEX,1.0
script_11983.txt,VEGETATION INDEX,VEGETATION INDEX,1.0
script_11983.txt,NORMALIZED DIFFERENCE VEGETATION INDEX (NDVI),Earth Science,0.0
script_120271.txt,NORMALIZED DIFFERENCE VEGETATION INDEX (NDVI),NORMALIZED DIFFERENCE VEGETATION INDEX (NDVI),1.0
script_120557.txt,LAND USE/LAND COVER CLASSIFICATION,LAND USE/LAND COVER CLASSIFICATION,1.0
script_144864.txt,LAND USE/LAND COVER CLASSIFICATION,LAND USE/LAND COVER CLASSIFICATION,1.0
script_146128.txt,LAND USE/LAND COVER CLASSIFICATION,LAND USE/LAND COVER CLASSIFICATION,1.0
script_15043.txt,LAND USE/LAND COVER CLASSIFICATION,LAND USE/LAND COVER CLASSIFICATION,1.0
script_155017.txt,LAND SURFACE TEMPERATURE,LAND SURFACE TEMPERATURE,1.0
script_165234.txt,COUNTRY BOUNDARIES,COUNTRY BOUNDARIES,1.0
script_165234.txt,VEGETATION INDEX,SURFACE MOISTURE INDEX,0.0
script_173652.txt,LAND USE/LAND COVER CLASSIFICATION,LAND USE/LAND COVER CLASSIFICATION,1.0
script_173652.txt,LAND SURFACE/AGRICULTURE INDICATORS,Earth Science,0.0
script_173652.txt,LAND USE/LAND COVER,Earth Science,0.0
script_174474.txt,SATELLITE SOIL MOISTURE INDEX,LAND USE/LAND COVER CLASSIFICATION,0.0
script_174747.txt,LAND SURFACE TEMPERATURE,LAND SURFACE TEMPERATURE,1.0
script_179626.txt,LAND SURFACE TEMPERATURE,LAND SURFACE TEMPERATURE,1.0
script_186294.txt,LAND USE/LAND COVER CLASSIFICATION,LAND USE/LAND COVER CLASSIFICATION,1.0
script_186294.txt,NORMALIZED DIFFERENCE VEGETATION INDEX (NDVI),Earth Science,0.0
script_186319.txt,FOREST MENSURATION,FOREST MENSURATION,1.0
script_186320.txt,FOREST MENSURATION,FOREST MENSURATION,1.0
script_186321.txt,FOREST MENSURATION,FOREST MENSURATION,1.0
script_186323.txt,FOREST MENSURATION,FOREST MENSURATION,1.0
script_186325.txt,FOREST MENSURATION,FOREST MENSURATION,1.0
script_186326.txt,FOREST MENSURATION,FOREST MENSURATION,1.0
script_186329.txt,FOREST MENSURATION,FOREST MENSURATION,1.0
script_186329.txt,LAND USE/LAND COVER CLASSIFICATION,Earth Science,0.0
script_186332.txt,LAND USE/LAND COVER CLASSIFICATION,LAND USE/LAND COVER CLASSIFICATION,1.0
script_186333.txt,LAND USE/LAND COVER CLASSIFICATION,LAND USE/LAND COVER CLASSIFICATION,1.0
script_186334.txt,SOIL CLASSIFICATION,LAND USE/LAND COVER CLASSIFICATION,0.24812885474901297
script_186356.txt,LAND USE/LAND COVER CLASSIFICATION,LAND USE/LAND COVER CLASSIFICATION,1.0
script_186365.txt,BURNED AREA,BURNED AREA,1.0
script_186365.txt,LAND USE/LAND COVER CLASSIFICATION,LAND USE/LAND COVER CLASSIFICATION,1.0
script_186365.txt,SPECTRAL IRRADIANCE,SPECTRAL IRRADIANCE,1.0
script_186365.txt,VEGETATION,VEGETATION,1.0
script_186365.txt,SNOW COVER,SNOW DENSITY,0.5586429701179152
script_186365.txt,VEGETATION INDEX,EVOLUTIONARY ADAPTATION,0.0
script_186378.txt,LAND USE/LAND COVER CLASSIFICATION,LAND USE/LAND COVER CLASSIFICATION,1.0
script_186418.txt,LAND SURFACE TEMPERATURE,LAND SURFACE TEMPERATURE,1.0
script_186449.txt,LAND USE/LAND COVER CLASSIFICATION,LAND USE/LAND COVER CLASSIFICATION,1.0
script_186466.txt,FOREST MENSURATION,LAND USE/LAND COVER CLASSIFICATION,0.0
script_186503.txt,LAND USE/LAND COVER CLASSIFICATION,LAND USE/LAND COVER CLASSIFICATION,1.0
script_186528.txt,LAND USE/LAND COVER CLASSIFICATION,LAND USE/LAND COVER CLASSIFICATION,1.0
script_186540.txt,LAND USE/LAND COVER CLASSIFICATION,LAND USE/LAND COVER CLASSIFICATION,1.0
script_186540.txt,NORMALIZED DIFFERENCE VEGETATION INDEX (NDVI),Earth Science,0.0
script_186562.txt,FOREST MENSURATION,FOREST MENSURATION,1.0
script_186570.txt,FOREST MENSURATION,FOREST MENSURATION,1.0
script_186601.txt,FOREST MENSURATION,LAND USE/LAND COVER CLASSIFICATION,0.0
script_186605.txt,FOREST MENSURATION,FOREST MENSURATION,1.0
script_186607.txt,FOREST MENSURATION,FOREST MENSURATION,1.0
script_186815.txt,FOREST MENSURATION,FOREST MENSURATION,1.0
script_186822.txt,LAND SURFACE/AGRICULTURE INDICATORS,LAND SURFACE/AGRICULTURE INDICATORS,1.0
script_186829.txt,FOREST MENSURATION,FOREST MENSURATION,1.0
script_186856.txt,CLOUD OPTICAL DEPTH/THICKNESS,CLOUD OPTICAL DEPTH/THICKNESS,1.0
script_186856.txt,MESOSPHERIC CLOUDS (OBSERVED/ANALYZED),Earth Science,0.0
script_186886.txt,FOREST MENSURATION,FOREST MENSURATION,1.0
script_186888.txt,VEGETATION INDEX,LAND SURFACE TEMPERATURE,0.23188692514311418
script_186892.txt,FOREST MENSURATION,FOREST MENSURATION,1.0
script_186914.txt,FLOOD LEVELS,FLOOD FREQUENCY,0.8613291735222143
script_186915.txt,FLOOD FREQUENCY,FLOOD FREQUENCY,1.0
script_186915.txt,FLOOD LEVELS,Earth Science,0.0
script_187038.txt,LAND USE/LAND COVER CLASSIFICATION,LAND USE/LAND COVER CLASSIFICATION,1.0
script_187038.txt,MESOSPHERIC CLOUDS (OBSERVED/ANALYZED),Earth Science,0.0
script_187125.txt,WATER CHARACTERISTICS,WATER CHARACTERISTICS,1.0
script_187131.txt,FIRE MANAGEMENT,BURNED AREA,0.27524500303743143
script_187137.txt,LAND SURFACE TEMPERATURE,LAND SURFACE TEMPERATURE,1.0
script_187138.txt,FOREST MENSURATION,FOREST MENSURATION,1.0
script_187226.txt,FOREST MENSURATION,FOREST MENSURATION,1.0
script_187248.txt,LAND SURFACE TEMPERATURE,LAND SURFACE TEMPERATURE,1.0
script_187481.txt,FLOOD LEVELS,FLOOD FREQUENCY,0.8613291735222143
script_187523.txt,FLOOD FREQUENCY,FLOOD FREQUENCY,1.0
script_187523.txt,FLOOD LEVELS,Earth Science,0.0
script_187528.txt,FLOOD LEVELS,FLOOD FREQUENCY,0.8613291735222143
script_187532.txt,FLOOD LEVELS,GROUNDWATER MANAGEMENT,0.0
script_187532.txt,RADAR BACKSCATTER,Earth Science,0.0
script_187533.txt,FLOOD LEVELS,GROUNDWATER MANAGEMENT,0.0
script_187534.txt,FLOOD LEVELS,GROUNDWATER MANAGEMENT,0.0
script_187535.txt,FLOOD LEVELS,GROUNDWATER MANAGEMENT,0.0
script_187582.txt,LAND USE/LAND COVER CLASSIFICATION,LAND USE/LAND COVER CLASSIFICATION,1.0
script_187585.txt,VEGETATION INDEX,VEGETATION INDEX,1.0
script_187586.txt,VEGETATION INDEX,VEGETATION INDEX,1.0
script_187587.txt,VEGETATION INDEX,VEGETATION INDEX,1.0
script_187738.txt,LAND SURFACE/AGRICULTURE INDICATORS,LAND SURFACE/AGRICULTURE INDICATORS,1.0
script_187738.txt,SOIL CLASSIFICATION,Earth Science,0.0
script_187749.txt,NORMALIZED DIFFERENCE VEGETATION INDEX (NDVI),NORMALIZED DIFFERENCE VEGETATION INDEX (NDVI),1.0
script_187888.txt,NORMALIZED DIFFERENCE VEGETATION INDEX (NDVI),LAND USE/LAND COVER CLASSIFICATION,0.887097890752496
script_187888.txt,LAND SURFACE/AGRICULTURE INDICATORS,Earth Science,0.0
script_187895.txt,LAND USE/LAND COVER CLASSIFICATION,LAND USE/LAND COVER CLASSIFICATION,1.0
script_188011.txt,LAND SURFACE TEMPERATURE,LAND SURFACE TEMPERATURE,1.0
script_188052.txt,WATER CHARACTERISTICS,WATER IMPOUNDMENT,0.0
script_188147.txt,FOREST MENSURATION,FOREST MENSURATION,1.0
script_188147.txt,FOREST COMPOSITION/VEGETATION STRUCTURE,Earth Science,0.0
script_188163.txt,LAND USE/LAND COVER CLASSIFICATION,LAND USE/LAND COVER CLASSIFICATION,1.0
script_188190.txt,FOREST MENSURATION,FOREST MENSURATION,1.0
script_188217.txt,LAND USE/LAND COVER CLASSIFICATION,LAND USE/LAND COVER CLASSIFICATION,1.0
script_188217.txt,LAND USE/LAND COVER,Earth Science,0.0
script_188386.txt,LAND USE/LAND COVER CLASSIFICATION,LAND USE/LAND COVER CLASSIFICATION,1.0
script_188397.txt,WILDFIRES,WILDFIRES,1.0
script_188400.txt,AIR QUALITY,AIR QUALITY,1.0
script_188412.txt,LAND SURFACE TEMPERATURE,LAND SURFACE TEMPERATURE,1.0
script_188413.txt,LAND SURFACE TEMPERATURE,LAND SURFACE TEMPERATURE,1.0
script_188414.txt,LAND SURFACE TEMPERATURE,LAND SURFACE TEMPERATURE,1.0
script_188419.txt,LAND SURFACE TEMPERATURE,LAND SURFACE TEMPERATURE,1.0
script_188454.txt,MESOSPHERIC CLOUDS (OBSERVED/ANALYZED),EASTERN ATLANTIC WESTERN RUSSIA PATTERN,0.0
script_188455.txt,MESOSPHERIC CLOUDS (OBSERVED/ANALYZED),CLOUD DYNAMICS,0.4968899956926797
script_188458.txt,MESOSPHERIC CLOUDS (OBSERVED/ANALYZED),CLOUD DYNAMICS,0.4968899956926797
script_188465.txt,LAND USE/LAND COVER CLASSIFICATION,LAND USE/LAND COVER CLASSIFICATION,1.0
script_188502.txt,WATER CHARACTERISTICS,WATER CHARACTERISTICS,1.0
script_188502.txt,SURFACE WATER PROCESSES/MEASUREMENTS,Earth Science,0.0
script_188506.txt,MESOSPHERIC CLOUDS (OBSERVED/ANALYZED),LAND USE/LAND COVER CLASSIFICATION,0.0
script_23533.txt,LAND USE/LAND COVER CLASSIFICATION,LAND USE/LAND COVER CLASSIFICATION,1.0
script_23533.txt,LAND SURFACE/AGRICULTURE INDICATORS,Earth Science,0.0
script_23533.txt,LAND USE/LAND COVER,Earth Science,0.0
script_28.txt,SNOW COVER,SNOW COVER,1.0
script_28.txt,SNOW STRATIGRAPHY,Earth Science,0.0
script_3043.txt,LAND USE/LAND COVER CLASSIFICATION,LAND USE/LAND COVER CLASSIFICATION,1.0
script_32.txt,SNOW COVER,SNOW MICROSTRUCTURE,0.5586429701179152
script_32.txt,SNOW STRATIGRAPHY,Earth Science,0.0
script_35538.txt,LAND USE/LAND COVER CLASSIFICATION,LAND USE/LAND COVER CLASSIFICATION,1.0
script_41838.txt,LAND USE/LAND COVER CLASSIFICATION,LAND USE/LAND COVER CLASSIFICATION,1.0
script_42.txt,LAND USE/LAND COVER CLASSIFICATION,LAND USE/LAND COVER CLASSIFICATION,1.0
script_43.txt,FOREST MENSURATION,FOREST MENSURATION,1.0
script_43.txt,FOREST COMPOSITION/VEGETATION STRUCTURE,Earth Science,0.0
script_43803.txt,LAND USE/LAND COVER CLASSIFICATION,LAND USE/LAND COVER CLASSIFICATION,1.0
script_45435.txt,VEGETATION COVER,VEGETATION COVER,1.0
script_45435.txt,VEGETATION INDEX,Earth Science,0.0
script_48.txt,LAND SURFACE/AGRICULTURE INDICATORS,LAND USE/LAND COVER CLASSIFICATION,0.0
script_49902.txt,VEGETATION INDEX,VEGETATION INDEX,1.0
script_50.txt,FOREST MENSURATION,FOREST COMPOSITION/VEGETATION STRUCTURE,0.0
script_50.txt,LAND USE/LAND COVER CLASSIFICATION,Earth Science,0.0
script_51624.txt,FLOOD FREQUENCY,FLOOD FREQUENCY,1.0
script_51624.txt,FLOOD LEVELS,Earth Science,0.0
script_52026.txt,AIR QUALITY,OXYGEN ISOTOPE ANALYSIS,0.0
script_54980.txt,LAND USE/LAND COVER CLASSIFICATION,LAND USE/LAND COVER CLASSIFICATION,1.0
script_59099.txt,NORMALIZED DIFFERENCE VEGETATION INDEX (NDVI),ENVIRONMENTAL ASSESSMENTS,0.0
script_65671.txt,LAND SURFACE TEMPERATURE,BOUNDARY LAYER TEMPERATURE,0.0
script_65671.txt,TEMPERATURE TRENDS,Earth Science,0.0
script_67562.txt,LAND USE/LAND COVER CLASSIFICATION,LAND USE/LAND COVER CLASSIFICATION,1.0
script_71184.txt,LAKE LEVELS,LAKE LEVELS,1.0
script_72.txt,LAND USE/LAND COVER,LAND USE/LAND COVER CLASSIFICATION,0.809885236774905
script_72.txt,LAND SURFACE/AGRICULTURE INDICATORS,Earth Science,0.0
script_75448.txt,LAKE LEVELS,LAKE LEVELS,1.0
script_76696.txt,NORMALIZED DIFFERENCE VEGETATION INDEX (NDVI),ARCTIC OSCILLATION,0.0
script_76709.txt,WATER QUALITY,WATER QUALITY,1.0
script_76805.txt,ARCTIC OSCILLATION,ARCTIC OSCILLATION,1.0
script_76839.txt,LAND SURFACE/AGRICULTURE INDICATORS,LAND SURFACE/AGRICULTURE INDICATORS,1.0
script_76839.txt,VEGETATION INDEX,Earth Science,0.0
script_76840.txt,LAND SURFACE/AGRICULTURE INDICATORS,LAND SURFACE/AGRICULTURE INDICATORS,1.0
script_76840.txt,VEGETATION INDEX,Earth Science,0.0
script_76841.txt,LAND SURFACE/AGRICULTURE INDICATORS,LAND SURFACE/AGRICULTURE INDICATORS,1.0
script_76841.txt,VEGETATION INDEX,Earth Science,0.0
script_78663.txt,LAND USE/LAND COVER CLASSIFICATION,LAND USE/LAND COVER CLASSIFICATION,1.0
script_78663.txt,LAND USE/LAND COVER,Earth Science,0.0
script_78805.txt,VEGETATION INDEX,LAND USE/LAND COVER CLASSIFICATION,0.9345423585566951
script_85061.txt,LAND USE/LAND COVER CLASSIFICATION,LAND USE/LAND COVER CLASSIFICATION,1.0
script_85217.txt,LAND USE/LAND COVER CLASSIFICATION,LAND USE/LAND COVER CLASSIFICATION,1.0
script_85219.txt,FOREST MENSURATION,FOREST MENSURATION,1.0
script_85219.txt,FIRE WEATHER INDEX,Earth Science,0.0
script_89887.txt,LAND SURFACE,LAND ICE/OCEAN CLASSIFICATION,0.0
script_89887.txt,WATER MASSES,HORSEHAIR WORMS,0.0
script_89887.txt,WATER VAPOR PROCESSES,PHOTOSYNTHESIS,0.0
script_95721.txt,LAND SURFACE/AGRICULTURE INDICATORS,FOREST MENSURATION,0.0
script_95950.txt,NORMALIZED DIFFERENCE VEGETATION INDEX (NDVI),NORMALIZED DIFFERENCE VEGETATION INDEX (NDVI),1.0
script_96316.txt,LAND SURFACE/AGRICULTURE INDICATORS,LAND USE/LAND COVER CLASSIFICATION,0.0
script_96317.txt,LAND USE/LAND COVER CLASSIFICATION,LAND USE/LAND COVER CLASSIFICATION,1.0
script_96322.txt,LAND USE/LAND COVER CLASSIFICATION,LAND USE/LAND COVER CLASSIFICATION,1.0
script_96332.txt,LAND USE/LAND COVER CLASSIFICATION,LAND USE/LAND COVER CLASSIFICATION,1.0
script_96426.txt,LAKE LEVELS,LAKE LEVELS,1.0
script_96427.txt,LAKE LEVELS,LAKE LEVELS,1.0
script_96458.txt,URBAN AREAS,URBAN AREAS,1.0
script_96458.txt,WATER DEPTH,WATER DEPTH,1.0
script_96458.txt,LAND USE/LAND COVER CLASSIFICATION,FEED PROCESSING,0.0
script_96459.txt,LAND USE/LAND COVER CLASSIFICATION,LAND USE/LAND COVER CLASSIFICATION,1.0
script_96519.txt,EARTHQUAKE PREDICTIONS,EARTHQUAKE PREDICTIONS,1.0
script_96519.txt,FIRE MODELS,FIRE MODELS,1.0
script_96519.txt,FLOODING,FLOODING,1.0
script_96519.txt,LAND USE/LAND COVER,LAND USE/LAND COVER,1.0
script_96519.txt,EARTHQUAKE OCCURRENCES,Earth Science,0.0
script_96519.txt,FIRE WEATHER INDEX,Earth Science,0.0
script_96537.txt,LAND USE/LAND COVER CLASSIFICATION,LAND USE/LAND COVER CLASSIFICATION,1.0
script_96538.txt,LAND USE/LAND COVER CLASSIFICATION,SENSOR CHARACTERISTICS,0.0
script_96558.txt,FOREST COMPOSITION/VEGETATION STRUCTURE,FOREST COMPOSITION/VEGETATION STRUCTURE,1.0
script_96578.txt,FIRE WEATHER INDEX,FOREST MENSURATION,0.0
script_96611.txt,RADAR IMAGERY,RADAR IMAGERY,1.0
script_96611.txt,LAND USE/LAND COVER CLASSIFICATION,Earth Science,0.0
script_96611.txt,NORMALIZED DIFFERENCE VEGETATION INDEX (NDVI),Earth Science,0.0
script_97207.txt,FIRE WEATHER INDEX,FIRE MODELS,0.0
script_97208.txt,FIRE WEATHER INDEX,FIRE MODELS,0.0
script_97209.txt,FIRE MODELS,FIRE MODELS,1.0
script_97209.txt,FIRE WEATHER INDEX,Earth Science,0.0
script_97210.txt,FIRE MODELS,FIRE MODELS,1.0
script_97210.txt,FIRE WEATHER INDEX,Earth Science,0.0
script_97211.txt,FIRE WEATHER INDEX,FIRE MODELS,0.0
script_97212.txt,FIRE WEATHER INDEX,FIRE MODELS,0.0
script_97250.txt,LAND USE/LAND COVER CLASSIFICATION,LAND USE/LAND COVER CLASSIFICATION,1.0
script_97292.txt,LAND USE/LAND COVER CLASSIFICATION,LAND USE/LAND COVER CLASSIFICATION,1.0
script_97292.txt,SOIL CLASSIFICATION,Earth Science,0.0
script_97295.txt,LAND USE/LAND COVER CLASSIFICATION,LAND USE/LAND COVER CLASSIFICATION,1.0
script_97367.txt,LAND USE/LAND COVER CLASSIFICATION,LAND USE/LAND COVER CLASSIFICATION,1.0
script_97371.txt,AGRICULTURE PRODUCTION,AGRICULTURE PRODUCTION,1.0
script_97430.txt,LAND USE/LAND COVER CLASSIFICATION,LAND USE/LAND COVER CLASSIFICATION,1.0
script_97430.txt,VEGETATION INDEX,Earth Science,0.0
script_97446.txt,LAND USE/LAND COVER CLASSIFICATION,LAND USE/LAND COVER CLASSIFICATION,1.0
script_97475.txt,LAND USE/LAND COVER CLASSIFICATION,LAND USE/LAND COVER CLASSIFICATION,1.0
script_97479.txt,APPARENT SURFACE REFLECTIVITY,APPARENT SURFACE REFLECTIVITY,1.0
script_97479.txt,SATELLITE SOIL MOISTURE INDEX,Earth Science,0.0
script_97507.txt,VEGETATION,VEGETATION,1.0
script_97508.txt,VEGETATION,VEGETATION,1.0
script_97651.txt,LAND/OCEAN/ICE MASK,INFRARED IMAGERY,0.0
script_97683.txt,Earth Science,Earth Science,1.0
script_97700.txt,RADAR IMAGERY,RADAR IMAGERY,1.0
script_97700.txt,VEGETATION INDEX,VEGETATION INDEX,1.0
script_97704.txt,DIGITAL ELEVATION/TERRAIN MODEL (DEM),DIGITAL ELEVATION/TERRAIN MODEL (DEM),1.0
script_97718.txt,VEGETATION INDEX,NORMALIZED DIFFERENCE VEGETATION INDEX (NDVI),0.9522022925216991
script_97724.txt,NORMALIZED DIFFERENCE VEGETATION INDEX (NDVI),NORMALIZED DIFFERENCE VEGETATION INDEX (NDVI),1.0
script_97954.txt,LAND USE/LAND COVER CLASSIFICATION,LAND USE/LAND COVER CLASSIFICATION,1.0
script_97954.txt,LAND USE/LAND COVER,Earth Science,0.0
script_97974.txt,LAND USE/LAND COVER CLASSIFICATION,LAND USE/LAND COVER CLASSIFICATION,1.0
script_97974.txt,LAND SURFACE/AGRICULTURE INDICATORS,Earth Science,0.0
script_97974.txt,LAND USE/LAND COVER,Earth Science,0.0
script_97988.txt,LAND USE/LAND COVER CLASSIFICATION,LAND USE/LAND COVER CLASSIFICATION,1.0
script_97991.txt,LAND USE/LAND COVER CLASSIFICATION,LAND USE/LAND COVER CLASSIFICATION,1.0
script_98169.txt,NORMALIZED DIFFERENCE VEGETATION INDEX (NDVI),NORMALIZED DIFFERENCE VEGETATION INDEX (NDVI),1.0
script_98257.txt,FLOOD FREQUENCY,FLOOD FREQUENCY,1.0
script_98257.txt,FLOOD LEVELS,Earth Science,0.0
script_98258.txt,FLOOD FREQUENCY,FLOOD FREQUENCY,1.0
script_98258.txt,FLOOD LEVELS,Earth Science,0.0
script_98259.txt,FLOOD LEVELS,FLOOD LEVELS,1.0
script_98260.txt,FLOOD LEVELS,HYDROGRAPHY,0.0
script_98262.txt,HYDROGRAPHY,HYDROGRAPHY,1.0
script_98262.txt,FLOOD LEVELS,Earth Science,0.0
script_98263.txt,FLOOD LEVELS,FLOOD FREQUENCY,0.8613291735222143
script_98267.txt,FLOOD FREQUENCY,FLOOD FREQUENCY,1.0
script_98267.txt,FLOOD LEVELS,Earth Science,0.0
script_98275.txt,FLOOD FREQUENCY,FLOOD FREQUENCY,1.0
script_98275.txt,FLOOD LEVELS,Earth Science,0.0
script_98287.txt,VEGETATION INDEX,LAND USE/LAND COVER,0.7475689642693105
script_98287.txt,FOREST MENSURATION,Earth Science,0.0
script_98290.txt,LAND USE/LAND COVER CLASSIFICATION,LAND USE/LAND COVER CLASSIFICATION,1.0
