ID,Script_ID,Entity_Type,Value,Value_BAAI,Top1_Similarity_BAAI,Value_sentence-t5-large,Top1_Similarity_sentence-t5-large,Value_LLAMA70B,Usage
1,script_102957.txt,Theme,Land cover analysis in Los Angeles County,LAND USE/LAND COVER CLASSIFICATION,0.665326595,LAND SURFACE/AGRICULTURE INDICATORS,0.835953534,LAND USE/LAND COVER,"{'prompt_tokens': 7771, 'completion_tokens': 6, 'total_tokens': 7777}"
2,script_10376.txt,Theme,Land surface analysis using Landsat 8 imagery,LAND SURFACE,0.643516898,SATELLITE SOIL MOISTURE INDEX,0.834009469,LAND SURFACE,"{'prompt_tokens': 7774, 'completion_tokens': 3, 'total_tokens': 7777}"
3,script_103827.txt,Theme,Flood monitoring and analysis,FLOOD FREQUENCY,0.703985453,FLOOD LEVELS,0.849592924,HYDROLOGY,"{'prompt_tokens': 7769, 'completion_tokens': 4, 'total_tokens': 7773}"
4,script_106121.txt,Theme,Sentinel-2 image reprojection and export,ISOSTATIC REBOUND,0.557174981,RADAR IMAGERY,0.766137123,REMOTE SENSING,"{'prompt_tokens': 7773, 'completion_tokens': 4, 'total_tokens': 7777}"
5,script_10828.txt,Theme,Vegetation Index Analysis,VEGETATION INDEX,0.792009354,VEGETATION INDEX,0.931815863,VEGETATION INDEX,"{'prompt_tokens': 7768, 'completion_tokens': 4, 'total_tokens': 7772}"
6,script_118175.txt,Theme,Land cover classification and vegetation index analysis,LAND USE/LAND COVER CLASSIFICATION,0.729021251,VEGETATION INDEX,0.891660213,LAND SURFACE/AGRICULTURE INDICATORS,"{'prompt_tokens': 7771, 'completion_tokens': 12, 'total_tokens': 7783}"
7,script_119133.txt,Theme,Wildfire severity analysis,FIRE WEATHER INDEX,0.597022295,FIRE WEATHER INDEX,0.879720449,NATURAL HAZARDS,"{'prompt_tokens': 7768, 'completion_tokens': 6, 'total_tokens': 7774}"
8,script_11983.txt,Theme,Vegetation Index Analysis,VEGETATION INDEX,0.792009354,VEGETATION INDEX,0.931815863,VEGETATION INDEX,"{'prompt_tokens': 7768, 'completion_tokens': 4, 'total_tokens': 7772}"
9,script_120271.txt,Theme,NDVI analysis of Sentinel-2 imagery,INFRARED IMAGERY,0.554455042,NORMALIZED DIFFERENCE VEGETATION INDEX (NDVI),0.801470995,VEGETATION INDEX,"{'prompt_tokens': 7774, 'completion_tokens': 4, 'total_tokens': 7778}"
10,script_120557.txt,Theme,Land cover classification in Florida,LAND USE/LAND COVER CLASSIFICATION,0.735061765,LAND USE/LAND COVER CLASSIFICATION,0.844331622,LAND USE/LAND COVER,"{'prompt_tokens': 7769, 'completion_tokens': 6, 'total_tokens': 7775}"
11,script_125294.txt,Theme,Ecorregion Alto Parana analysis,ANTHROPOGENIC/HUMAN INFLUENCED ECOSYSTEMS,0.504975796,ALUMINUM-26 ANALYSIS,0.816504478,ECOLOGICAL DYNAMICS,"{'prompt_tokens': 7771, 'completion_tokens': 7, 'total_tokens': 7778}"
12,script_144864.txt,Theme,"Land cover classification in Hai Phong, Vietnam",LAND USE/LAND COVER CLASSIFICATION,0.666466832,LAND USE/LAND COVER CLASSIFICATION,0.85278976,LAND USE/LAND COVER,"{'prompt_tokens': 7773, 'completion_tokens': 6, 'total_tokens': 7779}"
13,script_146128.txt,Theme,Land cover classification,LAND USE/LAND COVER CLASSIFICATION,0.805195212,LAND USE/LAND COVER CLASSIFICATION,0.925580025,LAND USE/LAND COVER,"{'prompt_tokens': 7767, 'completion_tokens': 6, 'total_tokens': 7773}"
14,script_15043.txt,Theme,Land Use Land Cover Classification,LAND USE/LAND COVER CLASSIFICATION,0.843844175,LAND USE/LAND COVER CLASSIFICATION,0.951677442,LAND USE/LAND COVER CLASSIFICATION,"{'prompt_tokens': 7770, 'completion_tokens': 8, 'total_tokens': 7778}"
15,script_155017.txt,Theme,Land Surface Temperature Analysis in Himachal Pradesh,LAND SURFACE TEMPERATURE,0.662557006,LAND SURFACE TEMPERATURE,0.856417716,LAND SURFACE TEMPERATURE,"{'prompt_tokens': 7774, 'completion_tokens': 6, 'total_tokens': 7780}"
16,script_165234.txt,Theme,MODIS vegetation analysis,SURFACE MOISTURE INDEX,0.599446714,VEGETATION INDEX,0.854735136,VEGETATION,"{'prompt_tokens': 7768, 'completion_tokens': 3, 'total_tokens': 7771}"
17,script_165234.txt,Theme,Country boundary analysis,COUNTRY BOUNDARIES,0.752269506,COUNTRY BOUNDARIES,0.891638398,BOUNDARIES,"{'prompt_tokens': 7767, 'completion_tokens': 3, 'total_tokens': 7770}"
18,script_173652.txt,Theme,Land cover change detection and analysis,LAND USE/LAND COVER CLASSIFICATION,0.688638568,LAND SURFACE/AGRICULTURE INDICATORS,0.861508012,LAND USE/LAND COVER,"{'prompt_tokens': 7770, 'completion_tokens': 6, 'total_tokens': 7776}"
19,script_174474.txt,Theme,Land cover analysis using Landsat 5 imagery,LAND USE/LAND COVER CLASSIFICATION,0.635942638,SATELLITE SOIL MOISTURE INDEX,0.838002205,LAND USE/LAND COVER,"{'prompt_tokens': 7774, 'completion_tokens': 6, 'total_tokens': 7780}"
20,script_174747.txt,Theme,"Land Surface Temperature Analysis in Michoacan, Mexico",LAND SURFACE TEMPERATURE,0.681699634,LAND SURFACE TEMPERATURE,0.837604582,LAND SURFACE TEMPERATURE,"{'prompt_tokens': 7775, 'completion_tokens': 6, 'total_tokens': 7781}"
21,script_179626.txt,Theme,Land Surface Temperature Analysis,LAND SURFACE TEMPERATURE,0.79077208,LAND SURFACE TEMPERATURE,0.878021121,LAND SURFACE TEMPERATURE,"{'prompt_tokens': 7769, 'completion_tokens': 6, 'total_tokens': 7775}"
22,script_180257.txt,Theme,Land cover analysis using Landsat imagery,LAND USE/LAND COVER CLASSIFICATION,0.668859005,LAND SURFACE/AGRICULTURE INDICATORS,0.846221566,LAND USE/LAND COVER,"{'prompt_tokens': 7772, 'completion_tokens': 6, 'total_tokens': 7778}"
23,script_186294.txt,Theme,Land cover classification and vegetation analysis,LAND USE/LAND COVER CLASSIFICATION,0.749319971,LAND USE/LAND COVER CLASSIFICATION,0.888650179,VEGETATION,"{'prompt_tokens': 7770, 'completion_tokens': 3, 'total_tokens': 7773}"
24,script_186319.txt,Theme,Forest monitoring and land cover change detection,FOREST MENSURATION,0.736101866,FOREST MENSURATION,0.881983578,LAND USE/LAND COVER,"{'prompt_tokens': 7771, 'completion_tokens': 6, 'total_tokens': 7777}"
25,script_186320.txt,Theme,Forest monitoring and early detection of forest loss and fires,FOREST MENSURATION,0.753934741,FOREST PROTECTION,0.844788551,FOREST SCIENCE,"{'prompt_tokens': 7774, 'completion_tokens': 4, 'total_tokens': 7778}"
26,script_186321.txt,Theme,Forest monitoring and early detection of forest loss and fire using Sentinel-2 images,FOREST MENSURATION,0.68347168,FOREST MENSURATION,0.833779633,FOREST SCIENCE,"{'prompt_tokens': 7780, 'completion_tokens': 4, 'total_tokens': 7784}"
27,script_186323.txt,Theme,Forest monitoring and land cover change detection,FOREST MENSURATION,0.736101866,FOREST MENSURATION,0.881983578,LAND USE/LAND COVER,"{'prompt_tokens': 7771, 'completion_tokens': 6, 'total_tokens': 7777}"
28,script_186325.txt,Theme,Forest monitoring and land cover change detection,FOREST MENSURATION,0.736101866,FOREST MENSURATION,0.881983578,LAND USE/LAND COVER,"{'prompt_tokens': 7771, 'completion_tokens': 6, 'total_tokens': 7777}"
29,script_186326.txt,Theme,Forest monitoring and early detection of forest loss and fire using Sentinel-2 images,FOREST MENSURATION,0.68347168,FOREST MENSURATION,0.833779633,FOREST SCIENCE,"{'prompt_tokens': 7780, 'completion_tokens': 4, 'total_tokens': 7784}"
30,script_186329.txt,Theme,Forest monitoring and land cover change detection,FOREST MENSURATION,0.736101866,FOREST MENSURATION,0.881983578,LAND USE/LAND COVER,"{'prompt_tokens': 7771, 'completion_tokens': 6, 'total_tokens': 7777}"
31,script_186332.txt,Theme,Land cover classification and crop type analysis,LAND USE/LAND COVER CLASSIFICATION,0.746472478,LAND SURFACE/AGRICULTURE INDICATORS,0.886526644,AGRICULTURAL PLANT SCIENCE,"{'prompt_tokens': 7771, 'completion_tokens': 8, 'total_tokens': 7779}"
32,script_186333.txt,Theme,Crop classification and land use analysis,LAND USE/LAND COVER CLASSIFICATION,0.753843427,LAND USE/LAND COVER CLASSIFICATION,0.895216763,LAND USE/LAND COVER,"{'prompt_tokens': 7771, 'completion_tokens': 6, 'total_tokens': 7777}"
33,script_186334.txt,Theme,Land cover classification and crop type analysis,LAND USE/LAND COVER CLASSIFICATION,0.746472478,LAND SURFACE/AGRICULTURE INDICATORS,0.886526644,AGRICULTURAL PLANT SCIENCE,"{'prompt_tokens': 7771, 'completion_tokens': 8, 'total_tokens': 7779}"
34,script_186356.txt,Theme,Land cover classification using Sentinel-1 data,LAND USE/LAND COVER CLASSIFICATION,0.703282833,LAND USE/LAND COVER CLASSIFICATION,0.84099108,LAND USE/LAND COVER,"{'prompt_tokens': 7773, 'completion_tokens': 6, 'total_tokens': 7779}"
35,script_186365.txt,Theme,Land cover classification,LAND USE/LAND COVER CLASSIFICATION,0.805195212,LAND USE/LAND COVER CLASSIFICATION,0.925580025,LAND USE/LAND COVER,"{'prompt_tokens': 7767, 'completion_tokens': 6, 'total_tokens': 7773}"
36,script_186365.txt,Theme,Vegetation analysis,VEGETATION,0.71235621,VEGETATION INDEX,0.9112643,VEGETATION,"{'prompt_tokens': 7767, 'completion_tokens': 3, 'total_tokens': 7770}"
37,script_186365.txt,Theme,Burn area detection,BURNED AREA,0.68717128,BURNED AREA,0.865865469,WILDFIRES,"{'prompt_tokens': 7767, 'completion_tokens': 4, 'total_tokens': 7771}"
38,script_186365.txt,Theme,Snow cover detection,SNOW COVER,0.758451581,SNOW COVER,0.868036747,SNOW COVER,"{'prompt_tokens': 7767, 'completion_tokens': 4, 'total_tokens': 7771}"
39,script_186378.txt,Theme,"Land cover analysis using Sentinel-1, Landsat 8, and Sentinel-2 data",LAND USE/LAND COVER CLASSIFICATION,0.613943994,SATELLITE SOIL MOISTURE INDEX,0.841370583,LAND USE/LAND COVER,"{'prompt_tokens': 7784, 'completion_tokens': 6, 'total_tokens': 7790}"
40,script_186380.txt,Theme,Marsh bird survey points analysis using Landsat 7 and 8 imagery,LANDSCAPE PATTERNS,0.535673559,SATELLITE SOIL MOISTURE INDEX,0.802000582,WETLANDS,"{'prompt_tokens': 7780, 'completion_tokens': 4, 'total_tokens': 7784}"
41,script_186418.txt,Theme,Land Surface Temperature Retrieval,LAND SURFACE TEMPERATURE,0.748835325,LAND SURFACE TEMPERATURE,0.898605049,LAND SURFACE TEMPERATURE,"{'prompt_tokens': 7770, 'completion_tokens': 6, 'total_tokens': 7776}"
42,script_186418.txt,Theme,Atmospheric Correction,ATMOSPHERIC STABILITY,0.738967538,ATMOSPHERIC CIRCULATION RECONSTRUCTION,0.875947535,ATMOSPHERIC RADIATION,"{'prompt_tokens': 7769, 'completion_tokens': 8, 'total_tokens': 7777}"
43,script_186449.txt,Theme,Land cover classification using Landsat 8 imagery,LAND USE/LAND COVER CLASSIFICATION,0.689390182,LAND USE/LAND COVER CLASSIFICATION,0.852099478,LAND USE/LAND COVER,"{'prompt_tokens': 7774, 'completion_tokens': 6, 'total_tokens': 7780}"
44,script_186466.txt,Theme,Forest monitoring and land cover classification,LAND USE/LAND COVER CLASSIFICATION,0.739579797,FOREST MENSURATION,0.901455104,LAND USE/LAND COVER,"{'prompt_tokens': 7770, 'completion_tokens': 6, 'total_tokens': 7776}"
45,script_186503.txt,Theme,Land cover classification using Sentinel-1 data,LAND USE/LAND COVER CLASSIFICATION,0.703282833,LAND USE/LAND COVER CLASSIFICATION,0.84099108,LAND USE/LAND COVER,"{'prompt_tokens': 7773, 'completion_tokens': 6, 'total_tokens': 7779}"
46,script_186507.txt,Theme,Land cover classification and change detection in Brazilian Amazon,LAND USE/LAND COVER CLASSIFICATION,0.620446324,FOREST MENSURATION,0.839482486,LAND USE/LAND COVER,"{'prompt_tokens': 7773, 'completion_tokens': 6, 'total_tokens': 7779}"
47,script_186528.txt,Theme,Land cover classification using Sentinel-1 data,LAND USE/LAND COVER CLASSIFICATION,0.703282833,LAND USE/LAND COVER CLASSIFICATION,0.84099108,LAND USE/LAND COVER,"{'prompt_tokens': 7773, 'completion_tokens': 6, 'total_tokens': 7779}"
48,script_186540.txt,Theme,Land cover classification and vegetation analysis,LAND USE/LAND COVER CLASSIFICATION,0.749319971,LAND USE/LAND COVER CLASSIFICATION,0.888650179,VEGETATION,"{'prompt_tokens': 7770, 'completion_tokens': 3, 'total_tokens': 7773}"
49,script_186548.txt,Theme,Surface water detection and analysis,SURFACE WATER,0.760543823,SURFACE WATER PROCESSES/MEASUREMENTS,0.850430131,TERRESTRIAL HYDROSPHERE,"{'prompt_tokens': 7769, 'completion_tokens': 10, 'total_tokens': 7779}"
50,script_186562.txt,Theme,Forest monitoring and deforestation detection,FOREST MENSURATION,0.779240429,FOREST MENSURATION,0.883586168,FOREST SCIENCE,"{'prompt_tokens': 7771, 'completion_tokens': 4, 'total_tokens': 7775}"
51,script_186570.txt,Theme,Forest monitoring and land cover change detection,FOREST MENSURATION,0.736101866,FOREST MENSURATION,0.881983578,LAND USE/LAND COVER,"{'prompt_tokens': 7771, 'completion_tokens': 6, 'total_tokens': 7777}"
52,script_186601.txt,Theme,Forest monitoring and land cover classification,LAND USE/LAND COVER CLASSIFICATION,0.739579797,FOREST MENSURATION,0.901455104,LAND USE/LAND COVER,"{'prompt_tokens': 7770, 'completion_tokens': 6, 'total_tokens': 7776}"
53,script_186605.txt,Theme,Forest monitoring and land cover change detection,FOREST MENSURATION,0.736101866,FOREST MENSURATION,0.881983578,LAND USE/LAND COVER,"{'prompt_tokens': 7771, 'completion_tokens': 6, 'total_tokens': 7777}"
54,script_186607.txt,Theme,Forest monitoring and deforestation detection,FOREST MENSURATION,0.779240429,FOREST MENSURATION,0.883586168,FOREST SCIENCE,"{'prompt_tokens': 7771, 'completion_tokens': 4, 'total_tokens': 7775}"
55,script_186815.txt,Theme,Forest monitoring and land cover change detection,FOREST MENSURATION,0.736101866,FOREST MENSURATION,0.881983578,LAND USE/LAND COVER,"{'prompt_tokens': 7771, 'completion_tokens': 6, 'total_tokens': 7777}"
56,script_186822.txt,Theme,Agricultural field analysis using Sentinel-1 data,LAND SURFACE/AGRICULTURE INDICATORS,0.661336601,LAND SURFACE/AGRICULTURE INDICATORS,0.832647443,AGRICULTURAL PLANT SCIENCE,"{'prompt_tokens': 7774, 'completion_tokens': 8, 'total_tokens': 7782}"
57,script_186829.txt,Theme,Forest change and surface temperature analysis in the Amazon Basin,FOREST MENSURATION,0.645971894,FOREST MENSURATION,0.856430948,LAND SURFACE,"{'prompt_tokens': 7775, 'completion_tokens': 3, 'total_tokens': 7778}"
58,script_186856.txt,Theme,Cloud masking and shadow detection for Sentinel-2 images,CLOUD OPTICAL DEPTH/THICKNESS,0.594004691,MESOSPHERIC CLOUDS (OBSERVED/ANALYZED),0.83021605,CLOUDS,"{'prompt_tokens': 7776, 'completion_tokens': 3, 'total_tokens': 7779}"
59,script_186886.txt,Theme,Forest monitoring and deforestation detection,FOREST MENSURATION,0.779240429,FOREST MENSURATION,0.883586168,FOREST SCIENCE,"{'prompt_tokens': 7771, 'completion_tokens': 4, 'total_tokens': 7775}"
60,script_186888.txt,Theme,Land Surface Temperature and Vegetation Index Analysis,LAND SURFACE TEMPERATURE,0.709083617,VEGETATION INDEX,0.877674639,LAND SURFACE,"{'prompt_tokens': 7773, 'completion_tokens': 3, 'total_tokens': 7776}"
61,script_186892.txt,Theme,Forest monitoring and early detection of forest loss and fire in Dak Nong province,FOREST MENSURATION,0.632252455,FOREST FIRE DANGER INDEX,0.829641283,FOREST SCIENCE,"{'prompt_tokens': 7779, 'completion_tokens': 4, 'total_tokens': 7783}"
62,script_186914.txt,Theme,Flood area detection and population analysis,FLOOD FREQUENCY,0.6283319,FLOOD LEVELS,0.843295872,HUMAN DIMENSIONS,"{'prompt_tokens': 7771, 'completion_tokens': 7, 'total_tokens': 7778}"
63,script_186915.txt,Theme,Flood area detection and population analysis,FLOOD FREQUENCY,0.6283319,FLOOD LEVELS,0.843295872,HUMAN DIMENSIONS,"{'prompt_tokens': 7771, 'completion_tokens': 7, 'total_tokens': 7778}"
64,script_186940.txt,Theme,Landsat Time Series Analysis for Land Cover Change Detection,LAND SURFACE,0.601031542,SATELLITE SOIL MOISTURE INDEX,0.815266669,LAND SURFACE/LAND COVER,"{'prompt_tokens': 7774, 'completion_tokens': 7, 'total_tokens': 7781}"
65,script_186974.txt,Theme,Land surface reflectance analysis,APPARENT SURFACE REFLECTIVITY,0.746894121,APPARENT SURFACE REFLECTIVITY,0.848300219,SURFACE RADIATIVE PROPERTIES,"{'prompt_tokens': 7769, 'completion_tokens': 8, 'total_tokens': 7777}"
66,script_186974.txt,Theme,Water index calculation,WATER QUALITY INDEXES,0.70148468,WATER VAPOR TRANSPORT INDEX,0.844080329,WATER QUALITY INDEXES,"{'prompt_tokens': 7767, 'completion_tokens': 7, 'total_tokens': 7774}"
67,script_187038.txt,Theme,Land cover classification and cloud cover analysis,LAND USE/LAND COVER CLASSIFICATION,0.736449003,MESOSPHERIC CLOUDS (OBSERVED/ANALYZED),0.88089025,LAND SURFACE/LAND COVER,"{'prompt_tokens': 7771, 'completion_tokens': 7, 'total_tokens': 7778}"
68,script_187125.txt,Theme,Water body detection and analysis,WATER CHARACTERISTICS,0.722114205,WATER VAPOR INDICATORS,0.835859895,HYDROGRAPHY,"{'prompt_tokens': 7769, 'completion_tokens': 6, 'total_tokens': 7775}"
69,script_187131.txt,Theme,Wildfire analysis and burned area detection,BURNED AREA,0.654039025,FIRE WEATHER INDEX,0.849711895,NATURAL HAZARDS,"{'prompt_tokens': 7771, 'completion_tokens': 6, 'total_tokens': 7777}"
70,script_187137.txt,Theme,Land Surface Temperature Analysis,LAND SURFACE TEMPERATURE,0.79077208,LAND SURFACE TEMPERATURE,0.878021121,LAND SURFACE TEMPERATURE,"{'prompt_tokens': 7769, 'completion_tokens': 6, 'total_tokens': 7775}"
71,script_187138.txt,Theme,Forest change and temperature analysis in Amazon region,FOREST MENSURATION,0.675319731,FOREST MENSURATION,0.857581735,FOREST SCIENCE,"{'prompt_tokens': 7772, 'completion_tokens': 4, 'total_tokens': 7776}"
72,script_187226.txt,Theme,Forest analysis,FOREST MENSURATION,0.777526855,FOREST MENSURATION,0.922717571,FOREST SCIENCE,"{'prompt_tokens': 7766, 'completion_tokens': 4, 'total_tokens': 7770}"
73,script_187248.txt,Theme,Land Surface Temperature Analysis,LAND SURFACE TEMPERATURE,0.79077208,LAND SURFACE TEMPERATURE,0.878021121,LAND SURFACE TEMPERATURE,"{'prompt_tokens': 7769, 'completion_tokens': 6, 'total_tokens': 7775}"
74,script_187481.txt,Theme,Flood Mapping using Sentinel-1,FLOODING,0.668309748,FLOOD LEVELS,0.821233988,FLOODS,"{'prompt_tokens': 7772, 'completion_tokens': 2, 'total_tokens': 7774}"
75,script_187523.txt,Theme,Flood Mapping using Sentinel-1 Data,FLOOD FREQUENCY,0.670928717,FLOOD LEVELS,0.827658355,HYDROSPHERE,"{'prompt_tokens': 7773, 'completion_tokens': 5, 'total_tokens': 7778}"
76,script_187528.txt,Theme,Flood Mapping using Sentinel-1,FLOODING,0.668309748,FLOOD LEVELS,0.821233988,FLOODS,"{'prompt_tokens': 7772, 'completion_tokens': 2, 'total_tokens': 7774}"
77,script_187530.txt,Theme,Flood Mapping and Monitoring,GROUNDWATER MANAGEMENT,0.706281662,FLOOD LEVELS,0.854753494,HYDROLOGY,"{'prompt_tokens': 7769, 'completion_tokens': 4, 'total_tokens': 7773}"
78,script_187532.txt,Theme,Flood Mapping,FLOODING,0.762731373,FLOOD LEVELS,0.885453999,FLOODS,"{'prompt_tokens': 7767, 'completion_tokens': 2, 'total_tokens': 7769}"
79,script_187533.txt,Theme,Flood Mapping and Monitoring,GROUNDWATER MANAGEMENT,0.706281662,FLOOD LEVELS,0.854753494,HYDROSPHERE,"{'prompt_tokens': 7769, 'completion_tokens': 5, 'total_tokens': 7774}"
80,script_187534.txt,Theme,Flood Mapping and Monitoring,GROUNDWATER MANAGEMENT,0.706281662,FLOOD LEVELS,0.854753494,HYDROLOGY,"{'prompt_tokens': 7769, 'completion_tokens': 4, 'total_tokens': 7773}"
81,script_187535.txt,Theme,Flood Mapping and Monitoring,GROUNDWATER MANAGEMENT,0.706281662,FLOOD LEVELS,0.854753494,HYDROLOGY,"{'prompt_tokens': 7769, 'completion_tokens': 4, 'total_tokens': 7773}"
82,script_187582.txt,Theme,Land cover classification and vegetation index analysis,LAND USE/LAND COVER CLASSIFICATION,0.729021251,VEGETATION INDEX,0.891660213,LAND SURFACE/AGRICULTURE INDICATORS,"{'prompt_tokens': 7771, 'completion_tokens': 12, 'total_tokens': 7783}"
83,script_187585.txt,Theme,Vegetation monitoring using MODIS EVI,VEGETATION INDEX,0.640579164,VEGETATION INDEX,0.828757763,VEGETATION INDEX,"{'prompt_tokens': 7772, 'completion_tokens': 4, 'total_tokens': 7776}"
84,script_187586.txt,Theme,Vegetation monitoring using MODIS EVI,VEGETATION INDEX,0.640579164,VEGETATION INDEX,0.828757763,VEGETATION INDEX,"{'prompt_tokens': 7772, 'completion_tokens': 4, 'total_tokens': 7776}"
85,script_187587.txt,Theme,Vegetation monitoring using MODIS EVI,VEGETATION INDEX,0.640579164,VEGETATION INDEX,0.828757763,VEGETATION INDEX,"{'prompt_tokens': 7772, 'completion_tokens': 4, 'total_tokens': 7776}"
86,script_187738.txt,Theme,Crop land classification and object-based analysis,SOIL CLASSIFICATION,0.692690551,LAND SURFACE/AGRICULTURE INDICATORS,0.854269564,AGRICULTURAL PLANT SCIENCE,"{'prompt_tokens': 7773, 'completion_tokens': 8, 'total_tokens': 7781}"
87,script_187749.txt,Theme,NDVI trend analysis in Beijing,NORMALIZED DIFFERENCE VEGETATION INDEX (NDVI),0.592886448,TEMPERATURE TRENDS,0.782647312,VEGETATION,"{'prompt_tokens': 7770, 'completion_tokens': 3, 'total_tokens': 7773}"
88,script_187888.txt,Theme,Land cover classification and vegetation monitoring,LAND USE/LAND COVER CLASSIFICATION,0.735698462,LAND SURFACE/AGRICULTURE INDICATORS,0.88112992,LAND SURFACE/AGRICULTURE INDICATORS,"{'prompt_tokens': 7770, 'completion_tokens': 12, 'total_tokens': 7782}"
89,script_187895.txt,Theme,Land cover classification and BSI analysis,LAND USE/LAND COVER CLASSIFICATION,0.682597876,LAND USE/LAND COVER CLASSIFICATION,0.870745063,LAND USE/LAND COVER,"{'prompt_tokens': 7771, 'completion_tokens': 6, 'total_tokens': 7777}"
90,script_188011.txt,Theme,Land Surface Temperature Analysis,LAND SURFACE TEMPERATURE,0.79077208,LAND SURFACE TEMPERATURE,0.878021121,LAND SURFACE TEMPERATURE,"{'prompt_tokens': 7769, 'completion_tokens': 6, 'total_tokens': 7775}"
91,script_188030.txt,Theme,Land cover analysis of Tehran using Landsat 8 imagery,LAND SURFACE,0.540172696,SATELLITE SOIL MOISTURE INDEX,0.821160555,LAND USE/LAND COVER,"{'prompt_tokens': 7777, 'completion_tokens': 6, 'total_tokens': 7783}"
92,script_188052.txt,Theme,Water body extraction and analysis,WATER CHARACTERISTICS,0.694322109,GROUND WATER PROCESSES/MEASUREMENTS,0.855571508,HYDROGRAPHY,"{'prompt_tokens': 7769, 'completion_tokens': 6, 'total_tokens': 7775}"
93,script_188147.txt,Theme,Land cover classification and forest monitoring,FOREST MENSURATION,0.740799844,FOREST MENSURATION,0.877524972,LAND SURFACE/AGRICULTURE INDICATORS,"{'prompt_tokens': 7770, 'completion_tokens': 12, 'total_tokens': 7782}"
94,script_188163.txt,Theme,Land cover classification and analysis in Zimbabwe,LAND USE/LAND COVER CLASSIFICATION,0.690386593,LAND USE/LAND COVER CLASSIFICATION,0.848174095,LAND USE/LAND COVER,"{'prompt_tokens': 7771, 'completion_tokens': 6, 'total_tokens': 7777}"
95,script_188190.txt,Theme,Land cover classification and forest monitoring in Zimbabwe,FOREST MENSURATION,0.651589632,FOREST MENSURATION,0.840290189,LAND SURFACE/AGRICULTURE INDICATORS,"{'prompt_tokens': 7772, 'completion_tokens': 12, 'total_tokens': 7784}"
96,script_188217.txt,Theme,Land cover classification and urbanization analysis,LAND USE/LAND COVER CLASSIFICATION,0.763807058,LAND USE/LAND COVER CLASSIFICATION,0.88627249,LAND SURFACE/AGRICULTURE INDICATORS,"{'prompt_tokens': 7771, 'completion_tokens': 12, 'total_tokens': 7783}"
97,script_188221.txt,Theme,Climate analysis of precipitation and evaporation in India,EVAPORATION,0.604095638,REGIONAL CLIMATE LEVELS,0.833680987,HYDROSPHERE,"{'prompt_tokens': 7774, 'completion_tokens': 5, 'total_tokens': 7779}"
98,script_188386.txt,Theme,Land cover classification,LAND USE/LAND COVER CLASSIFICATION,0.805195212,LAND USE/LAND COVER CLASSIFICATION,0.925580025,LAND USE/LAND COVER,"{'prompt_tokens': 7767, 'completion_tokens': 6, 'total_tokens': 7773}"
99,script_188397.txt,Theme,Wildfire analysis,WILDFIRES,0.622101307,FIRE WEATHER INDEX,0.864907026,NATURAL HAZARDS,"{'prompt_tokens': 7767, 'completion_tokens': 6, 'total_tokens': 7773}"
100,script_188400.txt,Theme,Air quality analysis using NO2 column number density,AIR QUALITY,0.674201369,CLOUD-SCREENED TOTAL COLUMN NITROGEN DIOXIDE (NO2),0.837222457,AIR QUALITY,"{'prompt_tokens': 7773, 'completion_tokens': 4, 'total_tokens': 7777}"
101,script_188401.txt,Theme,Temperature analysis,AMBIENT TEMPERATURE,0.7193712,PARTICLE TEMPERATURE,0.878895044,ATMOSPHERIC TEMPERATURE,"{'prompt_tokens': 7767, 'completion_tokens': 8, 'total_tokens': 7775}"
102,script_188412.txt,Theme,Land Surface Temperature (LST) analysis,LAND SURFACE TEMPERATURE,0.718122959,LAND SURFACE TEMPERATURE,0.860464096,LAND SURFACE TEMPERATURE,"{'prompt_tokens': 7773, 'completion_tokens': 6, 'total_tokens': 7779}"
103,script_188413.txt,Theme,Land Surface Temperature (LST) analysis,LAND SURFACE TEMPERATURE,0.718122959,LAND SURFACE TEMPERATURE,0.860464096,LAND SURFACE TEMPERATURE,"{'prompt_tokens': 7773, 'completion_tokens': 6, 'total_tokens': 7779}"
104,script_188414.txt,Theme,Land Surface Temperature Analysis,LAND SURFACE TEMPERATURE,0.79077208,LAND SURFACE TEMPERATURE,0.878021121,LAND SURFACE TEMPERATURE,"{'prompt_tokens': 7769, 'completion_tokens': 6, 'total_tokens': 7775}"
105,script_188419.txt,Theme,Land Surface Temperature (LST) analysis,LAND SURFACE TEMPERATURE,0.718122959,LAND SURFACE TEMPERATURE,0.860464096,LAND SURFACE TEMPERATURE,"{'prompt_tokens': 7773, 'completion_tokens': 6, 'total_tokens': 7779}"
106,script_188454.txt,Theme,Cloud probability analysis in East Asia,EASTERN ATLANTIC WESTERN RUSSIA PATTERN,0.543950319,MESOSPHERIC CLOUDS (OBSERVED/ANALYZED),0.859767079,CLOUDS,"{'prompt_tokens': 7770, 'completion_tokens': 3, 'total_tokens': 7773}"
107,script_188455.txt,Theme,Cloud probability analysis in East South Asia,CLOUD DYNAMICS,0.540957808,MESOSPHERIC CLOUDS (OBSERVED/ANALYZED),0.869391263,CLOUDS,"{'prompt_tokens': 7771, 'completion_tokens': 3, 'total_tokens': 7774}"
108,script_188458.txt,Theme,Cloud probability analysis in East South Asia,CLOUD DYNAMICS,0.540957808,MESOSPHERIC CLOUDS (OBSERVED/ANALYZED),0.869391263,CLOUDS,"{'prompt_tokens': 7771, 'completion_tokens': 3, 'total_tokens': 7774}"
109,script_188465.txt,Theme,Land cover classification using Sentinel-2 data,LAND USE/LAND COVER CLASSIFICATION,0.702070415,LAND USE/LAND COVER CLASSIFICATION,0.839512229,LAND USE/LAND COVER,"{'prompt_tokens': 7773, 'completion_tokens': 6, 'total_tokens': 7779}"
110,script_188502.txt,Theme,Water body area change analysis,WATER CHARACTERISTICS,0.65011549,SURFACE WATER PROCESSES/MEASUREMENTS,0.844954312,HYDROSPHERE,"{'prompt_tokens': 7769, 'completion_tokens': 5, 'total_tokens': 7774}"
111,script_188506.txt,Theme,Land cover classification and cloud probability analysis,LAND USE/LAND COVER CLASSIFICATION,0.714176059,MESOSPHERIC CLOUDS (OBSERVED/ANALYZED),0.8845402,LAND SURFACE/LAND COVER,"{'prompt_tokens': 7771, 'completion_tokens': 7, 'total_tokens': 7778}"
112,script_188509.txt,Theme,Climate and precipitation analysis in East South Asia,WEATHER/CLIMATE ADVISORIES,0.572378576,REGIONAL CLIMATE LEVELS,0.828063607,CLIMATE INDICATORS,"{'prompt_tokens': 7772, 'completion_tokens': 7, 'total_tokens': 7779}"
113,script_188511.txt,Theme,Climate and precipitation analysis in East South Asia,WEATHER/CLIMATE ADVISORIES,0.572378576,REGIONAL CLIMATE LEVELS,0.828063607,CLIMATE INDICATORS,"{'prompt_tokens': 7772, 'completion_tokens': 7, 'total_tokens': 7779}"
114,script_23533.txt,Theme,Land cover classification and change detection,LAND USE/LAND COVER CLASSIFICATION,0.718016028,LAND SURFACE/AGRICULTURE INDICATORS,0.865398645,LAND USE/LAND COVER,"{'prompt_tokens': 7770, 'completion_tokens': 6, 'total_tokens': 7776}"
115,script_28.txt,Theme,Snow cover analysis in Pacific Northwest region,SNOW COVER,0.647862911,SNOW STRATIGRAPHY,0.819947004,SNOW COVER,"{'prompt_tokens': 7771, 'completion_tokens': 4, 'total_tokens': 7775}"
116,script_3043.txt,Theme,Land cover classification and water body detection,LAND USE/LAND COVER CLASSIFICATION,0.704104125,LAND USE/LAND COVER CLASSIFICATION,0.86236763,LAND USE/LAND COVER,"{'prompt_tokens': 7771, 'completion_tokens': 6, 'total_tokens': 7777}"
117,script_32.txt,Theme,Snow cover analysis using MODIS/VIIRS and Sentinel-1 data,SNOW COVER,0.632527232,SNOW STRATIGRAPHY,0.861768961,SNOW COVER,"{'prompt_tokens': 7780, 'completion_tokens': 4, 'total_tokens': 7784}"
118,script_35538.txt,Theme,Land cover analysis,LAND USE/LAND COVER,0.719114304,LAND SURFACE/AGRICULTURE INDICATORS,0.881120205,LAND USE/LAND COVER,"{'prompt_tokens': 7767, 'completion_tokens': 6, 'total_tokens': 7773}"
119,script_35538.txt,Theme,Waterbody extraction,WATER CHARACTERISTICS,0.644286156,WATERSHED DRAINAGE,0.859745979,HYDROGRAPHY,"{'prompt_tokens': 7767, 'completion_tokens': 6, 'total_tokens': 7773}"
120,script_41838.txt,Theme,Land cover classification,LAND USE/LAND COVER CLASSIFICATION,0.805195212,LAND USE/LAND COVER CLASSIFICATION,0.925580025,LAND USE/LAND COVER,"{'prompt_tokens': 7767, 'completion_tokens': 6, 'total_tokens': 7773}"
121,script_42.txt,Theme,Forest cover mapping and classification in Cambodia,FOREST COMPOSITION/VEGETATION STRUCTURE,0.619026542,FOREST MENSURATION,0.843889058,VEGETATION,"{'prompt_tokens': 7772, 'completion_tokens': 3, 'total_tokens': 7775}"
122,script_43803.txt,Theme,Land cover analysis in Zhangjiakou region,LAND USE/LAND COVER CLASSIFICATION,0.608053565,LAND SURFACE/AGRICULTURE INDICATORS,0.833061337,LAND USE/LAND COVER,"{'prompt_tokens': 7773, 'completion_tokens': 6, 'total_tokens': 7779}"
123,script_43.txt,Theme,Community forest analogue regions identification,FOREST MENSURATION,0.595066011,FOREST COMPOSITION/VEGETATION STRUCTURE,0.831184626,FOREST COMPOSITION/VEGETATION STRUCTURE,"{'prompt_tokens': 7769, 'completion_tokens': 13, 'total_tokens': 7782}"
124,script_45435.txt,Theme,Vegetation Cover and Leaf Area Index Analysis,VEGETATION COVER,0.684550285,VEGETATION INDEX,0.902584732,VEGETATION,"{'prompt_tokens': 7772, 'completion_tokens': 3, 'total_tokens': 7775}"
125,script_48.txt,Theme,Land cover change detection and analysis in Cambodia,LAND USE/LAND COVER CLASSIFICATION,0.60080409,LAND SURFACE/AGRICULTURE INDICATORS,0.807401657,LAND SURFACE/AGRICULTURE INDICATORS,"{'prompt_tokens': 7773, 'completion_tokens': 12, 'total_tokens': 7785}"
126,script_49902.txt,Theme,Vegetation health monitoring using satellite indices,VEGETATION INDEX,0.684780121,VEGETATION INDEX,0.870838046,VEGETATION,"{'prompt_tokens': 7771, 'completion_tokens': 3, 'total_tokens': 7774}"
127,script_50.txt,Theme,Forest canopy cover mapping and analysis in Cambodia,FOREST COMPOSITION/VEGETATION STRUCTURE,0.604284644,FOREST MENSURATION,0.843690634,VEGETATION COVER,"{'prompt_tokens': 7774, 'completion_tokens': 5, 'total_tokens': 7779}"
128,script_51624.txt,Theme,Flood monitoring and analysis,FLOOD FREQUENCY,0.703985453,FLOOD LEVELS,0.849592924,HYDROLOGY,"{'prompt_tokens': 7769, 'completion_tokens': 4, 'total_tokens': 7773}"
129,script_52026.txt,Theme,Ozone concentration analysis,OXYGEN ISOTOPE ANALYSIS,0.744370818,OZONE SURFACE,0.873256326,ATMOSPHERIC CHEMISTRY,"{'prompt_tokens': 7768, 'completion_tokens': 10, 'total_tokens': 7778}"
130,script_54980.txt,Theme,Land use/land cover classification,LAND USE/LAND COVER CLASSIFICATION,0.927161455,LAND USE/LAND COVER CLASSIFICATION,0.946592629,LAND USE/LAND COVER,"{'prompt_tokens': 7770, 'completion_tokens': 6, 'total_tokens': 7776}"
131,script_59099.txt,Theme,"Landslide zone evaluation in Aldea Las Minas, Santa Rosa",ENVIRONMENTAL ASSESSMENTS,0.505314946,SAFFIR-SIMPSON SCALE AT LANDFALL (CATEGORY 2),0.816248298,GEOMORPHIC LANDFORMS/PROCESSES,"{'prompt_tokens': 7777, 'completion_tokens': 13, 'total_tokens': 7790}"
132,script_62526.txt,Theme,Water area analysis using Sentinel-2 data in Ahmedabad,WATER CHARACTERISTICS,0.588025689,SURFACE WATER PROCESSES/MEASUREMENTS,0.80194819,WATER RESOURCES,"{'prompt_tokens': 7776, 'completion_tokens': 3, 'total_tokens': 7779}"
133,script_65671.txt,Theme,Landsat 5 and 8 median temperature analysis,BOUNDARY LAYER TEMPERATURE,0.612599492,TEMPERATURE TRENDS,0.830008984,LAND SURFACE TEMPERATURE,"{'prompt_tokens': 7774, 'completion_tokens': 6, 'total_tokens': 7780}"
134,script_67562.txt,Theme,Land cover classification,LAND USE/LAND COVER CLASSIFICATION,0.805195212,LAND USE/LAND COVER CLASSIFICATION,0.925580025,LAND USE/LAND COVER,"{'prompt_tokens': 7767, 'completion_tokens': 6, 'total_tokens': 7773}"
135,script_71184.txt,Theme,Lake water quality monitoring,LAKE LEVELS,0.721970618,LAKE LEVELS,0.826656938,WATER QUALITY/WATER CHEMISTRY,"{'prompt_tokens': 7768, 'completion_tokens': 13, 'total_tokens': 7781}"
136,script_72.txt,Theme,Land cover change detection and analysis in Cambodia,LAND USE/LAND COVER CLASSIFICATION,0.60080409,LAND SURFACE/AGRICULTURE INDICATORS,0.807401657,LAND USE/LAND COVER,"{'prompt_tokens': 7773, 'completion_tokens': 6, 'total_tokens': 7779}"
137,script_75448.txt,Theme,Lake surface area analysis,LAKE LEVELS,0.654528022,LAKE LEVELS,0.828938127,TERRESTRIAL HYDROSPHERE,"{'prompt_tokens': 7768, 'completion_tokens': 10, 'total_tokens': 7778}"
138,script_76696.txt,Theme,Arctic treeline project in Russia,ARCTIC OSCILLATION,0.534933388,ARCTIC TUNDRA,0.834961295,VEGETATION,"{'prompt_tokens': 7770, 'completion_tokens': 3, 'total_tokens': 7773}"
139,script_76709.txt,Theme,Water quality analysis using Sentinel-2 imagery,WATER QUALITY,0.680865526,WATER QUALITY INDEXES,0.827435255,WATER QUALITY,"{'prompt_tokens': 7774, 'completion_tokens': 5, 'total_tokens': 7779}"
140,script_76805.txt,Theme,Arctic greening patterns,ARCTIC OSCILLATION,0.578630328,ARCTIC OSCILLATION,0.860430717,VEGETATION COVER,"{'prompt_tokens': 7768, 'completion_tokens': 5, 'total_tokens': 7773}"
141,script_76839.txt,Theme,Land surface water index and vegetation index analysis,LAND SURFACE/AGRICULTURE INDICATORS,0.703180671,VEGETATION INDEX,0.8843593,LAND SURFACE/AGRICULTURE INDICATORS,"{'prompt_tokens': 7772, 'completion_tokens': 12, 'total_tokens': 7784}"
142,script_76840.txt,Theme,Land surface water index and vegetation index analysis,LAND SURFACE/AGRICULTURE INDICATORS,0.703180671,VEGETATION INDEX,0.8843593,LAND SURFACE/AGRICULTURE INDICATORS,"{'prompt_tokens': 7772, 'completion_tokens': 12, 'total_tokens': 7784}"
143,script_76841.txt,Theme,Land surface water index and vegetation index analysis,LAND SURFACE/AGRICULTURE INDICATORS,0.703180671,VEGETATION INDEX,0.8843593,LAND SURFACE/AGRICULTURE INDICATORS,"{'prompt_tokens': 7772, 'completion_tokens': 12, 'total_tokens': 7784}"
144,script_78663.txt,Theme,Land Cover Classification and Correction,LAND USE/LAND COVER CLASSIFICATION,0.785755813,LAND USE/LAND COVER CLASSIFICATION,0.890832067,LAND USE/LAND COVER,"{'prompt_tokens': 7771, 'completion_tokens': 6, 'total_tokens': 7777}"
145,script_78805.txt,Theme,Land cover analysis using Landsat 5 imagery,LAND USE/LAND COVER CLASSIFICATION,0.635942638,SATELLITE SOIL MOISTURE INDEX,0.838002205,LAND USE/LAND COVER,"{'prompt_tokens': 7774, 'completion_tokens': 6, 'total_tokens': 7780}"
146,script_85061.txt,Theme,Land cover classification in Suriname,LAND USE/LAND COVER CLASSIFICATION,0.671411395,SOIL CLASSIFICATION,0.862125099,LAND USE/LAND COVER,"{'prompt_tokens': 7770, 'completion_tokens': 6, 'total_tokens': 7776}"
147,script_85217.txt,Theme,Land cover classification using Landsat 8 imagery,LAND USE/LAND COVER CLASSIFICATION,0.689390182,LAND USE/LAND COVER CLASSIFICATION,0.852099478,LAND USE/LAND COVER,"{'prompt_tokens': 7774, 'completion_tokens': 6, 'total_tokens': 7780}"
148,script_85219.txt,Theme,Wildfire analysis and monitoring in Chaco region,FOREST MENSURATION,0.584601521,FIRE WEATHER INDEX,0.835101485,NATURAL HAZARDS,"{'prompt_tokens': 7773, 'completion_tokens': 6, 'total_tokens': 7779}"
149,script_89887.txt,Theme,Land cover analysis,LAND USE/LAND COVER,0.719114304,LAND SURFACE/AGRICULTURE INDICATORS,0.881120205,LAND USE/LAND COVER,"{'prompt_tokens': 7767, 'completion_tokens': 6, 'total_tokens': 7773}"
150,script_89887.txt,Theme,Water masking,WATER MASSES,0.726014018,WATER VAPOR PROCESSES,0.845144451,LAND/OCEAN/ICE MASK,"{'prompt_tokens': 7767, 'completion_tokens': 7, 'total_tokens': 7774}"
151,script_89887.txt,Theme,Hillshade generation,HORSEHAIR WORMS,0.449067175,SOIL HORIZONS/PROFILE,0.849602282,TOPOGRAPHY,"{'prompt_tokens': 7767, 'completion_tokens': 5, 'total_tokens': 7772}"
152,script_95721.txt,Theme,Crop monitoring and vegetation analysis,LAND SURFACE/AGRICULTURE INDICATORS,0.684670329,LAND SURFACE/AGRICULTURE INDICATORS,0.844438076,VEGETATION,"{'prompt_tokens': 7770, 'completion_tokens': 3, 'total_tokens': 7773}"
153,script_95950.txt,Theme,Vegetation health monitoring using NDVI,NORMALIZED DIFFERENCE VEGETATION INDEX (NDVI),0.749244928,NORMALIZED DIFFERENCE VEGETATION INDEX (NDVI),0.890627146,VEGETATION,"{'prompt_tokens': 7771, 'completion_tokens': 3, 'total_tokens': 7774}"
154,script_96316.txt,Theme,Land cover classification and vegetation monitoring,LAND USE/LAND COVER CLASSIFICATION,0.735698462,LAND SURFACE/AGRICULTURE INDICATORS,0.88112992,LAND SURFACE/AGRICULTURE INDICATORS,"{'prompt_tokens': 7770, 'completion_tokens': 12, 'total_tokens': 7782}"
155,script_96317.txt,Theme,Land cover classification and vegetation index analysis,LAND USE/LAND COVER CLASSIFICATION,0.729021251,VEGETATION INDEX,0.891660213,LAND SURFACE/AGRICULTURE INDICATORS,"{'prompt_tokens': 7771, 'completion_tokens': 12, 'total_tokens': 7783}"
156,script_96322.txt,Theme,Land use land cover classification,LAND USE/LAND COVER CLASSIFICATION,0.854563832,LAND USE/LAND COVER CLASSIFICATION,0.950318933,LAND USE/LAND COVER CLASSIFICATION,"{'prompt_tokens': 7769, 'completion_tokens': 8, 'total_tokens': 7777}"
157,script_96322.txt,Theme,Crop monitoring,AGRICULTURE PRODUCTION,0.691892385,CROP HEIGHT,0.85039556,AGRICULTURAL PLANT SCIENCE,"{'prompt_tokens': 7767, 'completion_tokens': 8, 'total_tokens': 7775}"
158,script_96332.txt,Theme,Land cover classification,LAND USE/LAND COVER CLASSIFICATION,0.805195212,LAND USE/LAND COVER CLASSIFICATION,0.925580025,LAND USE/LAND COVER,"{'prompt_tokens': 7767, 'completion_tokens': 6, 'total_tokens': 7773}"
159,script_96332.txt,Theme,Water quality monitoring,WATER QUALITY,0.817907035,WATER MANAGEMENT,0.882334948,WATER QUALITY,"{'prompt_tokens': 7767, 'completion_tokens': 5, 'total_tokens': 7772}"
160,script_96361.txt,Theme,"Landsat 5, 7, 8 image processing and analysis",RADAR IMAGERY,0.604602695,SATELLITE SOIL MOISTURE INDEX,0.813519001,LAND SURFACE,"{'prompt_tokens': 7778, 'completion_tokens': 3, 'total_tokens': 7781}"
161,script_96424.txt,Theme,Lake water surface analysis,LAKE LEVELS,0.696943462,LAKE LEVELS,0.842139125,HYDROGRAPHY,"{'prompt_tokens': 7768, 'completion_tokens': 6, 'total_tokens': 7774}"
162,script_96426.txt,Theme,Lake water surface area analysis,LAKE LEVELS,0.668185711,SURFACE WATER PROCESSES/MEASUREMENTS,0.833525479,TERRESTRIAL HYDROSPHERE,"{'prompt_tokens': 7769, 'completion_tokens': 10, 'total_tokens': 7779}"
163,script_96427.txt,Theme,Lake water surface analysis and monitoring,LAKE LEVELS,0.701723278,LAKE LEVELS,0.834448695,HYDROGRAPHY,"{'prompt_tokens': 7770, 'completion_tokens': 6, 'total_tokens': 7776}"
164,script_96458.txt,Theme,Rice paddy monitoring,FEED PROCESSING,0.566803217,LIDAR,0.794697464,AGRICULTURAL PLANT SCIENCE,"{'prompt_tokens': 7768, 'completion_tokens': 8, 'total_tokens': 7776}"
165,script_96458.txt,Theme,Urban area detection,URBAN AREAS,0.731150985,URBAN AREAS,0.848409057,HUMAN SETTLEMENTS,"{'prompt_tokens': 7767, 'completion_tokens': 6, 'total_tokens': 7773}"
166,script_96458.txt,Theme,Water body detection,WATER DEPTH,0.719680309,WATER VAPOR INDICATORS,0.84533453,HYDROGRAPHY,"{'prompt_tokens': 7767, 'completion_tokens': 6, 'total_tokens': 7773}"
167,script_96458.txt,Theme,Vegetation monitoring,FOREST MENSURATION,0.762295008,VEGETATION INDEX,0.88404727,VEGETATION,"{'prompt_tokens': 7767, 'completion_tokens': 3, 'total_tokens': 7770}"
168,script_96459.txt,Theme,Land use classification and urbanization analysis,LAND USE/LAND COVER CLASSIFICATION,0.773401976,LAND USE/LAND COVER CLASSIFICATION,0.892591417,LAND USE/LAND COVER,"{'prompt_tokens': 7771, 'completion_tokens': 6, 'total_tokens': 7777}"
169,script_96519.txt,Theme,Flood analysis,FLOODING,0.683571637,FLOOD LEVELS,0.877972722,HYDROLOGY,"{'prompt_tokens': 7767, 'completion_tokens': 4, 'total_tokens': 7771}"
170,script_96519.txt,Theme,Earthquake analysis,EARTHQUAKE PREDICTIONS,0.717237234,EARTHQUAKE OCCURRENCES,0.895441771,EARTHQUAKES,"{'prompt_tokens': 7767, 'completion_tokens': 5, 'total_tokens': 7772}"
171,script_96519.txt,Theme,Land use analysis,LAND USE/LAND COVER CLASSIFICATION,0.746392727,LAND USE/LAND COVER CLASSIFICATION,0.886578679,LAND USE/LAND COVER,"{'prompt_tokens': 7767, 'completion_tokens': 6, 'total_tokens': 7773}"
172,script_96519.txt,Theme,Fire analysis,FIRE MODELS,0.675780177,FIRE WEATHER INDEX,0.880066097,FIRE ECOLOGY,"{'prompt_tokens': 7766, 'completion_tokens': 5, 'total_tokens': 7771}"
173,script_96537.txt,Theme,Land cover classification and geomedian analysis,LAND USE/LAND COVER CLASSIFICATION,0.69628489,LAND USE/LAND COVER CLASSIFICATION,0.88019979,LAND USE/LAND COVER,"{'prompt_tokens': 7772, 'completion_tokens': 6, 'total_tokens': 7778}"
174,script_96538.txt,Theme,Panteon characterization using Sentinel-2 data,SENSOR CHARACTERISTICS,0.569967151,SAFFIR-SIMPSON SCALE AT LANDFALL (CATEGORY 2),0.782494426,LAND SURFACE,"{'prompt_tokens': 7775, 'completion_tokens': 3, 'total_tokens': 7778}"
175,script_96558.txt,Theme,Climate and vegetation analysis in Hungary,FOREST COMPOSITION/VEGETATION STRUCTURE,0.59189117,VEGETATION INDEX,0.822518766,VEGETATION,"{'prompt_tokens': 7770, 'completion_tokens': 3, 'total_tokens': 7773}"
176,script_96578.txt,Theme,Wildfire analysis in Tasmania,FOREST FIRE SCIENCE,0.573156536,FIRE WEATHER INDEX,0.83607626,NATURAL HAZARDS,"{'prompt_tokens': 7770, 'completion_tokens': 6, 'total_tokens': 7776}"
177,script_96593.txt,Theme,Locust damage assessment using remote sensing,FOREST MENSURATION,0.524586022,RADAR CROSS-SECTION,0.790206671,AGRICULTURAL PLANT SCIENCE,"{'prompt_tokens': 7771, 'completion_tokens': 8, 'total_tokens': 7779}"
178,script_96611.txt,Theme,Landsat 8 image compositing and NDVI analysis,RADAR IMAGERY,0.548461914,Digital Surface Model (DSM),0.794680357,LAND SURFACE,"{'prompt_tokens': 7775, 'completion_tokens': 3, 'total_tokens': 7778}"
179,script_97207.txt,Theme,Wildfire analysis and classification,FIRE MODELS,0.616199255,FIRE WEATHER INDEX,0.870340765,NATURAL HAZARDS,"{'prompt_tokens': 7769, 'completion_tokens': 6, 'total_tokens': 7775}"
180,script_97208.txt,Theme,Wildfire analysis and classification,FIRE MODELS,0.616199255,FIRE WEATHER INDEX,0.870340765,NATURAL HAZARDS,"{'prompt_tokens': 7769, 'completion_tokens': 6, 'total_tokens': 7775}"
181,script_97209.txt,Theme,Wildfire analysis and classification,FIRE MODELS,0.616199255,FIRE WEATHER INDEX,0.870340765,NATURAL HAZARDS,"{'prompt_tokens': 7769, 'completion_tokens': 6, 'total_tokens': 7775}"
182,script_97210.txt,Theme,Wildfire analysis and classification,FIRE MODELS,0.616199255,FIRE WEATHER INDEX,0.870340765,NATURAL HAZARDS,"{'prompt_tokens': 7769, 'completion_tokens': 6, 'total_tokens': 7775}"
183,script_97211.txt,Theme,Wildfire analysis and classification,FIRE MODELS,0.616199255,FIRE WEATHER INDEX,0.870340765,NATURAL HAZARDS,"{'prompt_tokens': 7769, 'completion_tokens': 6, 'total_tokens': 7775}"
184,script_97212.txt,Theme,Wildfire analysis and classification,FIRE MODELS,0.616199255,FIRE WEATHER INDEX,0.870340765,NATURAL HAZARDS,"{'prompt_tokens': 7769, 'completion_tokens': 6, 'total_tokens': 7775}"
185,script_97250.txt,Theme,Night Light Statistics by Landcover in India,LAND USE/LAND COVER CLASSIFICATION,0.551572204,VEGETATION INDEX,0.80881238,LAND SURFACE,"{'prompt_tokens': 7772, 'completion_tokens': 3, 'total_tokens': 7775}"
186,script_97292.txt,Theme,Land cover classification and object-based image analysis,LAND USE/LAND COVER CLASSIFICATION,0.69483912,LAND USE/LAND COVER CLASSIFICATION,0.858671784,LAND USE/LAND COVER,"{'prompt_tokens': 7773, 'completion_tokens': 6, 'total_tokens': 7779}"
187,script_97295.txt,Theme,Land Use Land Cover (LULC) classification,LAND USE/LAND COVER CLASSIFICATION,0.813597798,LAND USE/LAND COVER CLASSIFICATION,0.922180295,LAND USE/LAND COVER,"{'prompt_tokens': 7774, 'completion_tokens': 6, 'total_tokens': 7780}"
188,script_97367.txt,Theme,Land cover analysis in Colombia,LAND USE/LAND COVER CLASSIFICATION,0.616950214,LAND USE/LAND COVER,0.831286907,LAND USE/LAND COVER,"{'prompt_tokens': 7769, 'completion_tokens': 6, 'total_tokens': 7775}"
189,script_97371.txt,Theme,Agricultural crop monitoring and analysis,AGRICULTURE PRODUCTION,0.729417562,AGRICULTURE PRODUCTION,0.835691929,AGRICULTURAL PLANT SCIENCE,"{'prompt_tokens': 7770, 'completion_tokens': 8, 'total_tokens': 7778}"
190,script_97430.txt,Theme,Land cover classification,LAND USE/LAND COVER CLASSIFICATION,0.805195212,LAND USE/LAND COVER CLASSIFICATION,0.925580025,LAND USE/LAND COVER,"{'prompt_tokens': 7767, 'completion_tokens': 6, 'total_tokens': 7773}"
191,script_97430.txt,Theme,Vegetation analysis,VEGETATION,0.71235621,VEGETATION INDEX,0.9112643,VEGETATION,"{'prompt_tokens': 7767, 'completion_tokens': 3, 'total_tokens': 7770}"
192,script_97431.txt,Theme,Water body analysis in Chad,WATER CHARACTERISTICS,0.612199187,GROUND WATER PROCESSES/MEASUREMENTS,0.80617094,HYDROGRAPHY,"{'prompt_tokens': 7769, 'completion_tokens': 6, 'total_tokens': 7775}"
193,script_97446.txt,Theme,Land cover analysis in Kalimantan region,LAND USE/LAND COVER CLASSIFICATION,0.614225507,LAND SURFACE/AGRICULTURE INDICATORS,0.832463741,LAND USE/LAND COVER,"{'prompt_tokens': 7770, 'completion_tokens': 6, 'total_tokens': 7776}"
194,script_97475.txt,Theme,Land cover classification and analysis using Sentinel-2 imagery,LAND USE/LAND COVER CLASSIFICATION,0.698471248,LAND USE/LAND COVER CLASSIFICATION,0.83947134,LAND USE/LAND COVER,"{'prompt_tokens': 7776, 'completion_tokens': 6, 'total_tokens': 7782}"
195,script_97477.txt,Theme,Water quality analysis of Oneida Lake,WATER QUALITY,0.617673397,WATER QUALITY INDEXES,0.845504344,WATER QUALITY/WATER CHEMISTRY,"{'prompt_tokens': 7771, 'completion_tokens': 13, 'total_tokens': 7784}"
196,script_97479.txt,Theme,Landsat 8 Surface Reflectance Analysis,APPARENT SURFACE REFLECTIVITY,0.664288819,SATELLITE SOIL MOISTURE INDEX,0.817801118,LAND SURFACE,"{'prompt_tokens': 7773, 'completion_tokens': 3, 'total_tokens': 7776}"
197,script_97507.txt,Theme,Tracking Crop Greenness in Merced County,VEGETATION,0.611555398,CROP HARVEST DATES,0.816864312,AGRICULTURAL PLANT SCIENCE,"{'prompt_tokens': 7774, 'completion_tokens': 8, 'total_tokens': 7782}"
198,script_97508.txt,Theme,Tracking Crop Greenness in Merced County,VEGETATION,0.611555398,CROP HARVEST DATES,0.816864312,AGRICULTURAL PLANT SCIENCE,"{'prompt_tokens': 7774, 'completion_tokens': 8, 'total_tokens': 7782}"
199,script_97509.txt,Theme,Burn Severity of Mendocino Complex Fire,TORNADO DENSITY,0.549666882,BURNED AREA,0.83426559,WILDFIRES,"{'prompt_tokens': 7774, 'completion_tokens': 4, 'total_tokens': 7778}"
200,script_97510.txt,Theme,Burn Severity Analysis of Mendocino Complex Fire,TOXICITY LEVELS,0.551405191,FIRE WEATHER INDEX,0.834688485,WILDFIRES,"{'prompt_tokens': 7775, 'completion_tokens': 4, 'total_tokens': 7779}"
201,script_97512.txt,Theme,Burn severity analysis of Medocino Complex Fire,VOLCANO MAGNITUDE/INTENSITY,0.537986398,FIRE WEATHER INDEX,0.857816577,WILDFIRES,"{'prompt_tokens': 7773, 'completion_tokens': 4, 'total_tokens': 7777}"
202,script_97538.txt,Theme,Land cover analysis using Landsat 8 imagery,LAND USE/LAND COVER CLASSIFICATION,0.627809286,LAND SURFACE/AGRICULTURE INDICATORS,0.829707146,LAND USE/LAND COVER,"{'prompt_tokens': 7774, 'completion_tokens': 6, 'total_tokens': 7780}"
203,script_97539.txt,Theme,Land cover analysis using Landsat 8 imagery,LAND USE/LAND COVER CLASSIFICATION,0.627809286,LAND SURFACE/AGRICULTURE INDICATORS,0.829707146,LAND USE/LAND COVER,"{'prompt_tokens': 7774, 'completion_tokens': 6, 'total_tokens': 7780}"
204,script_97582.txt,Theme,Wildfire monitoring and analysis,FOREST MENSURATION,0.682830095,FIRE MANAGEMENT,0.863375783,NATURAL HAZARDS,"{'prompt_tokens': 7769, 'completion_tokens': 6, 'total_tokens': 7775}"
205,script_97609.txt,Theme,Drought monitoring and seasonal rainfall analysis,DROUGHT FREQUENCY,0.628616571,DROUGHT DURATION,0.857619464,ATMOSPHERIC WATER VAPOR,"{'prompt_tokens': 7772, 'completion_tokens': 10, 'total_tokens': 7782}"
206,script_97610.txt,Theme,Climate Analysis,CLIMATE WARMING,0.699525476,CONVECTIVE CLOUDS/SYSTEMS (OBSERVED/ANALYZED),0.874642849,CLIMATE INDICATORS,"{'prompt_tokens': 7766, 'completion_tokens': 7, 'total_tokens': 7773}"
207,script_97651.txt,Theme,Landsat 7 image processing for cloud masking and export,LAND/OCEAN/ICE MASK,0.551924348,CLOUD PROPERTIES,0.833077788,REMOTE SENSING,"{'prompt_tokens': 7776, 'completion_tokens': 4, 'total_tokens': 7780}"
208,script_97683.txt,Theme,Satellite Imagery Analysis,RADAR IMAGERY,0.720882595,SATELLITE SOIL MOISTURE INDEX,0.830264091,LAND SURFACE,"{'prompt_tokens': 7770, 'completion_tokens': 3, 'total_tokens': 7773}"
209,script_97683.txt,Theme,Remote Sensing,RADIATIONAL DIVERGENCE,0.655803263,RADAR,0.875522614,EARTH SCIENCE,"{'prompt_tokens': 7767, 'completion_tokens': 4, 'total_tokens': 7771}"
210,script_97683.txt,Theme,Earth Observation,Earth Science,0.800637245,Earth Science,0.879461706,EARTH SCIENCE,"{'prompt_tokens': 7767, 'completion_tokens': 4, 'total_tokens': 7771}"
211,script_97700.txt,Theme,Vegetation Index Analysis,VEGETATION INDEX,0.792009354,VEGETATION INDEX,0.931815863,VEGETATION INDEX,"{'prompt_tokens': 7768, 'completion_tokens': 4, 'total_tokens': 7772}"
212,script_97700.txt,Theme,SAR Image Analysis,RADAR IMAGERY,0.721376479,RADAR IMAGERY,0.864714324,REMOTE SENSING,"{'prompt_tokens': 7768, 'completion_tokens': 4, 'total_tokens': 7772}"
213,script_97704.txt,Theme,Topographic analysis of global DEMs,DIGITAL ELEVATION/TERRAIN MODEL (DEM),0.647926509,Digital Surface Model (DSM),0.839055181,TOPOGRAPHY,"{'prompt_tokens': 7772, 'completion_tokens': 5, 'total_tokens': 7777}"
214,script_97718.txt,Theme,Vegetation health monitoring using NDVI and MSI indices,NORMALIZED DIFFERENCE VEGETATION INDEX (NDVI),0.715051055,NORMALIZED DIFFERENCE VEGETATION INDEX (NDVI),0.882458866,VEGETATION,"{'prompt_tokens': 7774, 'completion_tokens': 3, 'total_tokens': 7777}"
215,script_97724.txt,Theme,Chinese Privet monitoring and NDVI analysis,NORMALIZED DIFFERENCE VEGETATION INDEX (NDVI),0.548135281,NORMALIZED DIFFERENCE VEGETATION INDEX (NDVI),0.79361546,VEGETATION,"{'prompt_tokens': 7772, 'completion_tokens': 3, 'total_tokens': 7775}"
216,script_97954.txt,Theme,Land cover classification and land change detection in the Bahamas,LAND USE/LAND COVER CLASSIFICATION,0.660752237,LAND SURFACE/AGRICULTURE INDICATORS,0.803334236,LAND USE/LAND COVER,"{'prompt_tokens': 7775, 'completion_tokens': 6, 'total_tokens': 7781}"
217,script_97974.txt,Theme,Land cover classification and change detection in Grenada,LAND USE/LAND COVER CLASSIFICATION,0.638805807,LAND SURFACE/AGRICULTURE INDICATORS,0.826459289,LAND USE/LAND COVER,"{'prompt_tokens': 7773, 'completion_tokens': 6, 'total_tokens': 7779}"
218,script_97988.txt,Theme,Land cover classification and forest area analysis in Belize,LAND USE/LAND COVER CLASSIFICATION,0.637300968,FOREST COMPOSITION/VEGETATION STRUCTURE,0.831570387,LAND SURFACE/AGRICULTURE INDICATORS,"{'prompt_tokens': 7774, 'completion_tokens': 12, 'total_tokens': 7786}"
219,script_97991.txt,Theme,Land cover classification and analysis of Trinidad and Tobago,LAND USE/LAND COVER CLASSIFICATION,0.68619585,LAND USE/LAND COVER CLASSIFICATION,0.857065737,LAND USE/LAND COVER,"{'prompt_tokens': 7775, 'completion_tokens': 6, 'total_tokens': 7781}"
220,script_98003.txt,Theme,Land cover analysis in Central America,LAND USE/LAND COVER CLASSIFICATION,0.626246631,LAND SURFACE/AGRICULTURE INDICATORS,0.803696632,LAND USE/LAND COVER,"{'prompt_tokens': 7770, 'completion_tokens': 6, 'total_tokens': 7776}"
221,script_98169.txt,Theme,Vegetation monitoring using NDVI in Wisconsin,NORMALIZED DIFFERENCE VEGETATION INDEX (NDVI),0.6785115,NORMALIZED DIFFERENCE VEGETATION INDEX (NDVI),0.847453952,VEGETATION,"{'prompt_tokens': 7772, 'completion_tokens': 3, 'total_tokens': 7775}"
222,script_98257.txt,Theme,Flood monitoring and analysis,FLOOD FREQUENCY,0.703985453,FLOOD LEVELS,0.849592924,HYDROLOGY,"{'prompt_tokens': 7769, 'completion_tokens': 4, 'total_tokens': 7773}"
223,script_98258.txt,Theme,Flood monitoring and analysis,FLOOD FREQUENCY,0.703985453,FLOOD LEVELS,0.849592924,HYDROLOGY,"{'prompt_tokens': 7769, 'completion_tokens': 4, 'total_tokens': 7773}"
224,script_98259.txt,Theme,"Flood monitoring and water detection in Hue, Vietnam",FLOOD LEVELS,0.601630926,FLOOD LEVELS,0.813265324,HYDROSPHERE,"{'prompt_tokens': 7775, 'completion_tokens': 5, 'total_tokens': 7780}"
225,script_98260.txt,Theme,Flood analysis and water detection,HYDROGRAPHY,0.682618737,FLOOD LEVELS,0.848394275,HYDROSPHERE,"{'prompt_tokens': 7770, 'completion_tokens': 5, 'total_tokens': 7775}"
226,script_98261.txt,Theme,Flood extent analysis,INUNDATION AMOUNT,0.652186573,FLOOD LEVELS,0.888682723,FRESHWATER RUNOFF,"{'prompt_tokens': 7768, 'completion_tokens': 6, 'total_tokens': 7774}"
227,script_98262.txt,Theme,Flood extent analysis and mapping,HYDROGRAPHY,0.634059548,FLOOD LEVELS,0.865865767,HYDROSPHERE,"{'prompt_tokens': 7770, 'completion_tokens': 5, 'total_tokens': 7775}"
228,script_98263.txt,Theme,Flood monitoring and analysis,FLOOD FREQUENCY,0.703985453,FLOOD LEVELS,0.849592924,HYDROLOGY,"{'prompt_tokens': 7769, 'completion_tokens': 4, 'total_tokens': 7773}"
229,script_98266.txt,Theme,Flood monitoring and mapping,FLOODING,0.704424202,FLOOD LEVELS,0.850253463,HYDROLOGY,"{'prompt_tokens': 7769, 'completion_tokens': 4, 'total_tokens': 7773}"
230,script_98267.txt,Theme,Flood extent analysis using Sentinel-1 data,FLOOD FREQUENCY,0.653787255,FLOOD LEVELS,0.834664226,FRESHWATER RUNOFF,"{'prompt_tokens': 7774, 'completion_tokens': 6, 'total_tokens': 7780}"
231,script_98275.txt,Theme,Flood monitoring and analysis,FLOOD FREQUENCY,0.703985453,FLOOD LEVELS,0.849592924,HYDROLOGY,"{'prompt_tokens': 7769, 'completion_tokens': 4, 'total_tokens': 7773}"
232,script_98287.txt,Theme,Vegetation monitoring using Sentinel-2 imagery,FOREST MENSURATION,0.653159618,VEGETATION INDEX,0.847617507,VEGETATION,"{'prompt_tokens': 7774, 'completion_tokens': 3, 'total_tokens': 7777}"
233,script_98289.txt,Theme,Landsat 8 Surface Reflectance Analysis,APPARENT SURFACE REFLECTIVITY,0.664288819,SATELLITE SOIL MOISTURE INDEX,0.817801118,LAND SURFACE,"{'prompt_tokens': 7773, 'completion_tokens': 3, 'total_tokens': 7776}"
234,script_98290.txt,Theme,Land cover classification,LAND USE/LAND COVER CLASSIFICATION,0.805195212,LAND USE/LAND COVER CLASSIFICATION,0.925580025,LAND USE/LAND COVER,"{'prompt_tokens': 7767, 'completion_tokens': 6, 'total_tokens': 7773}"
