ID,Script_ID,Entity_Type,Value,Value_sentence-t5-large,Top1_Similarity_sentence-t5-large,Value_BAAI,Top1_Similarity_BAAI,Value_GPT4o,Usage
1,script_102957.txt,Theme,Landsat imagery analysis for Los Angeles,MESOSPHERIC CLOUDS (OBSERVED/ANALYZED),0.790155411,RADAR IMAGERY,0.57506454,LAND USE/LAND COVER CLASSIFICATION,7340
2,script_10376.txt,Theme,Landsat 8 imagery analysis for September 2021,BERYLLIUM-10 ANALYSIS,0.78841722,LANDFALL INTENSITY,0.502521336,LAND USE/LAND COVER CLASSIFICATION,7340
3,script_103827.txt,Theme,Flood analysis in Gujarat using Sentinel-1 imagery,FLOOD LEVELS,0.823630929,FLOOD LEVELS,0.585539997,FLOODS,7340
4,script_106121.txt,Theme,Sentinel-2 image reprojection,RADAR IMAGERY,0.804162383,ISOSTATIC REBOUND,0.612356842,LAND USE/LAND COVER CLASSIFICATION,7340
5,script_106121.txt,Theme,Cloud filtering,CLOUD DYNAMICS,0.891813159,INFILTRATION,0.687356889,CLOUDS,7340
6,script_106121.txt,Theme,Export to Google Drive,GNETOPS,0.764720798,FEED STORAGE,0.511535525,COMMUNICATIONS,7311
7,script_10828.txt,Theme,NIRv calculation,NET RADIATION,0.816029549,INFILTRATION RATE,0.56827569,VEGETATION INDEX,7311
8,script_10828.txt,Theme,Cloud masking,CLOUD MICROPHYSICS,0.896247745,CLOUD CEILING,0.6455549,CLOUD PROPERTIES,7311
9,script_10828.txt,Theme,Linear interpolation,CONTOUR MAPS,0.811500072,INFRARED IMAGERY,0.720442772,SOIL MECHANICS,7311
10,script_110133.txt,Theme,Flood mapping,FLOOD LEVELS,0.878828168,FLOODING,0.757917345,FLOODS,7311
11,script_110133.txt,Theme,Damage assessment,DISASTER RESPONSE,0.846092701,DEGRADATION,0.675355315,ENVIRONMENTAL ASSESSMENTS,7319
12,script_110133.txt,Theme,Population exposure,POPULATION DENSITY,0.875718594,POPULATION,0.721381664,RADIATION EXPOSURE,7319
13,script_115907.txt,Theme,NDVI analysis,NORMALIZED DIFFERENCE VEGETATION INDEX (NDVI),0.840828061,NORMALIZED DIFFERENCE VEGETATION INDEX (NDVI),0.68153584,VEGETATION INDEX,7319
14,script_115907.txt,Theme,Vegetation monitoring,VEGETATION INDEX,0.88404727,FOREST MENSURATION,0.762295008,VEGETATION COVER,7319
15,script_115907.txt,Theme,Temporal analysis,BIVARIATE ENSO TIMESERIES INDEX,0.821212769,STRATIGRAPHIC SEQUENCE,0.686426878,ATMOSPHERIC TEMPERATURE INDICES,7319
16,script_118175.txt,Theme,Cloud masking,CLOUD MICROPHYSICS,0.896247745,CLOUD CEILING,0.6455549,CLOUD PROPERTIES,7315
17,script_118175.txt,Theme,NDVI calculation,NORMALIZED DIFFERENCE VEGETATION INDEX (NDVI),0.821857333,NORMALIZED DIFFERENCE VEGETATION INDEX (NDVI),0.693864882,VEGETATION INDEX,7315
18,script_118175.txt,Theme,NDWI calculation,NORTHERN OSCILLATION INDEX,0.7785393,NORMALIZED DIFFERENCE VEGETATION INDEX (NDVI),0.609177649,WATER QUALITY INDEXES,7315
19,script_118175.txt,Theme,MNDWI calculation,HUMAN DIMENSIONS,0.798088253,NORMALIZED DIFFERENCE VEGETATION INDEX (NDVI),0.579470038,WATER QUALITY INDEXES,7315
20,script_118175.txt,Theme,NDSI calculation,NINO 1+2 INDEX,0.779510081,NORMALIZED DIFFERENCE VEGETATION INDEX (NDVI),0.587519765,SNOW COVER,7315
21,script_118175.txt,Theme,EWI calculation,EPIDEMIOLOGY,0.78751868,ENVIRONMENTAL VULNERABILITY INDEX (EVI),0.612433314,ENVIRONMENTAL VULNERABILITY INDEX (EVI),7319
22,script_118175.txt,Theme,ICE detection,ICE TEMPERATURE,0.870506644,ICE VELOCITY,0.776970148,ICE DETECTION,7319
23,script_119133.txt,Theme,Burn severity analysis,BURNED AREA,0.844546676,BRIGHTNESS TEMPERATURE,0.566489458,FIRE SEVERITY,7319
24,script_119133.txt,Theme,Post-fire classification,FIRE WEATHER INDEX,0.825647473,FIRE MODELS,0.630982459,FIRE MANAGEMENT,7319
25,script_11983.txt,Theme,NDVI analysis,NORMALIZED DIFFERENCE VEGETATION INDEX (NDVI),0.840828061,NORMALIZED DIFFERENCE VEGETATION INDEX (NDVI),0.68153584,VEGETATION INDEX,7319
26,script_11983.txt,Theme,Time series analysis,BIVARIATE ENSO TIMESERIES INDEX,0.791666508,STRATIGRAPHIC SEQUENCE,0.655381441,ATMOSPHERIC TEMPERATURE INDICES,7320
27,script_11983.txt,Theme,Cloud masking,CLOUD MICROPHYSICS,0.896247745,CLOUD CEILING,0.6455549,CLOUD PROPERTIES,7320
28,script_11983.txt,Theme,Image differencing,RADAR IMAGERY,0.835119486,PHOTOSYNTHESIS,0.733507395,LAND USE/LAND COVER CLASSIFICATION,7320
29,script_11983.txt,Theme,Anomaly detection,RADAR CROSS-SECTION,0.827914059,MAGNETIC ANOMALIES,0.707469225,CLIMATE INDICATORS,7320
30,script_120271.txt,Theme,NDVI calculation,NORMALIZED DIFFERENCE VEGETATION INDEX (NDVI),0.821857333,NORMALIZED DIFFERENCE VEGETATION INDEX (NDVI),0.693864882,VEGETATION INDEX,7320
31,script_120271.txt,Theme,Gradient bar creation,BAR,0.808738232,POINT BAR,0.602030039,SURFACE RADIATIVE PROPERTIES,7314
32,script_120271.txt,Theme,Map styling,CONTOUR MAPS,0.837718368,SHORELINE MAPPING,0.633147478,LAND USE/LAND COVER CLASSIFICATION,7314
33,script_120557.txt,Theme,Cloud masking,CLOUD MICROPHYSICS,0.896247745,CLOUD CEILING,0.6455549,CLOUD TYPES,7314
34,script_120557.txt,Theme,Water detection,WATER VAPOR INDICATORS,0.868164659,WATER CHARACTERISTICS,0.729074478,WATER QUALITY,7314
35,script_120557.txt,Theme,Vegetation detection,VEGETATION INDEX,0.889041066,VEGETATION OPTICAL DEPTH,0.7391752,VEGETATION INDEX,7314
36,script_125294.txt,Theme,Cloud masking,CLOUD MICROPHYSICS,0.896247745,CLOUD CEILING,0.6455549,CLOUD PROPERTIES,7322
37,script_125294.txt,Theme,Landsat image analysis,SATELLITE SOIL MOISTURE INDEX,0.822952449,RADAR IMAGERY,0.61886847,LAND USE/LAND COVER CLASSIFICATION,7322
38,script_125294.txt,Theme,Percentile reduction,DENITRIFICATION RATE,0.839225292,SEDIMENTATION RATE,0.640961528,PRECIPITATION INDICES,7322
39,script_125294.txt,Theme,RGB composition,COLOR,0.823072851,PARTICLE COMPOSITION,0.623022437,VEGETATION INDEX,7322
40,script_131942.txt,Theme,Sentinel-2 imagery classification,RADAR IMAGERY,0.805660844,RADAR IMAGERY,0.567660451,LAND USE/LAND COVER CLASSIFICATION,7322
41,script_131942.txt,Theme,Cloud-free image generation,CLOUD PROPERTIES,0.774491608,PHOTOSYNTHESIS,0.622888446,CLOUDS,7316
42,script_131942.txt,Theme,Land cover classification,LAND USE/LAND COVER CLASSIFICATION,0.925580025,LAND USE/LAND COVER CLASSIFICATION,0.805195212,LAND USE/LAND COVER CLASSIFICATION,7316
43,script_144864.txt,Theme,Satellite image processing,SATELLITE SOIL MOISTURE INDEX,0.82567513,PHOTOSYNTHESIS,0.689454615,SATELLITE IMAGE PROCESSING,7316
44,script_144864.txt,Theme,Cloud masking,CLOUD MICROPHYSICS,0.896247745,CLOUD CEILING,0.6455549,CLOUDS,7316
45,script_144864.txt,Theme,NDVI classification,NORMALIZED DIFFERENCE VEGETATION INDEX (NDVI),0.871131718,NORMALIZED DIFFERENCE VEGETATION INDEX (NDVI),0.710909843,VEGETATION INDEX,7316
46,script_146128.txt,Theme,Burned area classification,BURNED AREA,0.899799109,BURNED AREA,0.7220608,LAND USE/LAND COVER CLASSIFICATION,7319
47,script_146128.txt,Theme,Vegetation analysis,VEGETATION INDEX,0.9112643,VEGETATION,0.71235621,VEGETATION COVER,7319
48,script_146128.txt,Theme,Bare soil detection,SOIL ROOTING DEPTH,0.848175585,SOIL INFILTRATION,0.641475201,SOIL CLASSIFICATION,7319
49,script_146128.txt,Theme,Water body identification,LAKES/RESERVOIRS,0.848647237,WATER CHARACTERISTICS,0.721213162,SURFACE WATER,7319
50,script_15043.txt,Theme,Land cover classification,LAND USE/LAND COVER CLASSIFICATION,0.925580025,LAND USE/LAND COVER CLASSIFICATION,0.805195212,LAND USE/LAND COVER CLASSIFICATION,7319
51,script_15043.txt,Theme,Variable importance analysis,IMPORTANCE VALUE,0.837561607,IMPORTANCE VALUE,0.714048266,IMPORTANCE VALUE,7324
52,script_15043.txt,Theme,Accuracy assessment,PRECIPITATION,0.810382247,ACCRETION,0.650696933,ENVIRONMENTAL ASSESSMENTS,7324
53,script_155017.txt,Theme,Land Surface Temperature Analysis,LAND SURFACE TEMPERATURE,0.878021121,LAND SURFACE TEMPERATURE,0.79077208,LAND SURFACE TEMPERATURE,7324
54,script_159299.txt,Theme,Land cover classification in Gujrat City,LAND USE/LAND COVER CLASSIFICATION,0.856796861,LAND USE/LAND COVER CLASSIFICATION,0.66753757,LAND USE/LAND COVER CLASSIFICATION,7324
55,script_165234.txt,Theme,MODIS data processing,Digital Surface Model (DSM),0.795014381,FEED PROCESSING,0.609641492,DATA PROCESSING,7324
56,script_165234.txt,Theme,NDVI calculation,NORMALIZED DIFFERENCE VEGETATION INDEX (NDVI),0.821857333,NORMALIZED DIFFERENCE VEGETATION INDEX (NDVI),0.693864882,VEGETATION INDEX,7318
57,script_165234.txt,Theme,Greenest pixel analysis,GREEN INFRASTRUCTURE,0.787829399,GREEN INFRASTRUCTURE,0.554007709,VEGETATION INDEX,7318
58,script_173652.txt,Theme,Land cover change detection,LAND SURFACE/AGRICULTURE INDICATORS,0.865116358,LAND USE/LAND COVER,0.671150088,LAND USE/LAND COVER,7318
59,script_173652.txt,Theme,Cloud masking,CLOUD MICROPHYSICS,0.896247745,CLOUD CEILING,0.6455549,CLOUDS,7318
60,script_173652.txt,Theme,Landsat imagery analysis,SATELLITE SOIL MOISTURE INDEX,0.82340157,RADAR IMAGERY,0.629863381,LAND USE/LAND COVER CLASSIFICATION,7318
61,script_174376.txt,Theme,Land cover classification,LAND USE/LAND COVER CLASSIFICATION,0.925580025,LAND USE/LAND COVER CLASSIFICATION,0.805195212,LAND USE/LAND COVER CLASSIFICATION,7318
62,script_174376.txt,Theme,Urban area analysis,URBAN AREAS,0.875553429,URBAN AREAS,0.723485708,URBAN AREAS,7318
63,script_174376.txt,Theme,Water body analysis,AQUIFER DEPTH,0.861195683,WATER CHARACTERISTICS,0.713577986,SURFACE WATER,7318
64,script_174376.txt,Theme,Vegetation analysis,VEGETATION INDEX,0.9112643,VEGETATION,0.71235621,VEGETATION,7318
65,script_174474.txt,Theme,Landsat imagery analysis,SATELLITE SOIL MOISTURE INDEX,0.82340157,RADAR IMAGERY,0.629863381,LAND USE/LAND COVER CLASSIFICATION,7318
66,script_174474.txt,Theme,Cloud masking,CLOUD MICROPHYSICS,0.896247745,CLOUD CEILING,0.6455549,CLOUD TYPES,7314
67,script_174474.txt,Theme,NDVI calculation,NORMALIZED DIFFERENCE VEGETATION INDEX (NDVI),0.821857333,NORMALIZED DIFFERENCE VEGETATION INDEX (NDVI),0.693864882,VEGETATION INDEX,7314
68,script_174747.txt,Theme,Temperature analysis in Mexico,TEMPERATURE ANOMALIES,0.814105093,AMBIENT TEMPERATURE,0.637816072,TEMPERATURE INDICES,7314
69,script_176914.txt,Theme,Land cover classification,LAND USE/LAND COVER CLASSIFICATION,0.925580025,LAND USE/LAND COVER CLASSIFICATION,0.805195212,LAND USE/LAND COVER CLASSIFICATION,7314
70,script_176914.txt,Theme,Area calculation,GLACIAL MEASUREMENTS,0.809380531,SPECIFIC SURFACE AREA,0.604412735,LAND USE CLASSES,7314
71,script_176914.txt,Theme,Accuracy assessment,PRECIPITATION,0.810382247,ACCRETION,0.650696933,SOIL CLASSIFICATION,7319
72,script_179626.txt,Theme,Land Surface Temperature Analysis,LAND SURFACE TEMPERATURE,0.878021121,LAND SURFACE TEMPERATURE,0.79077208,LAND SURFACE TEMPERATURE,7319
73,script_179626.txt,Theme,NDVI Calculation,NORMALIZED DIFFERENCE VEGETATION INDEX (NDVI),0.824810624,NORMALIZED DIFFERENCE VEGETATION INDEX (NDVI),0.695064306,VEGETATION INDEX,7319
74,script_179626.txt,Theme,Cloud Masking,CLOUD MICROPHYSICS,0.89395225,LAND/OCEAN/ICE MASK,0.623371601,CLOUD TYPES,7319
75,script_180257.txt,Theme,Landsat imagery analysis,SATELLITE SOIL MOISTURE INDEX,0.82340157,RADAR IMAGERY,0.629863381,SATELLITE SOIL MOISTURE INDEX,7319
76,script_180257.txt,Theme,Zonal statistics extraction,ABLATION ZONES/ACCUMULATION ZONES,0.811004937,STRATIGRAPHIC SEQUENCE,0.599045992,SURFACE MASS,7317
77,script_180257.txt,Theme,Cloud masking,CLOUD MICROPHYSICS,0.896247745,CLOUD CEILING,0.6455549,CLOUD TYPES,7317
78,script_180257.txt,Theme,Point buffering,DIFFUSION,0.791906714,POINT BAR,0.615473747,BOUNDARIES,7317
79,script_186294.txt,Theme,Forest classification using NDVI,NORMALIZED DIFFERENCE VEGETATION INDEX (NDVI),0.883108258,NORMALIZED DIFFERENCE VEGETATION INDEX (NDVI),0.730018616,FOREST COMPOSITION/VEGETATION STRUCTURE,7317
80,script_186319.txt,Theme,Forest loss detection,FOREST MENSURATION,0.887243629,FOREST MENSURATION,0.741072893,DEFORESTATION,7317
81,script_186319.txt,Theme,Forest degradation,DEFORESTATION,0.888952017,DEFORESTATION,0.777377665,FOREST CONSERVATION,7316
82,script_186319.txt,Theme,Forest fire detection,FOREST FIRE SCIENCE,0.867400885,FOREST MENSURATION,0.743600607,FOREST FIRE SCIENCE,7316
83,script_186320.txt,Theme,Forest loss detection,FOREST MENSURATION,0.887243629,FOREST MENSURATION,0.741072893,FOREST CONSERVATION,7316
84,script_186320.txt,Theme,Forest degradation,DEFORESTATION,0.888952017,DEFORESTATION,0.777377665,FOREST CONSERVATION,7316
85,script_186320.txt,Theme,Forest fire detection,FOREST FIRE SCIENCE,0.867400885,FOREST MENSURATION,0.743600607,FOREST FIRE SCIENCE,7316
86,script_186321.txt,Theme,Forest loss detection,FOREST MENSURATION,0.887243629,FOREST MENSURATION,0.741072893,FOREST CONSERVATION,7316
87,script_186321.txt,Theme,Forest degradation,DEFORESTATION,0.888952017,DEFORESTATION,0.777377665,FOREST CONSERVATION,7316
88,script_186321.txt,Theme,Forest fire detection,FOREST FIRE SCIENCE,0.867400885,FOREST MENSURATION,0.743600607,FOREST FIRE SCIENCE,7316
89,script_186323.txt,Theme,Forest loss detection,FOREST MENSURATION,0.887243629,FOREST MENSURATION,0.741072893,FOREST CONSERVATION,7316
90,script_186323.txt,Theme,Forest degradation,DEFORESTATION,0.888952017,DEFORESTATION,0.777377665,FOREST CONSERVATION,7316
91,script_186323.txt,Theme,Forest fire detection,FOREST FIRE SCIENCE,0.867400885,FOREST MENSURATION,0.743600607,FOREST FIRE SCIENCE,7317
92,script_186325.txt,Theme,Forest loss detection,FOREST MENSURATION,0.887243629,FOREST MENSURATION,0.741072893,FOREST CONSERVATION,7317
93,script_186325.txt,Theme,Forest degradation,DEFORESTATION,0.888952017,DEFORESTATION,0.777377665,FOREST CONSERVATION,7317
94,script_186325.txt,Theme,Forest fire detection,FOREST FIRE SCIENCE,0.867400885,FOREST MENSURATION,0.743600607,FOREST FIRE SCIENCE,7317
95,script_186326.txt,Theme,Forest loss detection,FOREST MENSURATION,0.887243629,FOREST MENSURATION,0.741072893,FOREST CONSERVATION,7317
96,script_186326.txt,Theme,Forest degradation detection,FOREST MENSURATION,0.887953579,FOREST MENSURATION,0.746489406,FOREST CONSERVATION,7317
97,script_186326.txt,Theme,Forest fire detection,FOREST FIRE SCIENCE,0.867400885,FOREST MENSURATION,0.743600607,FOREST FIRE SCIENCE,7317
98,script_186329.txt,Theme,Forest loss detection,FOREST MENSURATION,0.887243629,FOREST MENSURATION,0.741072893,FOREST CONSERVATION,7317
99,script_186329.txt,Theme,Forest degradation,DEFORESTATION,0.888952017,DEFORESTATION,0.777377665,FOREST CONSERVATION,7317
100,script_186329.txt,Theme,Forest fire detection,FOREST FIRE SCIENCE,0.867400885,FOREST MENSURATION,0.743600607,FOREST FIRE SCIENCE,7317
101,script_186332.txt,Theme,NDVI calculation,NORMALIZED DIFFERENCE VEGETATION INDEX (NDVI),0.821857333,NORMALIZED DIFFERENCE VEGETATION INDEX (NDVI),0.693864882,VEGETATION INDEX,7323
102,script_186332.txt,Theme,Unsupervised classification,INDIGENOUS VEGETATION,0.769628286,NATURAL SELECTION,0.637656271,LAND USE/LAND COVER CLASSIFICATION,7323
103,script_186332.txt,Theme,Crop type analysis,LAND SURFACE/AGRICULTURE INDICATORS,0.865169764,SOIL CLASSIFICATION,0.637603879,CROPPING SYSTEMS,7323
104,script_186333.txt,Theme,Sugarcane crop classification,SOIL CLASSIFICATION,0.811485171,SNOW CLASSIFICATION,0.602257133,FIELD CROP PRODUCTS,7323
105,script_186333.txt,Theme,NDVI time-series analysis,NORMALIZED DIFFERENCE VEGETATION INDEX (NDVI),0.81574738,NORMALIZED DIFFERENCE VEGETATION INDEX (NDVI),0.590567648,VEGETATION INDEX,7323
106,script_186333.txt,Theme,Unsupervised classification,INDIGENOUS VEGETATION,0.769628286,NATURAL SELECTION,0.637656271,BIOLOGICAL CLASSIFICATION,7320
107,script_186334.txt,Theme,Sugarcane crop classification,SOIL CLASSIFICATION,0.811485171,SNOW CLASSIFICATION,0.602257133,FIELD CROP PRODUCTS,7320
108,script_186334.txt,Theme,NDVI time-series analysis,NORMALIZED DIFFERENCE VEGETATION INDEX (NDVI),0.81574738,NORMALIZED DIFFERENCE VEGETATION INDEX (NDVI),0.590567648,VEGETATION INDEX,7320
109,script_186334.txt,Theme,Unsupervised clustering,NON-METALLIC MINERAL VERTICAL/GEOGRAPHIC DISTRIBUTION,0.796549082,ACOUSTIC SCATTERING,0.604724109,BIOLOGICAL CLASSIFICATION,7320
110,script_186338.txt,Theme,Terrain analysis,SOIL HORIZONS/PROFILE,0.88605684,TERRAIN ELEVATION,0.710345864,TOPOGRAPHY,7320
111,script_186338.txt,Theme,Seasonal signal removal,SNOW COVER DEGRADATION,0.797266483,SEASONALLY FROZEN GROUND,0.622776628,SEASONALLY FROZEN GROUND,7331
112,script_186338.txt,Theme,Time series analysis,BIVARIATE ENSO TIMESERIES INDEX,0.791666508,STRATIGRAPHIC SEQUENCE,0.655381441,ATMOSPHERIC TEMPERATURE INDICES,7331
113,script_186356.txt,Theme,Land cover classification using Sentinel-1 data,LAND USE/LAND COVER CLASSIFICATION,0.84099108,LAND USE/LAND COVER CLASSIFICATION,0.703282833,LAND USE/LAND COVER CLASSIFICATION,7331
114,script_186365.txt,Theme,Vegetation analysis,VEGETATION INDEX,0.9112643,VEGETATION,0.71235621,VEGETATION,7331
115,script_186365.txt,Theme,Water analysis,WATER QUALITY/WATER CHEMISTRY,0.875613689,WATER CHARACTERISTICS,0.742689013,WATER QUALITY/WATER CHEMISTRY,7331
116,script_186365.txt,Theme,Burn analysis,BURNED AREA,0.851547956,BURNED AREA,0.57897985,PRESCRIBED BURNS/FIRES,7327
117,script_186365.txt,Theme,Snow analysis,SNOW STRATIGRAPHY,0.906541646,SNOW CLASSIFICATION,0.734158993,SNOW/ICE,7327
118,script_186365.txt,Theme,Principal Component Analysis,PRECIPITATION ANOMALIES,0.824120164,SENSOR CHARACTERISTICS,0.633380651,PALEOCLIMATE RECONSTRUCTIONS,7327
119,script_186365.txt,Theme,Spectral unmixing,SPECTRAL IRRADIANCE,0.874029994,SPECTRAL IRRADIANCE,0.660219133,SPECTRAL/ENGINEERING,7327
120,script_186365.txt,Theme,HSV transform,TRANSITION DIRECTION,0.809483886,HABITAT CONVERSION/FRAGMENTATION,0.5587641,SPECTRAL IRRADIANCE,7327
121,script_186378.txt,Theme,NDVI and backscatter analysis,RADAR BACKSCATTER,0.842581511,RADAR BACKSCATTER,0.636100829,VEGETATION INDEX,7332
122,script_186378.txt,Theme,Time series analysis,BIVARIATE ENSO TIMESERIES INDEX,0.791666508,STRATIGRAPHIC SEQUENCE,0.655381441,TIME SERIES,7332
123,script_186378.txt,Theme,Sentinel-1 and Landsat-8 data integration,SATELLITE SOIL MOISTURE INDEX,0.796463013,DATA SYNCHRONIZATION TIME,0.556677103,LAND USE/LAND COVER CLASSIFICATION,7332
124,script_186380.txt,Theme,Marsh bird survey,BOUNDARY SURVEYS,0.829947829,MARSH,0.635280252,ANIMALS/VERTEBRATES,7332
125,script_186380.txt,Theme,Spectral indices analysis,SPECTRUM WIDTH,0.838027,SPECTRAL IRRADIANCE,0.730002642,SPECTRAL IRRADIANCE,7332
126,script_186380.txt,Theme,Landsat imagery,LIDAR,0.833962083,RADAR IMAGERY,0.664393425,LAND USE/LAND COVER,7315
127,script_186411.txt,Theme,Burned area detection,BURNED AREA,0.880084395,BURNED AREA,0.751452446,Earth Science,
128,script_186411.txt,Theme,Vegetation classification,VEGETATION INDEX,0.922016025,VEGETATION,0.714955389,FIRE MANAGEMENT,7315
129,script_186411.txt,Theme,Water classification,WATER CHARACTERISTICS,0.878284931,WATER CHARACTERISTICS,0.745844364,Earth Science,
130,script_186411.txt,Theme,Bare land classification,LAND USE/LAND COVER CLASSIFICATION,0.863740206,LAND USE/LAND COVER CLASSIFICATION,0.670088172,VEGETATION COVER,7315
131,script_186418.txt,Theme,Land Surface Temperature Retrieval,LAND SURFACE TEMPERATURE,0.898605049,LAND SURFACE TEMPERATURE,0.748835325,LAND SURFACE TEMPERATURE,7332
132,script_186418.txt,Theme,NDVI Analysis,NORMALIZED DIFFERENCE VEGETATION INDEX (NDVI),0.841811359,NORMALIZED DIFFERENCE VEGETATION INDEX (NDVI),0.68970263,VEGETATION INDEX,7332
133,script_186418.txt,Theme,Atmospheric Data Integration,MESOSPHERIC CLOUDS (OBSERVED/ANALYZED),0.848932266,ATMOSPHERIC CONDUCTIVITY,0.731999874,ATMOSPHERIC DATA,7332
134,script_186442.txt,Theme,Plague detection using remote sensing data,RADAR CROSS-SECTION,0.810026228,TELE-EPIDEMIOLOGY,0.538211405,DISEASES/EPIDEMICS,7332
135,script_186449.txt,Theme,Land cover classification using Landsat imagery,LAND USE/LAND COVER CLASSIFICATION,0.867820621,LAND USE/LAND COVER CLASSIFICATION,0.723687172,LAND USE/LAND COVER CLASSIFICATION,7332
136,script_186466.txt,Theme,Forest loss detection,FOREST MENSURATION,0.887243629,FOREST MENSURATION,0.741072893,FOREST CONSERVATION,7327
137,script_186466.txt,Theme,Forest degradation detection,FOREST MENSURATION,0.887953579,FOREST MENSURATION,0.746489406,FOREST CONSERVATION,7327
138,script_186503.txt,Theme,Land cover classification using Sentinel-1 data,LAND USE/LAND COVER CLASSIFICATION,0.84099108,LAND USE/LAND COVER CLASSIFICATION,0.703282833,LAND USE/LAND COVER CLASSIFICATION,7327
139,script_186507.txt,Theme,Landsat imagery processing,SATELLITE SOIL MOISTURE INDEX,0.818571925,LANDSCAPE PROCESSES,0.669885755,LAND USE/LAND COVER CLASSIFICATION,7327
140,script_186507.txt,Theme,Cloud and shadow masking,CLOUD REFLECTANCE,0.88229835,CLOUD OPTICAL DEPTH/THICKNESS,0.650006056,CLOUDS,7327
141,script_186507.txt,Theme,Time series analysis,BIVARIATE ENSO TIMESERIES INDEX,0.791666508,STRATIGRAPHIC SEQUENCE,0.655381441,ATMOSPHERIC TEMPERATURE INDICES,7328
142,script_186507.txt,Theme,Composite image creation,RADAR IMAGERY,0.785367727,PHOTOSYNTHESIS,0.699290395,SATELLITE SOIL MOISTURE INDEX,7328
143,script_186521.txt,Theme,Vegetation and water classification,VEGETATION WATER CONTENT,0.904804885,VEGETATION WATER CONTENT,0.686322451,VEGETATION COVER,7328
144,script_186521.txt,Theme,Fire impact analysis,FIRE WEATHER INDEX,0.857963204,FIRE WEATHER INDEX,0.655711293,FIRE ECOLOGY,7328
145,script_186521.txt,Theme,Spectral differencing,SPECTRUM WIDTH,0.888211012,RADIATIONAL DIVERGENCE,0.785336018,SPECTRAL IRRADIANCE,7328
146,script_186528.txt,Theme,Sentinel-1 SAR data processing,SATELLITE SOIL MOISTURE INDEX,0.813069463,FEED PROCESSING,0.578427315,SPECTRAL/ENGINEERING,7327
147,script_186528.txt,Theme,Land cover classification,LAND USE/LAND COVER CLASSIFICATION,0.925580025,LAND USE/LAND COVER CLASSIFICATION,0.805195212,LAND USE/LAND COVER CLASSIFICATION,7327
148,script_186540.txt,Theme,Forest NDVI analysis,NORMALIZED DIFFERENCE VEGETATION INDEX (NDVI),0.865261674,NORMALIZED DIFFERENCE VEGETATION INDEX (NDVI),0.676679134,VEGETATION INDEX,7327
149,script_186548.txt,Theme,Surface water detection using Sentinel-1 SAR data,LIDAR,0.825530052,SURFACE WATER,0.694994509,SURFACE WATER,7327
150,script_186562.txt,Theme,Forest loss detection,FOREST MENSURATION,0.887243629,FOREST MENSURATION,0.741072893,DEFORESTATION,7327
151,script_186562.txt,Theme,Forest degradation,DEFORESTATION,0.888952017,DEFORESTATION,0.777377665,FOREST CONSERVATION,7316
152,script_186562.txt,Theme,Forest fire detection,FOREST FIRE SCIENCE,0.867400885,FOREST MENSURATION,0.743600607,FOREST FIRE SCIENCE,7316
153,script_186570.txt,Theme,Forest loss detection,FOREST MENSURATION,0.887243629,FOREST MENSURATION,0.741072893,FOREST CONSERVATION,7316
154,script_186570.txt,Theme,Forest degradation,DEFORESTATION,0.888952017,DEFORESTATION,0.777377665,FOREST CONSERVATION,7316
155,script_186570.txt,Theme,Forest fire detection,FOREST FIRE SCIENCE,0.867400885,FOREST MENSURATION,0.743600607,FOREST FIRE SCIENCE,7316
156,script_186601.txt,Theme,Forest loss detection,FOREST MENSURATION,0.887243629,FOREST MENSURATION,0.741072893,FOREST CONSERVATION,7317
157,script_186601.txt,Theme,Forest degradation detection,FOREST MENSURATION,0.887953579,FOREST MENSURATION,0.746489406,FOREST CONSERVATION,7317
158,script_186605.txt,Theme,Forest loss detection,FOREST MENSURATION,0.887243629,FOREST MENSURATION,0.741072893,FOREST CONSERVATION,7317
159,script_186605.txt,Theme,Forest degradation,DEFORESTATION,0.888952017,DEFORESTATION,0.777377665,FOREST CONSERVATION,7317
160,script_186605.txt,Theme,Forest fire detection,FOREST FIRE SCIENCE,0.867400885,FOREST MENSURATION,0.743600607,FOREST FIRE SCIENCE,7317
161,script_186607.txt,Theme,Forest loss detection,FOREST MENSURATION,0.887243629,FOREST MENSURATION,0.741072893,FOREST CONSERVATION,7316
162,script_186607.txt,Theme,Forest degradation,DEFORESTATION,0.888952017,DEFORESTATION,0.777377665,FOREST CONSERVATION,7316
163,script_186607.txt,Theme,Forest fire detection,FOREST FIRE SCIENCE,0.867400885,FOREST MENSURATION,0.743600607,FOREST FIRE SCIENCE,7316
164,script_186815.txt,Theme,Forest loss detection,FOREST MENSURATION,0.887243629,FOREST MENSURATION,0.741072893,FOREST CONSERVATION,7316
165,script_186815.txt,Theme,Forest degradation,DEFORESTATION,0.888952017,DEFORESTATION,0.777377665,FOREST CONSERVATION,7316
166,script_186815.txt,Theme,Forest fire detection,FOREST FIRE SCIENCE,0.867400885,FOREST MENSURATION,0.743600607,FOREST FIRE SCIENCE,7325
167,script_186822.txt,Theme,Agricultural field analysis,LAND SURFACE/AGRICULTURE INDICATORS,0.864828706,AGRICULTURE PRODUCTION,0.647672772,AGRICULTURE,7325
168,script_186822.txt,Theme,Buffer effect reduction,DENITRIFICATION RATE,0.811523378,BIDIRECTIONAL REFLECTANCE FACTOR,0.619483352,ENVIRONMENTAL IMPACTS,7325
169,script_186822.txt,Theme,Satellite data filtering,SATELLITE SOIL MOISTURE INDEX,0.836101055,INFILTRATION,0.652020454,SATELLITE SOIL MOISTURE INDEX,7325
170,script_186822.txt,Theme,Rainy day exclusion,RAIN STORMS,0.823034167,RAIN,0.598276734,PRECIPITATION INDICATORS,7325
171,script_186822.txt,Theme,Value conversion,REBOUND RATE,0.791224062,IMPORTANCE VALUE,0.674450755,SOIL BULK DENSITY,7315
172,script_186822.txt,Theme,Statistical analysis,ISOTOPIC ANALYSIS,0.843059719,STRATIGRAPHIC SEQUENCE,0.700239241,Earth Science,
173,script_186829.txt,Theme,Forest change analysis,FOREST MENSURATION,0.892504096,FOREST MENSURATION,0.745732427,SOIL CHEMISTRY,7315
174,script_186829.txt,Theme,Temperature analysis,PARTICLE TEMPERATURE,0.878895044,AMBIENT TEMPERATURE,0.7193712,Earth Science,
175,script_186856.txt,Theme,Cloud masking,CLOUD MICROPHYSICS,0.896247745,CLOUD CEILING,0.6455549,FOREST CONSERVATION,7315
176,script_186856.txt,Theme,Shadow projection,REFLECTION,0.834142864,LIGHT TRANSMISSION,0.651127577,SHADOW PROJECTION,7326
177,script_186856.txt,Theme,Sentinel-2 imagery analysis,RADAR IMAGERY,0.832955122,RADAR IMAGERY,0.5894261,SENTINEL-2 IMAGERY ANALYSIS,7326
178,script_186886.txt,Theme,Forest loss detection,FOREST MENSURATION,0.887243629,FOREST MENSURATION,0.741072893,FOREST LOSS DETECTION,7326
179,script_186886.txt,Theme,Forest degradation,DEFORESTATION,0.888952017,DEFORESTATION,0.777377665,FOREST DEGRADATION,7326
180,script_186886.txt,Theme,Forest fire detection,FOREST FIRE SCIENCE,0.867400885,FOREST MENSURATION,0.743600607,FOREST FIRE DETECTION,7326
181,script_186888.txt,Theme,Landsat 7 analysis,SATELLITE SOIL MOISTURE INDEX,0.829970479,ISOTOPIC ANALYSIS,0.522372127,LAND USE/LAND COVER CLASSIFICATION,7317
182,script_186888.txt,Theme,NDVI calculation,NORMALIZED DIFFERENCE VEGETATION INDEX (NDVI),0.821857333,NORMALIZED DIFFERENCE VEGETATION INDEX (NDVI),0.693864882,VEGETATION INDEX,7317
183,script_186888.txt,Theme,Cloud masking,CLOUD MICROPHYSICS,0.896247745,CLOUD CEILING,0.6455549,CLOUD PROPERTIES,7317
184,script_186888.txt,Theme,Radiance calculation,RADIANCE,0.857045412,RADIANCE,0.734943867,RADIATIVE FLUX,7317
185,script_186888.txt,Theme,Temperature mapping,TEMPERATURE PROFILES,0.886799693,TEMPERATURE INDICATORS,0.714574099,TEMPERATURE INDICES,7317
186,script_186892.txt,Theme,Forest loss detection,FOREST MENSURATION,0.887243629,FOREST MENSURATION,0.741072893,FOREST CONSERVATION,7324
187,script_186892.txt,Theme,Forest degradation detection,FOREST MENSURATION,0.887953579,FOREST MENSURATION,0.746489406,FOREST CONSERVATION,7324
188,script_186892.txt,Theme,Forest fire detection,FOREST FIRE SCIENCE,0.867400885,FOREST MENSURATION,0.743600607,FOREST FIRE SCIENCE,7324
189,script_186914.txt,Theme,Flood detection using Sentinel-1 SAR data,LIDAR WAVEFORM,0.817679763,FLOOD LEVELS,0.638435781,FLOODS,7324
190,script_186915.txt,Theme,Flood detection using Sentinel-1 SAR data,LIDAR WAVEFORM,0.817679763,FLOOD LEVELS,0.638435781,FLOODS,7324
191,script_186940.txt,Theme,Landsat image harmonization,CONTOUR MAPS,0.811591327,DATA SYNCHRONIZATION TIME,0.61180234,LAND USE/LAND COVER CLASSIFICATION,7323
192,script_186940.txt,Theme,Annual mosaic creation,APICULTURE,0.776393533,ANNUAL ELLIPTICAL COMPONENT,0.560118258,LAND USE/LAND COVER CLASSIFICATION,7323
193,script_186940.txt,Theme,Medoid compositing,MESOSCALE CONVECTIVE COMPLEX,0.85116303,CONDENSATION,0.599659204,LAND USE/LAND COVER CLASSIFICATION,7323
194,script_186974.txt,Theme,Surface reflectance analysis,APPARENT SURFACE REFLECTIVITY,0.861105084,APPARENT SURFACE REFLECTIVITY,0.811173797,REFLECTANCE,7323
195,script_186974.txt,Theme,Cloud masking,CLOUD MICROPHYSICS,0.896247745,CLOUD CEILING,0.6455549,CLOUD TYPES,7323
196,script_186974.txt,Theme,NDWI and MNDWI calculation,NINO 1+2 INDEX,0.783902168,NORMALIZED DIFFERENCE VEGETATION INDEX (NDVI),0.611021399,VEGETATION INDEX,7311
197,script_187038.txt,Theme,Water classification,WATER CHARACTERISTICS,0.878284931,WATER CHARACTERISTICS,0.745844364,Earth Science,
198,script_187038.txt,Theme,Cloud cover analysis,MESOSPHERIC CLOUDS (OBSERVED/ANALYZED),0.928549826,CLOUD OPTICAL DEPTH/THICKNESS,0.649562716,WATER QUALITY,7311
199,script_187038.txt,Theme,Temporal filtering,BIVARIATE ENSO TIMESERIES INDEX,0.822874665,NATURAL SELECTION,0.712812781,Earth Science,
200,script_187038.txt,Theme,Spatial filtering,SPECIFIC SURFACE AREA,0.846131802,INFILTRATION,0.704425454,CLOUD PROPERTIES,7311
201,script_187125.txt,Theme,Water detection using Sentinel-2 imagery,LIDAR,0.812902689,WATER CHARACTERISTICS,0.654698014,WATER QUALITY/WATER CHEMISTRY,7326
202,script_187131.txt,Theme,Fire damage assessment in Russian regions,FIRE WEATHER INDEX,0.829532027,FIRE WEATHER INDEX,0.549586296,FIRE ECOLOGY,7326
203,script_187137.txt,Theme,Temperature analysis,PARTICLE TEMPERATURE,0.878895044,AMBIENT TEMPERATURE,0.7193712,ATMOSPHERIC TEMPERATURE,7326
204,script_187137.txt,Theme,Monthly temperature trends,TEMPERATURE TRENDS,0.89130187,TEMPERATURE TENDENCY,0.755903006,TEMPERATURE INDICES,7326
205,script_187137.txt,Theme,Annual temperature range,REGIONAL CLIMATE LEVELS,0.86356461,LAND SURFACE TEMPERATURE,0.669617832,TEMPERATURE INDICATORS,7326
206,script_187138.txt,Theme,Forest change,FOREST MENSURATION,0.890934765,TREE LINE SHIFT,0.792839587,FOREST MANAGEMENT,7310
207,script_187138.txt,Theme,Surface temperature,SURFACE TEMPERATURE,0.931553483,SURFACE TEMPERATURE,0.850458264,SURFACE TEMPERATURE,7310
208,script_187138.txt,Theme,Deforestation analysis,FOREST MENSURATION,0.887530088,DEFORESTATION,0.753995895,DEFORESTATION,7310
209,script_187226.txt,Theme,Cloud and shadow masking,CLOUD REFLECTANCE,0.88229835,CLOUD OPTICAL DEPTH/THICKNESS,0.650006056,CLOUD PROPERTIES,7310
210,script_187226.txt,Theme,Water masking,WATER VAPOR PROCESSES,0.845144451,WATER MASSES,0.726014018,SURFACE WATER,7310
211,script_187226.txt,Theme,Sentinel-2 imagery analysis,RADAR IMAGERY,0.832955122,RADAR IMAGERY,0.5894261,SATELLITE SOIL MOISTURE INDEX,7324
212,script_187248.txt,Theme,Land Surface Temperature Analysis,LAND SURFACE TEMPERATURE,0.878021121,LAND SURFACE TEMPERATURE,0.79077208,LAND SURFACE TEMPERATURE,7324
213,script_187248.txt,Theme,NDVI Calculation,NORMALIZED DIFFERENCE VEGETATION INDEX (NDVI),0.824810624,NORMALIZED DIFFERENCE VEGETATION INDEX (NDVI),0.695064306,VEGETATION INDEX,7324
214,script_187248.txt,Theme,Cloud Masking,CLOUD MICROPHYSICS,0.89395225,LAND/OCEAN/ICE MASK,0.623371601,CLOUD TYPES,7324
215,script_187481.txt,Theme,Flood mapping using Sentinel-1 imagery,FLOOD LEVELS,0.836804926,FLOODING,0.659401119,FLOODS,7324
216,script_187523.txt,Theme,Flood mapping using Sentinel-1 imagery,FLOOD LEVELS,0.836804926,FLOODING,0.659401119,FLOODS,7328
217,script_187528.txt,Theme,Flood mapping using Sentinel-1 data,FLOOD LEVELS,0.830997765,FLOOD FREQUENCY,0.667198062,FLOODS,7328
218,script_187530.txt,Theme,Flood mapping using Sentinel-1 imagery,FLOOD LEVELS,0.836804926,FLOODING,0.659401119,FLOODS,7328
219,script_187532.txt,Theme,Flood mapping using Sentinel-1 data,FLOOD LEVELS,0.830997765,FLOOD FREQUENCY,0.667198062,FLOODS,7328
220,script_187533.txt,Theme,Flood mapping using Sentinel-1 data,FLOOD LEVELS,0.830997765,FLOOD FREQUENCY,0.667198062,FLOODS,7328
221,script_187534.txt,Theme,Flood mapping using Sentinel-1 data,FLOOD LEVELS,0.830997765,FLOOD FREQUENCY,0.667198062,FLOODS,7328
222,script_187535.txt,Theme,Flood mapping using Sentinel-1 data,FLOOD LEVELS,0.830997765,FLOOD FREQUENCY,0.667198062,FLOODS,7328
223,script_187582.txt,Theme,Parthenium classification,BIOLOGICAL CLASSIFICATION,0.849468768,PLANT PHENOLOGY,0.496080011,"WEEDS, NOXIOUS PLANTS OR INVASIVE PLANTS",7328
224,script_187582.txt,Theme,Vegetation indices,VEGETATION INDEX,0.951598525,VEGETATION INDEX,0.782299399,VEGETATION INDEX,7328
225,script_187582.txt,Theme,Cloud masking,CLOUD MICROPHYSICS,0.896247745,CLOUD CEILING,0.6455549,CLOUD MASK,7328
226,script_187582.txt,Theme,Accuracy assessment,PRECIPITATION,0.810382247,ACCRETION,0.650696933,VEGETATION INDEX,7317
227,script_187585.txt,Theme,MODIS EVI analysis,ENVIRONMENTAL VULNERABILITY INDEX (EVI),0.816404223,ENVIRONMENTAL VULNERABILITY INDEX (EVI),0.590058446,VEGETATION INDEX,7317
228,script_187585.txt,Theme,Principal Component Analysis,PRECIPITATION ANOMALIES,0.824120164,SENSOR CHARACTERISTICS,0.633380651,VEGETATION INDEX,7317
229,script_187586.txt,Theme,MODIS EVI annual average,ENVIRONMENTAL VULNERABILITY INDEX (EVI),0.792226791,ENVIRONMENTAL VULNERABILITY INDEX (EVI),0.53309387,VEGETATION INDEX,7317
230,script_187586.txt,Theme,Principal Component Analysis,PRECIPITATION ANOMALIES,0.824120164,SENSOR CHARACTERISTICS,0.633380651,VEGETATION INDEX,7317
231,script_187587.txt,Theme,MODIS EVI analysis,ENVIRONMENTAL VULNERABILITY INDEX (EVI),0.816404223,ENVIRONMENTAL VULNERABILITY INDEX (EVI),0.590058446,VEGETATION INDEX,7322
232,script_187587.txt,Theme,Principal Component Analysis,PRECIPITATION ANOMALIES,0.824120164,SENSOR CHARACTERISTICS,0.633380651,VEGETATION INDEX,7322
233,script_187738.txt,Theme,Cropland classification,SOIL CLASSIFICATION,0.889608085,SOIL CLASSIFICATION,0.73532784,LAND USE/LAND COVER CLASSIFICATION,7322
234,script_187738.txt,Theme,Object-based image analysis,ISOTOPIC ANALYSIS,0.839352608,INFRARED IMAGERY,0.674590826,VEGETATION INDEX,7322
235,script_187738.txt,Theme,Random forest classification,FOREST MENSURATION,0.831802964,NATURAL SELECTION,0.714344382,LAND USE/LAND COVER CLASSIFICATION,7322
236,script_187749.txt,Theme,NDVI trend analysis in Beijing,TEMPERATURE TRENDS,0.782647312,NORMALIZED DIFFERENCE VEGETATION INDEX (NDVI),0.592886448,VEGETATION INDEX,7311
237,script_187821.txt,Theme,Fire monitoring,FIRE MANAGEMENT,0.913781404,FIRE MANAGEMENT,0.730659544,FIRE MANAGEMENT,7311
238,script_187821.txt,Theme,Burn severity analysis,BURNED AREA,0.844546676,BRIGHTNESS TEMPERATURE,0.566489458,FIRE MANAGEMENT,7311
239,script_187821.txt,Theme,Burned area calculation,BURNED AREA,0.855115831,BURNED AREA,0.731428683,FIRE MANAGEMENT,7311
240,script_187822.txt,Theme,Fire monitoring,FIRE MANAGEMENT,0.913781404,FIRE MANAGEMENT,0.730659544,FIRE MANAGEMENT,7311
241,script_187822.txt,Theme,Burn severity analysis,BURNED AREA,0.844546676,BRIGHTNESS TEMPERATURE,0.566489458,FIRE MANAGEMENT,7309
242,script_187822.txt,Theme,Burned area calculation,BURNED AREA,0.855115831,BURNED AREA,0.731428683,FIRE MANAGEMENT,7309
243,script_187825.txt,Theme,Fire monitoring,FIRE MANAGEMENT,0.913781404,FIRE MANAGEMENT,0.730659544,FIRE MANAGEMENT,7309
244,script_187825.txt,Theme,Burn severity analysis,BURNED AREA,0.844546676,BRIGHTNESS TEMPERATURE,0.566489458,FIRE MANAGEMENT,7309
245,script_187825.txt,Theme,Burned area calculation,BURNED AREA,0.855115831,BURNED AREA,0.731428683,FIRE MANAGEMENT,7309
246,script_187888.txt,Theme,NDVI analysis,NORMALIZED DIFFERENCE VEGETATION INDEX (NDVI),0.840828061,NORMALIZED DIFFERENCE VEGETATION INDEX (NDVI),0.68153584,VEGETATION INDEX,7316
247,script_187888.txt,Theme,Cloud masking,CLOUD MICROPHYSICS,0.896247745,CLOUD CEILING,0.6455549,CLOUDS,7316
248,script_187888.txt,Theme,Landsat imagery processing,SATELLITE SOIL MOISTURE INDEX,0.818571925,LANDSCAPE PROCESSES,0.669885755,LAND USE/LAND COVER CLASSIFICATION,7316
249,script_187895.txt,Theme,Land cover classification,LAND USE/LAND COVER CLASSIFICATION,0.925580025,LAND USE/LAND COVER CLASSIFICATION,0.805195212,LAND USE/LAND COVER CLASSIFICATION,7316
250,script_187895.txt,Theme,Cloud masking,CLOUD MICROPHYSICS,0.896247745,CLOUD CEILING,0.6455549,CLOUDS,7316
251,script_187895.txt,Theme,BSI calculation,BIOMASS DYNAMICS,0.793964684,SHOWALTER STABILITY INDEX (SI),0.555022597,SOIL BULK DENSITY,7320
252,script_187895.txt,Theme,Temporal analysis,BIVARIATE ENSO TIMESERIES INDEX,0.821212769,STRATIGRAPHIC SEQUENCE,0.686426878,ATMOSPHERIC TEMPERATURE INDICES,7320
253,script_188011.txt,Theme,Land Surface Temperature Analysis,LAND SURFACE TEMPERATURE,0.878021121,LAND SURFACE TEMPERATURE,0.79077208,LAND SURFACE TEMPERATURE,7320
254,script_188030.txt,Theme,NDVI calculation,NORMALIZED DIFFERENCE VEGETATION INDEX (NDVI),0.821857333,NORMALIZED DIFFERENCE VEGETATION INDEX (NDVI),0.693864882,VEGETATION INDEX,7320
255,script_188030.txt,Theme,Cloud masking,CLOUD MICROPHYSICS,0.896247745,CLOUD CEILING,0.6455549,CLOUD PROPERTIES,7320
256,script_188030.txt,Theme,EVI calculation,ENVIRONMENTAL VULNERABILITY INDEX (EVI),0.809820533,ENVIRONMENTAL VULNERABILITY INDEX (EVI),0.694227278,ENVIRONMENTAL VULNERABILITY INDEX (EVI),7325
257,script_188030.txt,Theme,Time series analysis,BIVARIATE ENSO TIMESERIES INDEX,0.791666508,STRATIGRAPHIC SEQUENCE,0.655381441,SCENARIO PLANNING,7325
258,script_188052.txt,Theme,Water detection using satellite imagery,ATMOSPHERIC/OCEAN INDICATORS,0.828985929,WATER IMPOUNDMENT,0.67181474,WATER RESOURCES,7325
259,script_188068.txt,Theme,Flood impact analysis,FLOOD LEVELS,0.852381289,INUNDATION AMOUNT,0.644747138,FLOODS,7325
260,script_188068.txt,Theme,Population exposure,POPULATION DENSITY,0.875718594,POPULATION,0.721381664,VULNERABLE POPULATIONS,7325
261,script_188068.txt,Theme,Agricultural impact,AGRICULTURE,0.881598115,AGRICULTURE PRODUCTION,0.697677255,AGRICULTURE PRODUCTION,7310
262,script_188068.txt,Theme,Urban area impact,URBAN AREAS,0.87445581,URBAN AREAS,0.667322516,URBAN AREAS,7310
263,script_188073.txt,Theme,Flood analysis,FLOOD LEVELS,0.877972722,FLOODING,0.683571637,FLOODS,7310
264,script_188073.txt,Theme,Population impact,POPULATION DYNAMICS,0.887953877,POPULATION,0.737985075,POPULATION,7310
265,script_188073.txt,Theme,Agricultural impact,AGRICULTURE,0.881598115,AGRICULTURE PRODUCTION,0.697677255,AGRICULTURE PRODUCTION,7310
266,script_188073.txt,Theme,Urban impact,URBAN AREAS,0.870509803,ENVIRONMENTAL IMPACTS,0.700162172,URBANIZATION/URBAN SPRAWL,7331
267,script_188116.txt,Theme,Forest classification,FOREST COMPOSITION/VEGETATION STRUCTURE,0.912571847,FOREST MENSURATION,0.727544963,FOREST COMPOSITION/VEGETATION STRUCTURE,7331
268,script_188116.txt,Theme,Water masking,WATER VAPOR PROCESSES,0.845144451,WATER MASSES,0.726014018,LAND/OCEAN/ICE MASK,7331
269,script_188116.txt,Theme,Landsat mosaics,SOLAR SYNOPTIC MAPS,0.832731009,SOLAR SYNOPTIC MAPS,0.561296105,LAND USE/LAND COVER CLASSIFICATION,7331
270,script_188116.txt,Theme,Sentinel mosaics,DICOTS,0.817783356,SEDIMENTARY TEXTURES,0.597770691,LAND USE/LAND COVER CLASSIFICATION,7331
271,script_188147.txt,Theme,Forest classification,FOREST COMPOSITION/VEGETATION STRUCTURE,0.912571847,FOREST MENSURATION,0.727544963,FOREST COMPOSITION/VEGETATION STRUCTURE,7327
272,script_188147.txt,Theme,Land cover analysis,LAND SURFACE/AGRICULTURE INDICATORS,0.881120205,LAND USE/LAND COVER,0.719114304,LAND USE/LAND COVER CLASSIFICATION,7327
273,script_188147.txt,Theme,Water detection,WATER VAPOR INDICATORS,0.868164659,WATER CHARACTERISTICS,0.729074478,WATER QUALITY/WATER CHEMISTRY,7327
274,script_188147.txt,Theme,Urban area masking,URBAN AREAS,0.858234823,URBAN AREAS,0.702729285,URBAN AREAS,7327
275,script_188163.txt,Theme,Land cover classification,LAND USE/LAND COVER CLASSIFICATION,0.925580025,LAND USE/LAND COVER CLASSIFICATION,0.805195212,LAND USE/LAND COVER CLASSIFICATION,7327
276,script_188163.txt,Theme,Seasonal mosaics,LANDSCAPE PATTERNS,0.810610235,SEASONALLY FROZEN GROUND,0.620124459,PLANT PHENOLOGY,7328
277,script_188163.txt,Theme,Water detection,WATER VAPOR INDICATORS,0.868164659,WATER CHARACTERISTICS,0.729074478,Earth Science,
278,script_188163.txt,Theme,Urban area masking,URBAN AREAS,0.858234823,URBAN AREAS,0.702729285,WATER QUALITY/WATER CHEMISTRY,7328
279,script_188182.txt,Theme,Land cover change detection in Zimbabwe,LAND SURFACE/AGRICULTURE INDICATORS,0.833362877,LAND USE/LAND COVER,0.604258955,Earth Science,
280,script_188190.txt,Theme,Forest classification,FOREST COMPOSITION/VEGETATION STRUCTURE,0.912571847,FOREST MENSURATION,0.727544963,URBAN AREAS,7328
281,script_188190.txt,Theme,Land cover analysis,LAND SURFACE/AGRICULTURE INDICATORS,0.881120205,LAND USE/LAND COVER,0.719114304,LAND USE/LAND COVER,7325
282,script_188190.txt,Theme,Temporal analysis,BIVARIATE ENSO TIMESERIES INDEX,0.821212769,STRATIGRAPHIC SEQUENCE,0.686426878,Earth Science,
283,script_188190.txt,Theme,Spatial analysis,SHORELINE MAPPING,0.848592281,STRATIGRAPHIC SEQUENCE,0.705888033,ATMOSPHERIC TEMPERATURE INDICES,7325
284,script_188200.txt,Theme,Forest classification,FOREST COMPOSITION/VEGETATION STRUCTURE,0.912571847,FOREST MENSURATION,0.727544963,Earth Science,
285,script_188200.txt,Theme,Land cover analysis,LAND SURFACE/AGRICULTURE INDICATORS,0.881120205,LAND USE/LAND COVER,0.719114304,LAND USE/LAND COVER CLASSIFICATION,7325
286,script_188200.txt,Theme,Seasonal mosaic creation,LANDSCAPE PROCESSES,0.799195647,SEASONALLY FROZEN GROUND,0.607062459,PLANT PHENOLOGY,7323
287,script_188211.txt,Theme,Water body detection,WATER VAPOR INDICATORS,0.84533453,WATER DEPTH,0.719680309,WATER QUALITY,7323
288,script_188211.txt,Theme,SSC estimation,POPULATION ESTIMATES,0.818630755,SOUTHERN OSCILLATION INDEX,0.598648012,SOIL SALINITY/SOIL SODICITY,7323
289,script_188211.txt,Theme,Index calculation,MULTIVARIATE ENSO INDEX,0.844202876,PRECIPITATION INDICES,0.645382881,VEGETATION INDEX,7323
290,script_188211.txt,Theme,Landsat data processing,SATELLITE SOIL MOISTURE INDEX,0.822414279,LANDSCAPE PROCESSES,0.636480689,LAND USE/LAND COVER CLASSIFICATION,7323
291,script_188217.txt,Theme,Urbanization analysis,URBANIZATION/URBAN SPRAWL,0.865142703,URBANIZATION/URBAN SPRAWL,0.660250723,URBANIZATION/URBAN SPRAWL,7323
292,script_188217.txt,Theme,Land cover classification,LAND USE/LAND COVER CLASSIFICATION,0.925580025,LAND USE/LAND COVER CLASSIFICATION,0.805195212,LAND USE/LAND COVER CLASSIFICATION,7323
293,script_188217.txt,Theme,Image normalization,RADAR IMAGERY,0.802081347,INFRARED IMAGERY,0.687243223,Earth Science,7323
294,script_188221.txt,Theme,Climate data analysis,CONVECTIVE CLOUDS/SYSTEMS (OBSERVED/ANALYZED),0.830124378,CLIMATE INDICATORS,0.705299258,CLIMATE INDICATORS,7323
295,script_188221.txt,Theme,Precipitation measurement,GROUND WATER PROCESSES/MEASUREMENTS,0.847865462,WATER PRESSURE,0.69630301,PRECIPITATION INDICATORS,7323
296,script_188221.txt,Theme,Evaporation measurement,WATER VAPOR INDICATORS,0.845730007,EVAPORATION,0.795888901,SOIL MOISTURE/WATER CONTENT,7327
297,script_188221.txt,Theme,Runoff measurement,GROUND WATER PROCESSES/MEASUREMENTS,0.853342056,RUNOFF,0.695292473,FRESHWATER RUNOFF,7327
298,script_188221.txt,Theme,Temperature analysis,PARTICLE TEMPERATURE,0.878895044,AMBIENT TEMPERATURE,0.7193712,ATMOSPHERIC TEMPERATURE,7327
299,script_188378.txt,Theme,Crop classification,SOIL CLASSIFICATION,0.876702666,SOIL CLASSIFICATION,0.719805121,CROP/PLANT YIELDS,7327
300,script_188386.txt,Theme,Agricultural land cover analysis,LAND SURFACE/AGRICULTURE INDICATORS,0.900465667,LAND USE/LAND COVER,0.688361943,LAND USE/LAND COVER CLASSIFICATION,7327
301,script_188389.txt,Theme,Crop classification,SOIL CLASSIFICATION,0.876702666,SOIL CLASSIFICATION,0.719805121,CROPPING SYSTEMS,7324
302,script_188397.txt,Theme,Burned area detection,BURNED AREA,0.880084395,BURNED AREA,0.751452446,FIRE MANAGEMENT,7324
303,script_188400.txt,Theme,NO2 concentration analysis,CLOUD-SCREENED TOTAL COLUMN NITROGEN DIOXIDE (NO2),0.834361494,OXYGEN ISOTOPE ANALYSIS,0.655578792,NITROGEN DIOXIDE,7324
304,script_188401.txt,Theme,Temperature analysis over specific region,TEMPERATURE GRADIENT,0.847833276,AMBIENT TEMPERATURE,0.692210793,TEMPERATURE INDICATORS,7324
305,script_188412.txt,Theme,Land Surface Temperature Analysis,LAND SURFACE TEMPERATURE,0.878021121,LAND SURFACE TEMPERATURE,0.79077208,LAND SURFACE TEMPERATURE,7324
306,script_188412.txt,Theme,NDVI Calculation,NORMALIZED DIFFERENCE VEGETATION INDEX (NDVI),0.824810624,NORMALIZED DIFFERENCE VEGETATION INDEX (NDVI),0.695064306,VEGETATION INDEX,7313
307,script_188412.txt,Theme,Cloud Masking,CLOUD MICROPHYSICS,0.89395225,LAND/OCEAN/ICE MASK,0.623371601,CLOUD PROPERTIES,7313
308,script_188413.txt,Theme,Cloud masking,CLOUD MICROPHYSICS,0.896247745,CLOUD CEILING,0.6455549,CLOUD PROPERTIES,7313
309,script_188413.txt,Theme,NDVI calculation,NORMALIZED DIFFERENCE VEGETATION INDEX (NDVI),0.821857333,NORMALIZED DIFFERENCE VEGETATION INDEX (NDVI),0.693864882,VEGETATION INDEX,7313
310,script_188413.txt,Theme,LST calculation,LEAF AREA INDEX (LAI),0.7943995,DST INDEX,0.629600048,LAND SURFACE TEMPERATURE,7313
311,script_188413.txt,Theme,Image export,PASTURE,0.787399292,PHOTOSYNTHESIS,0.581121087,FOOD PROCESSING,7314
312,script_188414.txt,Theme,Land Surface Temperature Analysis,LAND SURFACE TEMPERATURE,0.878021121,LAND SURFACE TEMPERATURE,0.79077208,LAND SURFACE TEMPERATURE,7314
313,script_188414.txt,Theme,NDVI Calculation,NORMALIZED DIFFERENCE VEGETATION INDEX (NDVI),0.824810624,NORMALIZED DIFFERENCE VEGETATION INDEX (NDVI),0.695064306,VEGETATION INDEX,7314
314,script_188414.txt,Theme,Cloud Masking,CLOUD MICROPHYSICS,0.89395225,LAND/OCEAN/ICE MASK,0.623371601,CLOUD TYPES,7314
315,script_188419.txt,Theme,Land Surface Temperature,LAND SURFACE TEMPERATURE,0.955667853,LAND SURFACE TEMPERATURE,0.914831519,LAND SURFACE TEMPERATURE,7314
316,script_188419.txt,Theme,NDVI Analysis,NORMALIZED DIFFERENCE VEGETATION INDEX (NDVI),0.841811359,NORMALIZED DIFFERENCE VEGETATION INDEX (NDVI),0.68970263,VEGETATION INDEX,7309
317,script_188419.txt,Theme,Cloud Masking,CLOUD MICROPHYSICS,0.89395225,LAND/OCEAN/ICE MASK,0.623371601,CLOUDS,7309
318,script_188454.txt,Theme,Cloud probability analysis,MESOSPHERIC CLOUDS (OBSERVED/ANALYZED),0.892683864,CLOUD DYNAMICS,0.608694434,CLOUDS,7309
319,script_188454.txt,Theme,Temporal cloud coverage,TROPOSPHERIC/MID-LEVEL CLOUDS (OBSERVED/ANALYZED),0.861441553,INTERMITTENT STREAM,0.679660916,CLOUDS,7309
320,script_188455.txt,Theme,Cloud probability analysis,MESOSPHERIC CLOUDS (OBSERVED/ANALYZED),0.892683864,CLOUD DYNAMICS,0.608694434,CLOUDS,7309
321,script_188455.txt,Theme,Image mosaicking,RADAR IMAGERY,0.821515322,PHOTOSYNTHESIS,0.661672056,IMAGE PROCESSING,7315
322,script_188455.txt,Theme,Cloud masking,CLOUD MICROPHYSICS,0.896247745,CLOUD CEILING,0.6455549,Earth Science,
323,script_188455.txt,Theme,Percentage calculation,PERCENT CONVECTIVE CLOUDS,0.802364171,PERCOLATION RATE,0.671913743,CLOUD MASKING,7315
324,script_188458.txt,Theme,Cloud probability analysis in East and South Asia,MESOSPHERIC CLOUDS (OBSERVED/ANALYZED),0.877855003,CLOUD VERTICAL DISTRIBUTION,0.551581502,Earth Science,
325,script_188465.txt,Theme,Cloud masking,CLOUD MICROPHYSICS,0.896247745,CLOUD CEILING,0.6455549,MATHEMATICAL METHODS,7315
326,script_188465.txt,Theme,Daily mosaics,DICOTS,0.800095201,DIURNAL MOVEMENTS,0.67720747,SURFACE MASS,7314
327,script_188465.txt,Theme,Image summation,INFRARED IMAGERY,0.825221181,PHOTOSYNTHESIS,0.678530931,SURFACE MASS,7314
328,script_188502.txt,Theme,Water area change detection,WATER VAPOR INDICATORS,0.857511997,WATER DEPTH,0.694302082,SURFACE WATER,7314
329,script_188506.txt,Theme,Cloud probability analysis,MESOSPHERIC CLOUDS (OBSERVED/ANALYZED),0.892683864,CLOUD DYNAMICS,0.608694434,CLOUD INDICATORS,7314
330,script_188506.txt,Theme,Region-specific cloud masking,MESOSPHERIC CLOUDS (OBSERVED/ANALYZED),0.857433677,SPECIFIC SURFACE AREA,0.651163697,CLOUD INDICATORS,7314
331,script_188509.txt,Theme,Precipitation analysis,PRECIPITATION ANOMALIES,0.842723489,SURFACE PRECIPITATION,0.681350768,PRECIPITATION PROFILES,7322
332,script_188509.txt,Theme,Cloud probability analysis,MESOSPHERIC CLOUDS (OBSERVED/ANALYZED),0.892683864,CLOUD DYNAMICS,0.608694434,CLOUD PROPERTIES,7322
333,script_188509.txt,Theme,Correlation analysis,ISOTOPIC ANALYSIS,0.816128135,CONVERGENCE/DIVERGENCE,0.655450642,ATMOSPHERIC TEMPERATURE INDICES,7322
334,script_188511.txt,Theme,Precipitation analysis,PRECIPITATION ANOMALIES,0.842723489,SURFACE PRECIPITATION,0.681350768,PRECIPITATION PROFILES,7322
335,script_188511.txt,Theme,Cloud probability,PERCENT CONVECTIVE CLOUDS,0.923713446,CLOUD EMISSIVITY,0.635487914,CLOUD PROPERTIES,7322
336,script_188511.txt,Theme,Correlation analysis,ISOTOPIC ANALYSIS,0.816128135,CONVERGENCE/DIVERGENCE,0.655450642,SCENARIO PLANNING,7322
337,script_19155.txt,Theme,Land cover classification,LAND USE/LAND COVER CLASSIFICATION,0.925580025,LAND USE/LAND COVER CLASSIFICATION,0.805195212,LAND USE/LAND COVER CLASSIFICATION,7322
338,script_19155.txt,Theme,Agricultural analysis,AGRICULTURE,0.879961133,AGRICULTURE PRODUCTION,0.719006181,AGRICULTURE PRODUCTION,7322
339,script_19155.txt,Theme,Urban analysis,URBAN AREAS,0.87316978,URBAN AREAS,0.671560943,URBAN AREAS,7322
340,script_23533.txt,Theme,Land cover change analysis,LAND USE/LAND COVER,0.862189531,LAND USE/LAND COVER,0.676077604,LAND USE/LAND COVER CLASSIFICATION,7322
341,script_28.txt,Theme,Snow cover analysis,SNOW STRATIGRAPHY,0.881873667,SNOW COVER,0.743541837,SNOW COVER,7328
342,script_28.txt,Theme,Landsat data harmonization,SATELLITE SOIL MOISTURE INDEX,0.783387542,DATA SYNCHRONIZATION TIME,0.673339725,LAND USE/LAND COVER CLASSIFICATION,7328
343,script_28.txt,Theme,Time series analysis,BIVARIATE ENSO TIMESERIES INDEX,0.791666508,STRATIGRAPHIC SEQUENCE,0.655381441,TIME SERIES ANALYSIS,7328
344,script_28.txt,Theme,Hydrologic unit statistics,WATER QUALITY INDEXES,0.827832758,HYDROGRAPHY,0.636590838,GROUND WATER PROCESSES/MEASUREMENTS,7328
345,script_3043.txt,Theme,Water frequency analysis,FLOOD FREQUENCY,0.860695422,FLOOD FREQUENCY,0.745921433,WATER QUALITY/WATER CHEMISTRY,7328
346,script_3043.txt,Theme,Vegetation frequency analysis,VEGETATION INDEX,0.886570573,FOREST MENSURATION,0.679283142,VEGETATION COVER,7327
347,script_3043.txt,Theme,Tidal flats detection,TIDAL COMPONENTS,0.860404372,TIDAL FRICTION,0.68111366,TIDAL COMPONENTS,7327
348,script_3043.txt,Theme,Deciduous vegetation detection,DECIDUOUS VEGETATION,0.866027236,DECIDUOUS VEGETATION,0.808063388,DECIDUOUS VEGETATION,7327
349,script_3043.txt,Theme,Evergreen vegetation detection,EVERGREEN VEGETATION,0.863509417,EVERGREEN VEGETATION,0.755038798,EVERGREEN VEGETATION,7327
350,script_32.txt,Theme,MODIS/VIIRS snow product bias determination,SNOW CLASSIFICATION,0.841023862,SNOW MICROSTRUCTURE,0.587440729,SNOW COVER,7327
351,script_35538.txt,Theme,Waterbody extraction using NDVI,GROUND WATER RECONSTRUCTION,0.814548135,WATER TRACE ELEMENTS,0.600865483,WATER QUALITY/WATER CHEMISTRY,7333
352,script_35538.txt,Theme,Landsat 8 imagery analysis,SATELLITE SOIL MOISTURE INDEX,0.813152552,RADAR IMAGERY,0.571020722,LAND SURFACE TEMPERATURE,7333
353,script_37873.txt,Theme,Landcover classification using satellite imagery,LAND USE/LAND COVER CLASSIFICATION,0.862811804,LAND USE/LAND COVER CLASSIFICATION,0.708539367,LAND USE/LAND COVER CLASSIFICATION,7333
354,script_41838.txt,Theme,Land cover classification,LAND USE/LAND COVER CLASSIFICATION,0.925580025,LAND USE/LAND COVER CLASSIFICATION,0.805195212,LAND USE/LAND COVER CLASSIFICATION,7333
355,script_41838.txt,Theme,Mangrove mapping,SHORELINE MAPPING,0.851137161,MANGROVES,0.762687922,VEGETATION COVER,7333
356,script_41838.txt,Theme,Water body identification,LAKES/RESERVOIRS,0.848647237,WATER CHARACTERISTICS,0.721213162,SURFACE WATER,7324
357,script_41838.txt,Theme,Open land detection,LAND SURFACE/AGRICULTURE INDICATORS,0.863308251,LAND USE/LAND COVER CLASSIFICATION,0.642266393,LAND USE/LAND COVER,7324
358,script_41838.txt,Theme,Built-up area analysis,ISOTOPIC ANALYSIS,0.804345727,LAND USE/LAND COVER CLASSIFICATION,0.603563428,URBAN AREAS,7324
359,script_42.txt,Theme,Forest cover mapping in Cambodia,FOREST MENSURATION,0.857102931,FOREST MENSURATION,0.610992312,FOREST COMPOSITION/VEGETATION STRUCTURE,7324
360,script_43.txt,Theme,Community forest analogue regions,FORESTS,0.831334352,FOREST MENSURATION,0.584124923,COMMUNITY DYNAMICS,7324
361,script_43803.txt,Theme,Satellite imagery analysis for Zhangjiakou region,SATELLITE SOIL MOISTURE INDEX,0.808586597,RADAR IMAGERY,0.584666848,LAND USE/LAND COVER CLASSIFICATION,7332
362,script_45435.txt,Theme,MODIS LAI analysis,ISOTOPIC ANALYSIS,0.823283255,LEAF AREA INDEX (LAI),0.60871315,VEGETATION INDEX,7332
363,script_45435.txt,Theme,Vegetation cover analysis,VEGETATION COVER,0.902563691,VEGETATION COVER,0.765177369,VEGETATION COVER,7332
364,script_48.txt,Theme,Annual change detection,FREEZE/FROST DATE,0.780760169,ANNUAL ELLIPTICAL COMPONENT,0.69317615,LAND USE/LAND COVER CLASSIFICATION,7332
365,script_48.txt,Theme,LandTrendr analysis,LAND SURFACE/AGRICULTURE INDICATORS,0.836894333,LANDFALL INTENSITY,0.594953895,LAND USE/LAND COVER CLASSIFICATION,7332
366,script_48.txt,Theme,Time series analysis,BIVARIATE ENSO TIMESERIES INDEX,0.791666508,STRATIGRAPHIC SEQUENCE,0.655381441,TIME SERIES ANALYSIS,7322
367,script_48.txt,Theme,Segment length calculation,WAVE LENGTH,0.819171369,SEDIMENTATION RATE,0.577198029,Earth Science,
368,script_48.txt,Theme,Time since last vertex,LAST FREEZE/FROST PROBABILITY,0.789189458,LAST FREEZE/FROST DATE,0.622261286,SEGMENT LENGTH CALCULATION,7322
369,script_49902.txt,Theme,Satellite index calculation,SATELLITE SOIL MOISTURE INDEX,0.856224239,SATELLITE SOIL MOISTURE INDEX,0.694194913,Earth Science,
370,script_49902.txt,Theme,NDVI analysis,NORMALIZED DIFFERENCE VEGETATION INDEX (NDVI),0.840828061,NORMALIZED DIFFERENCE VEGETATION INDEX (NDVI),0.68153584,TIME SINCE LAST VERTEX,7322
371,script_49902.txt,Theme,NDMI analysis,ISOTOPIC ANALYSIS,0.823709786,NORMALIZED DIFFERENCE VEGETATION INDEX (NDVI),0.612638652,VEGETATION INDEX,7324
372,script_49902.txt,Theme,Legend incorporation,SYMBIOSIS,0.776387691,ENTRAINMENT,0.529951155,BOUNDARIES,7324
373,script_50.txt,Theme,Forest cover mapping in Cambodia,FOREST MENSURATION,0.857102931,FOREST MENSURATION,0.610992312,FOREST COMPOSITION/VEGETATION STRUCTURE,7324
374,script_51624.txt,Theme,Flood monitoring in Myanmar,INUNDATION LEVEL,0.830688953,FLOOD FREQUENCY,0.635089934,FLOODS,7324
375,script_52026.txt,Theme,Ozone concentration analysis,OZONE SURFACE,0.873256326,OXYGEN ISOTOPE ANALYSIS,0.744370818,TRACE GASES/TRACE SPECIES,7324
376,script_54980.txt,Theme,Urban infrastructure mapping,CONTOUR MAPS,0.851975203,SHORELINE MAPPING,0.672054172,URBAN AREAS,7339
377,script_59099.txt,Theme,"Landslide evaluation in Las Minas, Santa Rosa",SAFFIR-SIMPSON SCALE AT LANDFALL (CATEGORY 2),0.816139698,LAND SURFACE FEEDBACKS,0.535914361,LANDSLIDES,7339
378,script_62526.txt,Theme,Cirrus cloud area analysis,MESOSPHERIC CLOUDS (OBSERVED/ANALYZED),0.902783155,CIRRUS CLOUD SYSTEMS,0.652495861,TROPOSPHERIC/HIGH-LEVEL CLOUDS (OBSERVED/ANALYZED),7339
379,script_62526.txt,Theme,Time series analysis,BIVARIATE ENSO TIMESERIES INDEX,0.791666508,STRATIGRAPHIC SEQUENCE,0.655381441,ATMOSPHERIC TEMPERATURE INDICES,7339
380,script_65671.txt,Theme,Median temperature analysis,TEMPERATURE ANOMALIES,0.848872781,AMBIENT TEMPERATURE,0.697508037,TEMPERATURE INDICES,7339
381,script_65671.txt,Theme,Landsat 5 TM,SAFFIR-SIMPSON SCALE AT LANDFALL (CATEGORY 5),0.816912055,SAFFIR-SIMPSON SCALE AT LANDFALL (CATEGORY 5),0.567589998,LANDSAT,7313
382,script_65671.txt,Theme,Landsat 8,SATELLITE SOIL MOISTURE INDEX,0.79617691,LANDSCAPE,0.552911282,Earth Science,
383,script_67562.txt,Theme,Supervised classification,BIOLOGICAL CLASSIFICATION,0.810250223,BIOLOGICAL CLASSIFICATION,0.705843747,LANDSAT,7313
384,script_67562.txt,Theme,Cloud removal,CLOUD CLUSTERS,0.880902886,CARBON DIOXIDE REMOVAL,0.649265826,Earth Science,
385,script_67562.txt,Theme,Image scaling,HUMAN DIMENSIONS,0.814595819,INFRARED IMAGERY,0.659245014,SUPERVISED CLASSIFICATION,7313
386,script_67562.txt,Theme,NDVI calculation,NORMALIZED DIFFERENCE VEGETATION INDEX (NDVI),0.821857333,NORMALIZED DIFFERENCE VEGETATION INDEX (NDVI),0.693864882,VEGETATION INDEX,7316
387,script_67562.txt,Theme,NDWI calculation,NORTHERN OSCILLATION INDEX,0.7785393,NORMALIZED DIFFERENCE VEGETATION INDEX (NDVI),0.609177649,Earth Science,
388,script_67562.txt,Theme,NDBI calculation,NINO 1+2 INDEX,0.794898331,INFILTRATION AMOUNT,0.552357614,VEGETATION INDEX,7316
389,script_67562.txt,Theme,DEM analysis,Digital Surface Model (DSM),0.869353414,DIGITAL ELEVATION/TERRAIN MODEL (DEM),0.659703135,Earth Science,
390,script_71184.txt,Theme,Cloud detection and removal,CLOUD DYNAMICS,0.871640444,CLOUD OPTICAL DEPTH/THICKNESS,0.614923358,VEGETATION INDEX,7316
391,script_71184.txt,Theme,Water body analysis,AQUIFER DEPTH,0.861195683,WATER CHARACTERISTICS,0.713577986,AQUATIC SCIENCES,7325
392,script_72.txt,Theme,LandTrendr temporal segmentation,BIVARIATE ENSO TIMESERIES INDEX,0.81732899,TECTONIC LANDFORMS,0.588217378,LAND USE/LAND COVER CLASSIFICATION,7325
393,script_72.txt,Theme,Change detection,SENSOR CHARACTERISTICS,0.814479828,WAVE DIFFRACTION,0.668730617,LAND USE/LAND COVER CLASSIFICATION,7325
394,script_72.txt,Theme,Vegetation index analysis,VEGETATION INDEX,0.930100918,VEGETATION INDEX,0.791563511,VEGETATION INDEX,7325
395,script_7366.txt,Theme,Land cover classification,LAND USE/LAND COVER CLASSIFICATION,0.925580025,LAND USE/LAND COVER CLASSIFICATION,0.805195212,LAND USE/LAND COVER CLASSIFICATION,7325
396,script_75448.txt,Theme,Waterbody surface area analysis,SURFACE WATER PROCESSES/MEASUREMENTS,0.875777721,SURFACE WATER FEATURES,0.683100939,SURFACE WATER,7322
397,script_75448.txt,Theme,Decline in lake surface area,RIVER/LAKE ICE BREAKUP,0.826454878,LAKE LEVELS,0.647814155,SURFACE WATER,7322
398,script_75448.txt,Theme,NDWI calculation,NORTHERN OSCILLATION INDEX,0.7785393,NORMALIZED DIFFERENCE VEGETATION INDEX (NDVI),0.609177649,VEGETATION INDEX,7322
399,script_75448.txt,Theme,Otsu thresholding,ATTRITION,0.791782141,SOUTHERN OSCILLATION INDEX,0.553698063,VEGETATION INDEX,7322
400,script_76696.txt,Theme,Landsat NDVI analysis in Russia,SATELLITE SOIL MOISTURE INDEX,0.797729611,NORMALIZED DIFFERENCE VEGETATION INDEX (NDVI),0.521926761,VEGETATION INDEX,7322
401,script_76709.txt,Theme,NDVI analysis,NORMALIZED DIFFERENCE VEGETATION INDEX (NDVI),0.840828061,NORMALIZED DIFFERENCE VEGETATION INDEX (NDVI),0.68153584,VEGETATION INDEX,7314
402,script_76709.txt,Theme,MNDWI analysis,ISOTOPIC ANALYSIS,0.852588177,NORMALIZED DIFFERENCE VEGETATION INDEX (NDVI),0.568015873,WATER QUALITY INDEXES,7314
403,script_76709.txt,Theme,NDMI analysis,ISOTOPIC ANALYSIS,0.823709786,NORMALIZED DIFFERENCE VEGETATION INDEX (NDVI),0.612638652,VEGETATION INDEX,7314
404,script_76709.txt,Theme,NBR analysis,NORTHERN OSCILLATION INDEX,0.814752698,INFILTRATION RATE,0.535213053,VEGETATION INDEX,7314
405,script_76709.txt,Theme,CI analysis,ISOTOPIC ANALYSIS,0.859750688,ISOTOPIC ANALYSIS,0.595635056,VEGETATION INDEX,7314
406,script_76805.txt,Theme,Arctic greening patterns,ARCTIC OSCILLATION,0.860430717,ARCTIC OSCILLATION,0.578630328,VEGETATION INDEX,7324
407,script_76805.txt,Theme,NDVI/EVI trends,TEMPERATURE TRENDS,0.818617225,NORMALIZED DIFFERENCE VEGETATION INDEX (NDVI),0.66527009,VEGETATION INDEX,7324
408,script_76839.txt,Theme,NDVI and LSWI analysis,ISOTOPIC ANALYSIS,0.801527321,NORMALIZED DIFFERENCE VEGETATION INDEX (NDVI),0.647581041,VEGETATION INDEX,7324
409,script_76839.txt,Theme,Landsat imagery processing,SATELLITE SOIL MOISTURE INDEX,0.818571925,LANDSCAPE PROCESSES,0.669885755,SATELLITE SOIL MOISTURE INDEX,7324
410,script_76839.txt,Theme,Cloud masking,CLOUD MICROPHYSICS,0.896247745,CLOUD CEILING,0.6455549,CLOUD MASK,7324
411,script_76840.txt,Theme,NDVI and LSWI calculation,NINO 1+2 INDEX,0.782580137,NORMALIZED DIFFERENCE VEGETATION INDEX (NDVI),0.636344552,VEGETATION INDEX,7335
412,script_76840.txt,Theme,Cloud masking,CLOUD MICROPHYSICS,0.896247745,CLOUD CEILING,0.6455549,CLOUDS,7335
413,script_76840.txt,Theme,Landsat imagery analysis,SATELLITE SOIL MOISTURE INDEX,0.82340157,RADAR IMAGERY,0.629863381,LAND USE/LAND COVER CLASSIFICATION,7335
414,script_76841.txt,Theme,NDVI and LSWI analysis in Qinghai region,NORMALIZED DIFFERENCE VEGETATION INDEX (NDVI),0.776924074,NORMALIZED DIFFERENCE VEGETATION INDEX (NDVI),0.578720689,VEGETATION INDEX,7335
415,script_78663.txt,Theme,Land cover correction using Sentinel-1 data,SOIL HORIZONS/PROFILE,0.815572321,LAND USE/LAND COVER,0.619858444,LAND USE/LAND COVER CLASSIFICATION,7335
416,script_78805.txt,Theme,NDVI calculation,NORMALIZED DIFFERENCE VEGETATION INDEX (NDVI),0.821857333,NORMALIZED DIFFERENCE VEGETATION INDEX (NDVI),0.693864882,VEGETATION INDEX,7324
417,script_78805.txt,Theme,SAVI calculation,SCAVENGING,0.803121865,ENVIRONMENTAL VULNERABILITY INDEX (EVI),0.537988305,VEGETATION INDEX,7324
418,script_78805.txt,Theme,Image collection filtering,BLOCKING INDEX,0.75696516,INFILTRATION,0.659632325,LAND USE/LAND COVER CLASSIFICATION,7324
419,script_78805.txt,Theme,Median and mean reduction,DENITRIFICATION RATE,0.805440307,SUBDUCTION,0.665387154,LAND USE/LAND COVER CLASSIFICATION,7324
420,script_85061.txt,Theme,Landsat image processing,SATELLITE SOIL MOISTURE INDEX,0.810966253,LANDSCAPE PROCESSES,0.646066308,LAND USE/LAND COVER CLASSIFICATION,7324
421,script_85061.txt,Theme,Cloud detection,CLOUD MICROPHYSICS,0.89226985,WAVE DIFFRACTION,0.641607642,CLOUD PROPERTIES,7329
422,script_85061.txt,Theme,Spectral mixture analysis,SPECTRUM WIDTH,0.819813967,SPECTRUM WIDTH,0.707599282,SPECTRAL IRRADIANCE,7329
423,script_85061.txt,Theme,Suriname mosaic creation,TOPOGRAPHY,0.794817924,MAGMA COMPOSITION/TEXTURE,0.490460426,LAND USE/LAND COVER CLASSIFICATION,7329
424,script_85217.txt,Theme,Land cover classification using Landsat 8 imagery,LAND USE/LAND COVER CLASSIFICATION,0.852099478,LAND USE/LAND COVER CLASSIFICATION,0.689390182,LAND USE/LAND COVER CLASSIFICATION,7329
425,script_85219.txt,Theme,Fire severity analysis,FIRE WEATHER INDEX,0.891610205,FIRE MODELS,0.616563439,FIRE WEATHER INDEX,7329
426,script_85219.txt,Theme,Vegetation index comparison,VEGETATION INDEX,0.933814049,VEGETATION INDEX,0.748956621,VEGETATION INDEX,7306
427,script_85219.txt,Theme,Cloud masking,CLOUD MICROPHYSICS,0.896247745,CLOUD CEILING,0.6455549,CLOUDS,7306
428,script_89887.txt,Theme,Water masking,WATER VAPOR PROCESSES,0.845144451,WATER MASSES,0.726014018,WATER QUALITY,7306
429,script_89887.txt,Theme,Cloud masking,CLOUD MICROPHYSICS,0.896247745,CLOUD CEILING,0.6455549,CLOUDS,7306
430,script_89887.txt,Theme,True color visualization,VISIBLE WAVELENGTHS,0.83123666,VISIBLE IMAGERY,0.622215033,VISIBLE LIGHT,7306
431,script_95721.txt,Theme,Vegetation indices analysis,VEGETATION INDEX,0.930876732,VEGETATION INDEX,0.764137566,VEGETATION INDEX,7310
432,script_95721.txt,Theme,Cloud and snow masking,CLOUD REFLECTANCE,0.877232671,LAND/OCEAN/ICE MASK,0.712953031,CLOUD TYPES,7310
433,script_95721.txt,Theme,Buffer creation,pH,0.813961804,FEED STORAGE,0.586805344,BOUNDARIES,7310
434,script_95950.txt,Theme,NDVI analysis,NORMALIZED DIFFERENCE VEGETATION INDEX (NDVI),0.840828061,NORMALIZED DIFFERENCE VEGETATION INDEX (NDVI),0.68153584,VEGETATION INDEX,7310
435,script_95950.txt,Theme,Cloud masking,CLOUD MICROPHYSICS,0.896247745,CLOUD CEILING,0.6455549,CLOUD TYPES,7310
436,script_95950.txt,Theme,Time series analysis,BIVARIATE ENSO TIMESERIES INDEX,0.791666508,STRATIGRAPHIC SEQUENCE,0.655381441,TIME SERIES ANALYSIS,7330
437,script_96316.txt,Theme,Sentinel-2 imagery analysis for Cordoba,RADAR IMAGERY,0.808318973,ISOTOPIC ANALYSIS,0.509459019,SATELLITE IMAGERY,7330
438,script_96317.txt,Theme,Sentinel-2 imagery analysis for Cordoba,RADAR IMAGERY,0.808318973,ISOTOPIC ANALYSIS,0.509459019,SATELLITE IMAGERY,7330
439,script_96322.txt,Theme,NDVI analysis,NORMALIZED DIFFERENCE VEGETATION INDEX (NDVI),0.840828061,NORMALIZED DIFFERENCE VEGETATION INDEX (NDVI),0.68153584,VEGETATION INDEX,7330
440,script_96322.txt,Theme,Sentinel-2 imagery,RADAR IMAGERY,0.831386566,INFRARED IMAGERY,0.607177019,SATELLITE IMAGERY,7330
441,script_96322.txt,Theme,Agricultural yield,AGRICULTURE,0.885205984,AGRICULTURE PRODUCTION,0.70284152,CROP/PLANT YIELDS,7328
442,script_96332.txt,Theme,Sentinel-2 imagery processing for Cordoba region,CONTOUR MAPS,0.790508747,COASTAL PROCESSES,0.540147185,LAND USE/LAND COVER CLASSIFICATION,7328
443,script_96361.txt,Theme,Landsat data processing,SATELLITE SOIL MOISTURE INDEX,0.822414279,LANDSCAPE PROCESSES,0.636480689,LAND USE/LAND COVER CLASSIFICATION,7328
444,script_96361.txt,Theme,Cloud and water masking,CLOUD DYNAMICS,0.870861471,LAND/OCEAN/ICE MASK,0.688006997,CLOUD PROPERTIES,7328
445,script_96361.txt,Theme,Texture analysis,COMPOSITION/TEXTURE,0.866934538,COMPOSITION/TEXTURE,0.699066043,SOIL TEXTURE,7328
446,script_96424.txt,Theme,Water occurrence analysis,FLOOD FREQUENCY,0.856249928,WATER CHARACTERISTICS,0.721926451,SURFACE WATER,7313
447,script_96424.txt,Theme,Cloud masking,CLOUD MICROPHYSICS,0.896247745,CLOUD CEILING,0.6455549,CLOUD PROPERTIES,7313
448,script_96424.txt,Theme,Lake shoreline stats,LAKE LEVELS,0.82388401,LAKE LEVELS,0.652357221,COASTLINE,7313
449,script_96424.txt,Theme,Lake extent reconstruction,LAKE LEVEL RECONSTRUCTION,0.916704774,LAKE LEVEL RECONSTRUCTION,0.760107994,OCEAN/LAKE RECORDS,7313
450,script_96426.txt,Theme,Lake area analysis,LAKE LEVELS,0.83057642,LAKE LEVELS,0.636714339,COASTLINE,7313
451,script_96426.txt,Theme,Water surface reconstruction,SEA LEVEL RECONSTRUCTION,0.887374759,GROUND WATER RECONSTRUCTION,0.769423068,SURFACE WATER,7312
452,script_96427.txt,Theme,Lake area change analysis,LAKE LEVEL RECONSTRUCTION,0.831065536,SEA LEVEL CHANGE,0.623720765,SURFACE WATER,7312
453,script_96458.txt,Theme,Urban area analysis,URBAN AREAS,0.875553429,URBAN AREAS,0.723485708,URBAN AREAS,7312
454,script_96458.txt,Theme,Water area detection,WATER VAPOR INDICATORS,0.845175803,WATER DEPTH,0.704686582,SURFACE WATER,7312
455,script_96458.txt,Theme,Vegetation area detection,VEGETATION INDEX,0.882316589,VEGETATION OPTICAL DEPTH,0.718827069,VEGETATION COVER,7312
456,script_96458.txt,Theme,Rice paddy identification,INDICATOR SPECIES,0.815306962,LAND SURFACE/AGRICULTURE INDICATORS,0.50878346,AGRICULTURE,7314
457,script_96459.txt,Theme,Urban change detection,URBAN AREAS,0.813894749,URBAN AREAS,0.660104692,Earth Science,
458,script_96459.txt,Theme,Vegetation analysis,VEGETATION INDEX,0.9112643,VEGETATION,0.71235621,URBANIZATION/URBAN SPRAWL,7314
459,script_96459.txt,Theme,Soil analysis,SOIL CHEMISTRY,0.903043211,SOIL CLASSIFICATION,0.79022032,Earth Science,
460,script_96519.txt,Theme,Flooding analysis,FLOOD LEVELS,0.866765499,FLOODING,0.743539929,VEGETATION,7314
461,script_96519.txt,Theme,Elevation mapping,TERRAIN ELEVATION,0.864859998,TERRAIN ELEVATION,0.700600743,TERRAIN ELEVATION,7320
462,script_96519.txt,Theme,Built-up area analysis,ISOTOPIC ANALYSIS,0.804345727,LAND USE/LAND COVER CLASSIFICATION,0.603563428,Earth Science,
463,script_96519.txt,Theme,Earthquake analysis,EARTHQUAKE OCCURRENCES,0.895441771,EARTHQUAKE PREDICTIONS,0.717237234,URBAN AREAS,7320
464,script_96537.txt,Theme,Land cover classification,LAND USE/LAND COVER CLASSIFICATION,0.925580025,LAND USE/LAND COVER CLASSIFICATION,0.805195212,Earth Science,
465,script_96537.txt,Theme,NDVI calculation,NORMALIZED DIFFERENCE VEGETATION INDEX (NDVI),0.821857333,NORMALIZED DIFFERENCE VEGETATION INDEX (NDVI),0.693864882,EARTHQUAKES,7320
466,script_96537.txt,Theme,NDWI calculation,NORTHERN OSCILLATION INDEX,0.7785393,NORMALIZED DIFFERENCE VEGETATION INDEX (NDVI),0.609177649,VEGETATION INDEX,7318
467,script_96537.txt,Theme,BSI calculation,BIOMASS DYNAMICS,0.793964684,SHOWALTER STABILITY INDEX (SI),0.555022597,Earth Science,
468,script_96537.txt,Theme,Cloud masking,CLOUD MICROPHYSICS,0.896247745,CLOUD CEILING,0.6455549,VEGETATION INDEX,7318
469,script_96537.txt,Theme,Accuracy assessment,PRECIPITATION,0.810382247,ACCRETION,0.650696933,Earth Science,
470,script_96538.txt,Theme,Cemetery characterization using Sentinel-2 imagery,SAFFIR-SIMPSON SCALE AT LANDFALL (CATEGORY 2),0.788882732,SEDIMENTARY TEXTURES,0.58485353,CLOUDS,7318
471,script_96558.txt,Theme,NDVI and precipitation correlation,CLIMATE INDICATORS,0.815696001,NORMALIZED DIFFERENCE VEGETATION INDEX (NDVI),0.651645422,VEGETATION INDEX,7314
472,script_96578.txt,Theme,Fire detection,FIRE MANAGEMENT,0.872918725,FIRE DISTURBANCE,0.715811133,FIRE WEATHER INDEX,7314
473,script_96578.txt,Theme,Temperature analysis,PARTICLE TEMPERATURE,0.878895044,AMBIENT TEMPERATURE,0.7193712,TEMPERATURE INDICES,7314
474,script_96578.txt,Theme,NDVI change detection,NORMALIZED DIFFERENCE VEGETATION INDEX (NDVI),0.819267273,NORMALIZED DIFFERENCE VEGETATION INDEX (NDVI),0.661822617,VEGETATION INDEX,7314
475,script_96593.txt,Theme,NDVI analysis,NORMALIZED DIFFERENCE VEGETATION INDEX (NDVI),0.840828061,NORMALIZED DIFFERENCE VEGETATION INDEX (NDVI),0.68153584,VEGETATION INDEX,7314
476,script_96593.txt,Theme,Land cover classification,LAND USE/LAND COVER CLASSIFICATION,0.925580025,LAND USE/LAND COVER CLASSIFICATION,0.805195212,LAND USE/LAND COVER CLASSIFICATION,7332
477,script_96593.txt,Theme,Time series analysis,BIVARIATE ENSO TIMESERIES INDEX,0.791666508,STRATIGRAPHIC SEQUENCE,0.655381441,TIME SERIES ANALYSIS,7332
478,script_96593.txt,Theme,Locust damage assessment,DISASTER RESPONSE,0.800546527,DESTRUCTION POTENTIAL INDEX,0.519731283,PLANT DISEASES/DISORDERS/PESTS,7332
479,script_96611.txt,Theme,Landsat 8 composite creation,Digital Surface Model (DSM),0.788636327,OCEAN MIXED LAYER,0.551737785,LAND USE/LAND COVER CLASSIFICATION,7332
480,script_96611.txt,Theme,NDVI calculation,NORMALIZED DIFFERENCE VEGETATION INDEX (NDVI),0.821857333,NORMALIZED DIFFERENCE VEGETATION INDEX (NDVI),0.693864882,VEGETATION INDEX,7332
481,script_96611.txt,Theme,Cloud-free composite generation,CLOUD PROPERTIES,0.777486682,WIND ENERGY PRODUCTION/USE,0.563644886,CLOUD INDICATORS,7317
482,script_97207.txt,Theme,Fire impact analysis using NDVI,FIRE WEATHER INDEX,0.82840395,FIRE WEATHER INDEX,0.647200644,FIRE ECOLOGY,7317
483,script_97208.txt,Theme,Fire area analysis,FIRE WEATHER INDEX,0.875812232,FIRE MODELS,0.636851907,FIRE ECOLOGY,7317
484,script_97208.txt,Theme,Burn severity assessment,BURNED AREA,0.858768046,BRIGHTNESS TEMPERATURE,0.567485094,FIRE ECOLOGY,7317
485,script_97209.txt,Theme,Fire analysis,FIRE WEATHER INDEX,0.880066097,FIRE MODELS,0.675780177,FIRE ECOLOGY,7317
486,script_97209.txt,Theme,Burned area detection,BURNED AREA,0.880084395,BURNED AREA,0.751452446,FIRE ECOLOGY,7318
487,script_97209.txt,Theme,Pre and post-fire comparison,FIRE OCCURRENCE,0.839038789,FIRE HISTORY,0.583414495,FIRE ECOLOGY,7318
488,script_97210.txt,Theme,Fire analysis,FIRE WEATHER INDEX,0.880066097,FIRE MODELS,0.675780177,FIRE ECOLOGY,7318
489,script_97210.txt,Theme,Burned area detection,BURNED AREA,0.880084395,BURNED AREA,0.751452446,FIRE ECOLOGY,7318
490,script_97210.txt,Theme,Pre and post-fire imagery,FIRE OCCURRENCE,0.839078546,FIRE MODELS,0.601381779,FIRE ECOLOGY,7318
491,script_97211.txt,Theme,Fire analysis,FIRE WEATHER INDEX,0.880066097,FIRE MODELS,0.675780177,FIRE ECOLOGY,7314
492,script_97211.txt,Theme,Burned area detection,BURNED AREA,0.880084395,BURNED AREA,0.751452446,FIRE MANAGEMENT,7314
493,script_97211.txt,Theme,Image classification,RADAR IMAGERY,0.815034032,INFRARED IMAGERY,0.682363272,LAND USE/LAND COVER CLASSIFICATION,7314
494,script_97211.txt,Theme,Vegetation indices calculation,VEGETATION INDEX,0.903642178,VEGETATION INDEX,0.753935814,VEGETATION INDEX,7314
495,script_97212.txt,Theme,Fire analysis,FIRE WEATHER INDEX,0.880066097,FIRE MODELS,0.675780177,FIRE ECOLOGY,7314
496,script_97212.txt,Theme,Burned area detection,BURNED AREA,0.880084395,BURNED AREA,0.751452446,RECLAMATION/REVEGETATION/RESTORATION,7333
497,script_97212.txt,Theme,Image classification,RADAR IMAGERY,0.815034032,INFRARED IMAGERY,0.682363272,LAND USE/LAND COVER CLASSIFICATION,7333
498,script_97250.txt,Theme,Nighttime lights distribution,LIGHT TRANSMISSION,0.828000188,LIGHT TRANSMISSION,0.724805534,URBAN AREAS,7333
499,script_97250.txt,Theme,Urban vs. agricultural areas,FARM STRUCTURES,0.845359325,URBAN AREAS,0.643848002,LAND USE/LAND COVER,7333
500,script_97292.txt,Theme,Image segmentation and classification,RADAR IMAGERY,0.791148603,INFRARED IMAGERY,0.655905724,LAND USE/LAND COVER CLASSIFICATION,7333
501,script_97292.txt,Theme,Agricultural land analysis,LAND SURFACE/AGRICULTURE INDICATORS,0.89109838,LAND PRODUCTIVITY,0.696351409,SOILS,7316
502,script_97292.txt,Theme,Outlier detection,SENSOR COUNTS,0.786309123,DIVERGENCE,0.634231865,STATISTICS,7316
503,script_97295.txt,Theme,Land use and land cover classification,LAND USE/LAND COVER CLASSIFICATION,0.953683138,LAND USE/LAND COVER CLASSIFICATION,0.870655417,LAND USE/LAND COVER CLASSIFICATION,7316
504,script_97367.txt,Theme,Cloud-free Landsat composites,SATELLITE SOIL MOISTURE INDEX,0.766478062,U/V WIND COMPONENTS,0.565289617,CLOUDS,7316
505,script_97367.txt,Theme,Colombia,CIRRUS KELVIN-HELMHOLTZ COLOMBIAH,0.837667942,MOLECULAR OXYGEN,0.450294375,ADMINISTRATIVE DIVISIONS,7316
506,script_97367.txt,Theme,NDVI calculation,NORMALIZED DIFFERENCE VEGETATION INDEX (NDVI),0.821857333,NORMALIZED DIFFERENCE VEGETATION INDEX (NDVI),0.693864882,VEGETATION INDEX,7322
507,script_97371.txt,Theme,Rice and wheat crop analysis,CROP HARVEST DATES,0.818995118,SOIL PRODUCTIVITY,0.578480959,CROP/PLANT YIELDS,7322
508,script_97371.txt,Theme,NDVI time series analysis,NORMALIZED DIFFERENCE VEGETATION INDEX (NDVI),0.808929086,NORMALIZED DIFFERENCE VEGETATION INDEX (NDVI),0.574510992,VEGETATION INDEX,7322
509,script_97430.txt,Theme,Cloud and shadow masking,CLOUD REFLECTANCE,0.88229835,CLOUD OPTICAL DEPTH/THICKNESS,0.650006056,CLOUD PROPERTIES,7322
510,script_97430.txt,Theme,Vegetation indices calculation,VEGETATION INDEX,0.903642178,VEGETATION INDEX,0.753935814,VEGETATION INDEX,7322
511,script_97431.txt,Theme,Water body analysis,AQUIFER DEPTH,0.861195683,WATER CHARACTERISTICS,0.713577986,AQUATIC SCIENCES,7318
512,script_97446.txt,Theme,Cloud-free Sentinel-2 imagery analysis,RADAR IMAGERY,0.769978523,INFRARED IMAGERY,0.575899839,CLOUD TYPES,7318
513,script_97475.txt,Theme,Land cover classification,LAND USE/LAND COVER CLASSIFICATION,0.925580025,LAND USE/LAND COVER CLASSIFICATION,0.805195212,LAND USE/LAND COVER CLASSIFICATION,7318
514,script_97475.txt,Theme,Cloud masking,CLOUD MICROPHYSICS,0.896247745,CLOUD CEILING,0.6455549,CLOUD MASKING,7318
515,script_97475.txt,Theme,Cluster analysis,MESOSPHERIC CLOUDS (OBSERVED/ANALYZED),0.809721708,CLOUD DYNAMICS,0.634876966,CLUSTER ANALYSIS,7318
516,script_97475.txt,Theme,Terrain analysis,SOIL HORIZONS/PROFILE,0.88605684,TERRAIN ELEVATION,0.710345864,TOPOGRAPHY,7319
517,script_97477.txt,Theme,Water body analysis,AQUIFER DEPTH,0.861195683,WATER CHARACTERISTICS,0.713577986,SURFACE WATER,7319
518,script_97477.txt,Theme,Vegetation index calculation,VEGETATION INDEX,0.911531687,VEGETATION INDEX,0.778288722,VEGETATION INDEX,7319
519,script_97479.txt,Theme,Landsat 8 Surface Reflectance Analysis,SATELLITE SOIL MOISTURE INDEX,0.817801118,APPARENT SURFACE REFLECTIVITY,0.664288819,REFLECTANCE,7319
520,script_97479.txt,Theme,Cloud and Cloud Shadow Masking,CLOUD REFLECTANCE,0.882306337,LAND/OCEAN/ICE MASK,0.646707058,CLOUD PROPERTIES,7319
521,script_97479.txt,Theme,Image Collection Filtering,BLOCKING INDEX,0.765746295,INFILTRATION,0.669955075,IMAGE COLLECTION FILTERING,7334
522,script_97479.txt,Theme,Statistical Analysis of Images,ISOTOPIC ANALYSIS,0.840123892,INFRARED IMAGERY,0.679603338,Earth Science,
523,script_97479.txt,Theme,Visualization of Natural and False Color Images,VISIBLE IMAGERY,0.850501299,VISIBLE IMAGERY,0.64610672,STATISTICAL ANALYSIS,7334
524,script_97507.txt,Theme,Crop greenness tracking in Merced County,LAND SURFACE/AGRICULTURE INDICATORS,0.819576979,GREEN INFRASTRUCTURE,0.58949852,Earth Science,
525,script_97508.txt,Theme,Tracking Crop Greenness in Merced County,CROP HARVEST DATES,0.816864312,VEGETATION,0.611555398,VISUALIZATION,7334
526,script_97509.txt,Theme,Burn severity analysis of Mendocino Complex Fire,FIRE WEATHER INDEX,0.850330949,TOXICITY LEVELS,0.538227797,FIRE ECOLOGY,7336
527,script_97510.txt,Theme,Burn severity analysis of Mendocino Complex Fire,FIRE WEATHER INDEX,0.850330949,TOXICITY LEVELS,0.538227797,FIRE ECOLOGY,7336
528,script_97512.txt,Theme,Burn severity analysis of Mendocino Complex Fire,FIRE WEATHER INDEX,0.850330949,TOXICITY LEVELS,0.538227797,FIRE ECOLOGY,7336
529,script_97538.txt,Theme,Vegetation index calculation,VEGETATION INDEX,0.911531687,VEGETATION INDEX,0.778288722,VEGETATION INDEX,7336
530,script_97538.txt,Theme,Landsat 8 imagery analysis,SATELLITE SOIL MOISTURE INDEX,0.813152552,RADAR IMAGERY,0.571020722,LANDSAT IMAGERY,7336
531,script_97539.txt,Theme,Vegetation index calculation,VEGETATION INDEX,0.911531687,VEGETATION INDEX,0.778288722,VEGETATION INDEX,7332
532,script_97539.txt,Theme,Satellite image processing,SATELLITE SOIL MOISTURE INDEX,0.82567513,PHOTOSYNTHESIS,0.689454615,Earth Science,
533,script_97539.txt,Theme,Exporting processed images,FLUVIAL PROCESSES,0.773356199,PHOTOSYNTHESIS,0.667606831,SATELLITE SOIL MOISTURE INDEX,7332
534,script_97582.txt,Theme,Burned patches confirmation,BURNED AREA,0.831579626,BURNED AREA,0.613502145,Earth Science,
535,script_97582.txt,Theme,Monthly Landsat imagery analysis,SATELLITE SOIL MOISTURE INDEX,0.81534636,LANDFALL INTENSITY,0.592737496,SATELLITE SOIL MOISTURE INDEX,7332
536,script_97609.txt,Theme,Rainfall deviation analysis,TROPOSPHERIC/LOW LEVEL CLOUDS (OBSERVED/ANALYZED),0.817926109,WAVE DIFFRACTION,0.65000248,PRECIPITATION ANOMALIES,7327
537,script_97609.txt,Theme,Seasonal precipitation monitoring,PALEOCLIMATE INDICATORS,0.829167843,RAIN TYPE,0.680603623,PRECIPITATION INDICATORS,7327
538,script_97610.txt,Theme,Temperature analysis in Sinaloa,TEMPERATURE ANOMALIES,0.828479052,AMBIENT TEMPERATURE,0.631194472,TEMPERATURE INDICES,7327
539,script_97622.txt,Theme,Land cover classification,LAND USE/LAND COVER CLASSIFICATION,0.925580025,LAND USE/LAND COVER CLASSIFICATION,0.805195212,LAND USE/LAND COVER CLASSIFICATION,7327
540,script_97622.txt,Theme,NDVI analysis,NORMALIZED DIFFERENCE VEGETATION INDEX (NDVI),0.840828061,NORMALIZED DIFFERENCE VEGETATION INDEX (NDVI),0.68153584,VEGETATION INDEX,7327
541,script_97622.txt,Theme,Cloud masking,CLOUD MICROPHYSICS,0.896247745,CLOUD CEILING,0.6455549,CLOUDS,7319
542,script_97622.txt,Theme,Monthly NDVI calculation,NORMALIZED DIFFERENCE VEGETATION INDEX (NDVI),0.769193053,NORMALIZED DIFFERENCE VEGETATION INDEX (NDVI),0.662964582,VEGETATION INDEX,7319
543,script_97651.txt,Theme,Landsat imagery cloud masking,TROPOSPHERIC/LOW LEVEL CLOUDS (OBSERVED/ANALYZED),0.827115417,LAND/OCEAN/ICE MASK,0.613557577,CLOUDS,7319
544,script_97651.txt,Theme,Autumn season analysis,BERYLLIUM-10 ANALYSIS,0.802353621,SEASONALLY FROZEN GROUND,0.54807651,PLANT PHENOLOGY,7319
545,script_97683.txt,Theme,Satellite image mosaics export,SOLAR SYNOPTIC MAPS,0.785283089,SOLAR SYNOPTIC MAPS,0.583073676,LAND USE/LAND COVER CLASSIFICATION,7319
546,script_97700.txt,Theme,Vegetation Index Calculation,VEGETATION INDEX,0.90105927,VEGETATION INDEX,0.784993112,VEGETATION INDEX,7320
547,script_97700.txt,Theme,Water Index Calculation,WATER VAPOR TRANSPORT INDEX,0.837495327,WATER QUALITY INDEXES,0.720943093,Earth Science,
548,script_97700.txt,Theme,SAR Analysis,RADAR,0.835122466,RADAR IMAGERY,0.661638737,SURFACE MOISTURE INDEX,7320
549,script_97704.txt,Theme,Global DEM extraction,DIGITAL ELEVATION/TERRAIN MODEL (DEM),0.802762449,DIGITAL ELEVATION/TERRAIN MODEL (DEM),0.633596539,Earth Science,
550,script_97718.txt,Theme,NDVI analysis,NORMALIZED DIFFERENCE VEGETATION INDEX (NDVI),0.840828061,NORMALIZED DIFFERENCE VEGETATION INDEX (NDVI),0.68153584,LAND USE/LAND COVER CLASSIFICATION,7320
551,script_97718.txt,Theme,MSI analysis,ISOTOPIC ANALYSIS,0.840602279,ISOTOPIC ANALYSIS,0.589758277,SPECTRAL/ENGINEERING,7318
552,script_97718.txt,Theme,Time series analysis,BIVARIATE ENSO TIMESERIES INDEX,0.791666508,STRATIGRAPHIC SEQUENCE,0.655381441,Earth Science,
553,script_97724.txt,Theme,NDVI time series analysis,NORMALIZED DIFFERENCE VEGETATION INDEX (NDVI),0.808929086,NORMALIZED DIFFERENCE VEGETATION INDEX (NDVI),0.574510992,TIME SERIES ANALYSIS,7318
554,script_97724.txt,Theme,Cloud and snow masking,CLOUD REFLECTANCE,0.877232671,LAND/OCEAN/ICE MASK,0.712953031,Earth Science,
555,script_97724.txt,Theme,Chinese Privet mapping,CONTOUR MAPS,0.811578572,CONTOUR MAPS,0.540727615,VEGETATION INDEX,7318
556,script_97954.txt,Theme,Land cover change detection,LAND SURFACE/AGRICULTURE INDICATORS,0.865116358,LAND USE/LAND COVER,0.671150088,LAND USE/LAND COVER,7331
557,script_97954.txt,Theme,Forest classification,FOREST COMPOSITION/VEGETATION STRUCTURE,0.912571847,FOREST MENSURATION,0.727544963,Earth Science,
558,script_97954.txt,Theme,Dry season analysis,DROUGHT DURATION,0.851616561,DROUGHT DURATION,0.593166828,FOREST COMPOSITION/VEGETATION STRUCTURE,7331
559,script_97955.txt,Theme,Forest and non-forest classification,FOREST COMPOSITION/VEGETATION STRUCTURE,0.863284707,FOREST COMPOSITION/VEGETATION STRUCTURE,0.6919927,Earth Science,
560,script_97955.txt,Theme,Land cover change detection,LAND SURFACE/AGRICULTURE INDICATORS,0.865116358,LAND USE/LAND COVER,0.671150088,DROUGHTS,7331
561,script_97974.txt,Theme,Forest classification,FOREST COMPOSITION/VEGETATION STRUCTURE,0.912571847,FOREST MENSURATION,0.727544963,FOREST COMPOSITION/VEGETATION STRUCTURE,7332
562,script_97974.txt,Theme,Land change detection,LAND SURFACE/AGRICULTURE INDICATORS,0.85737288,LAND SURFACE,0.676095903,LAND USE/LAND COVER CLASSIFICATION,7332
563,script_97974.txt,Theme,Landsat imagery analysis,SATELLITE SOIL MOISTURE INDEX,0.82340157,RADAR IMAGERY,0.629863381,LAND USE/LAND COVER CLASSIFICATION,7332
564,script_97988.txt,Theme,Forest classification,FOREST COMPOSITION/VEGETATION STRUCTURE,0.912571847,FOREST MENSURATION,0.727544963,FOREST COMPOSITION/VEGETATION STRUCTURE,7332
565,script_97988.txt,Theme,Water masking,WATER VAPOR PROCESSES,0.845144451,WATER MASSES,0.726014018,LAND/OCEAN/ICE MASK,7332
566,script_97988.txt,Theme,Landsat mosaic creation,Digital Surface Model (DSM),0.805395484,LANDSCAPE PROCESSES,0.565631509,LANDSAT,7312
567,script_97988.txt,Theme,Sentinel mosaic creation,TOPOGRAPHY,0.787770748,SEDIMENTATION,0.542431116,SENTINEL,7312
568,script_97991.txt,Theme,Shapefile upload and visualization,SOIL HORIZONS/PROFILE,0.785825372,VIEWING GEOMETRY,0.630388021,SHAPEFILE,7312
569,script_97991.txt,Theme,Raster data visualization,RADAR IMAGERY,0.817435682,RADAR IMAGERY,0.651248217,RASTER DATA,7312
570,script_97991.txt,Theme,Landsat image filtering,SATELLITE SOIL MOISTURE INDEX,0.81094873,RADAR IMAGERY,0.640586376,LANDSAT,7312
571,script_97991.txt,Theme,Polygon creation,DYNAMIC TOPOGRAPHY,0.82256341,VIEWING GEOMETRY,0.606847167,BOUNDARY SURVEYS,7325
572,script_97991.txt,Theme,Mosaic creation,MUSSELS,0.810040057,COMPOSITION/TEXTURE,0.5922122,LAND USE/LAND COVER CLASSIFICATION,7325
573,script_97991.txt,Theme,Band ratio calculation,ISOTOPE RATIOS,0.820567012,DISPERSION RATE,0.604280353,SOIL CHEMISTRY,7325
574,script_97991.txt,Theme,Sentinel image filtering,SENSOR CHARACTERISTICS,0.811694026,INFILTRATION,0.642220497,SATELLITE SOIL MOISTURE INDEX,7325
575,script_97991.txt,Theme,Training points creation,CALIBRATION,0.815107584,REFERENCE FIELDS,0.570178509,SPECIES/POPULATION INTERACTIONS,7325
576,script_97991.txt,Theme,Classification,BIOLOGICAL CLASSIFICATION,0.900181592,BIOLOGICAL CLASSIFICATION,0.724757195,BIOLOGICAL CLASSIFICATION,7324
577,script_97991.txt,Theme,Post-classification editing,BIOLOGICAL CLASSIFICATION,0.76810956,FEED PROCESSING,0.603715897,BIOLOGICAL CLASSIFICATION,7324
578,script_97991.txt,Theme,Masking,CONTOUR MAPS,0.815908074,WEATHERING,0.676173329,LAND/OCEAN/ICE MASK,7324
579,script_97991.txt,Theme,Exporting image to asset,APICULTURE,0.744956076,PHOTOSYNTHESIS,0.568227291,LAND/OCEAN/ICE MASK,7324
580,script_97991.txt,Theme,Forest area statistics,FOREST MENSURATION,0.921605349,FOREST MENSURATION,0.752614677,FOREST PRODUCTS/COMMODITIES,7324
581,script_98169.txt,Theme,NDVI calculation,NORMALIZED DIFFERENCE VEGETATION INDEX (NDVI),0.821857333,NORMALIZED DIFFERENCE VEGETATION INDEX (NDVI),0.693864882,VEGETATION INDEX,7317
582,script_98169.txt,Theme,Landsat 8 analysis,BERYLLIUM-10 ANALYSIS,0.826518834,LANDFALL INTENSITY,0.513712287,LANDSAT,7317
583,script_98169.txt,Theme,Cloud masking,CLOUD MICROPHYSICS,0.896247745,CLOUD CEILING,0.6455549,CLOUDS,7317
584,script_98169.txt,Theme,Vegetation index statistics,VEGETATION INDEX,0.934532642,VEGETATION INDEX,0.776982069,VEGETATION INDEX,7317
585,script_98257.txt,Theme,Flood monitoring in Thua Thien - Hue,INUNDATION LEVEL,0.816165566,INUNDATION FREQUENCY,0.595899522,FLOODS,7317
586,script_98258.txt,Theme,Flood monitoring in Thua Thien - Hue,INUNDATION LEVEL,0.816165566,INUNDATION FREQUENCY,0.595899522,FLOODS,7326
587,script_98259.txt,Theme,Flood detection using NDWI,WATER VAPOR INDICATORS,0.805838227,FLOODING,0.650277019,FLOODS,7326
588,script_98260.txt,Theme,Flood analysis in Thua Thien - Hue,FLOOD LEVELS,0.823787093,FLOOD LEVELS,0.573981047,FLOODS,7326
589,script_98260.txt,Theme,NDWI calculation for flood detection,FLOOD LEVELS,0.812270403,INUNDATION AMOUNT,0.606527925,FLOODS,7326
590,script_98261.txt,Theme,Flood detection and analysis,FLOOD LEVELS,0.839071631,HYDROGRAPHY,0.682305396,FLOODS,7326
591,script_98262.txt,Theme,Flood detection,FLOOD LEVELS,0.851134658,FLOODING,0.744766474,FLOODS,7315
592,script_98262.txt,Theme,NDWI calculation,NORTHERN OSCILLATION INDEX,0.7785393,NORMALIZED DIFFERENCE VEGETATION INDEX (NDVI),0.609177649,WATER QUALITY INDEXES,7315
593,script_98262.txt,Theme,Flood extent refinement,FLOOD LEVELS,0.865918338,WATER DEPTH,0.638822794,FLOODS,7315
594,script_98263.txt,Theme,Flood detection using Sentinel-2 imagery,FLOOD LEVELS,0.807428718,FLOOD FREQUENCY,0.659281015,FLOODS,7315
595,script_98266.txt,Theme,Flood detection using satellite imagery,FLOOD LEVELS,0.820096254,FLOODING,0.680238187,FLOODS,7315
596,script_98267.txt,Theme,Flood detection using SAR imagery,LIDAR,0.85503304,FLOODING,0.655515075,FLOODS,7316
597,script_98275.txt,Theme,Flood monitoring in Thua Thien - Hue,INUNDATION LEVEL,0.816165566,INUNDATION FREQUENCY,0.595899522,FLOODS,7316
598,script_98281.txt,Theme,Water body detection,WATER VAPOR INDICATORS,0.84533453,WATER DEPTH,0.719680309,SURFACE WATER,7316
599,script_98281.txt,Theme,Cloud masking,CLOUD MICROPHYSICS,0.896247745,CLOUD CEILING,0.6455549,CLOUDS,7316
600,script_98281.txt,Theme,NDWI calculation,NORTHERN OSCILLATION INDEX,0.7785393,NORMALIZED DIFFERENCE VEGETATION INDEX (NDVI),0.609177649,VEGETATION INDEX,7316
601,script_98281.txt,Theme,NDSI calculation,NINO 1+2 INDEX,0.779510081,NORMALIZED DIFFERENCE VEGETATION INDEX (NDVI),0.587519765,SNOW COVER,7321
602,script_98281.txt,Theme,Water classification,WATER CHARACTERISTICS,0.878284931,WATER CHARACTERISTICS,0.745844364,WATER QUALITY/WATER CHEMISTRY,7321
603,script_98281.txt,Theme,Water mask,WATER VAPOR,0.829080224,WATER MASSES,0.696593404,LAND/OCEAN/ICE MASK,7321
604,script_98281.txt,Theme,Study area clipping,SPECIFIC SURFACE AREA,0.804657996,CROP/PLANT YIELDS,0.605663121,BOUNDARIES,7321
605,script_98281.txt,Theme,HH-HV subtraction,DOWNCUTTING,0.792062819,SUBDUCTION,0.643904209,ATMOSPHERIC RADIATION,7321
606,script_98281.txt,Theme,Slope calculation,SEA SURFACE SLOPE,0.778473973,SEA SURFACE SLOPE,0.626182079,SOIL MECHANICS,7329
607,script_98281.txt,Theme,Histogram analysis,ISOTOPIC ANALYSIS,0.820533037,ISOTOPIC ANALYSIS,0.664139032,SOIL CLASSIFICATION,7329
608,script_98287.txt,Theme,NDVI and NDWI analysis using Sentinel-2 imagery,RADAR IMAGERY,0.797119379,NORMALIZED DIFFERENCE VEGETATION INDEX (NDVI),0.596721828,VEGETATION INDEX,7329
609,script_98289.txt,Theme,Landsat 8 Surface Reflectance Analysis,SATELLITE SOIL MOISTURE INDEX,0.817801118,APPARENT SURFACE REFLECTIVITY,0.664288819,LAND SURFACE TEMPERATURE,7329
610,script_98289.txt,Theme,Cloud and Cloud Shadow Filtering,CLOUD MICROPHYSICS,0.880839825,CLOUD OPTICAL DEPTH/THICKNESS,0.634281516,CLOUD PROPERTIES,7329
611,script_98289.txt,Theme,Temporal Mosaics,METEORITES,0.822266638,TOPOGRAPHIC EFFECTS,0.677562475,SPECTRAL/ENGINEERING,7306
612,script_98289.txt,Theme,Spectral Signatures,WAVE SPECTRA,0.867792964,SPECTRAL IRRADIANCE,0.698362231,SPECTRAL/ENGINEERING,7306
613,script_98290.txt,Theme,Land cover classification using Landsat 8 imagery,LAND USE/LAND COVER CLASSIFICATION,0.852099478,LAND USE/LAND COVER CLASSIFICATION,0.689390182,LAND USE/LAND COVER CLASSIFICATION,7306
