ID,Script_ID,Entity_Type,Value,Value_sentence-t5-large,Top1_Similarity_sentence-t5-large,Value_BAAI,Top1_Similarity_BAAI,Value_GPT3.5,Usage
1,script_102957.txt,Theme,Land cover classification,LAND USE/LAND COVER CLASSIFICATION,0.9255800247192384,LAND USE/LAND COVER CLASSIFICATION,0.8051952123641968,LAND USE/LAND COVER CLASSIFICATION,7423
2,script_10376.txt,Theme,Landsat imagery processing,SATELLITE SOIL MOISTURE INDEX,0.818571925163269,LANDSCAPE PROCESSES,0.6698857545852661,REMOTE SENSING,7423
3,script_103827.txt,Theme,Flood monitoring in Gujarat,FLOOD LEVELS,0.8221942186355591,FLOOD LEVELS,0.6210231184959412,FLOODS,7423
4,script_106121.txt,Theme,Image reprojection for geospatial data export,Digital Surface Model (DSM),0.7909662127494812,GEOMAGNETISM,0.6066144108772278,GEOGRAPHIC INFORMATION SYSTEMS (GIS),7423
5,script_10828.txt,Theme,NDVI calculation and visualization,NORMALIZED DIFFERENCE VEGETATION INDEX (NDVI),0.823727548122406,NORMALIZED DIFFERENCE VEGETATION INDEX (NDVI),0.6963736414909363,VEGETATION INDEX,7423
6,script_110133.txt,Theme,Flood extent analysis,FLOOD LEVELS,0.8886827230453491,INUNDATION AMOUNT,0.6521865725517273,LAND USE/LAND COVER,7416
7,script_115907.txt,Theme,NDVI trend analysis in various vegetation types,NORMALIZED DIFFERENCE VEGETATION INDEX (NDVI),0.8864954710006714,NORMALIZED DIFFERENCE VEGETATION INDEX (NDVI),0.7672986388206482,VEGETATION INDEX,7416
8,script_118175.txt,Theme,Land cover classification,LAND USE/LAND COVER CLASSIFICATION,0.9255800247192384,LAND USE/LAND COVER CLASSIFICATION,0.8051952123641968,LAND USE/LAND COVER CLASSIFICATION,7416
9,script_118175.txt,Theme,Vegetation health assessment,VEGETATION INDEX,0.8988751173019409,VEGETATION,0.6701139211654663,VEGETATION INDEX,7416
10,script_119133.txt,Theme,Wildfire severity assessment,FIRE WEATHER INDEX,0.8891007900238037,FOREST FIRE DANGER INDEX,0.611409604549408,FIRE MANAGEMENT,7416
11,script_119133.txt,Theme,Binary fire incident classification,FIRE OCCURRENCE,0.8457961678504944,FIRE MODELS,0.6085295677185059,VEGETATION INDEX,7412
12,script_11983.txt,Theme,Vegetation analysis,VEGETATION INDEX,0.9112643003463744,VEGETATION,0.7123562097549438,VEGETATION SPECIES,7412
13,script_11983.txt,Theme,NDVI calculation,NORMALIZED DIFFERENCE VEGETATION INDEX (NDVI),0.8218573331832886,NORMALIZED DIFFERENCE VEGETATION INDEX (NDVI),0.6938648819923401,VEGETATION INDEX,7412
14,script_11983.txt,Theme,Temporal vegetation change monitoring,PLANT PHENOLOGICAL CHANGES,0.8521043062210083,FOREST MENSURATION,0.7278655171394348,VEGETATION INDEX,7412
15,script_120271.txt,Theme,NDVI extraction and visualization,NORMALIZED DIFFERENCE VEGETATION INDEX (NDVI),0.8321045637130737,NORMALIZED DIFFERENCE VEGETATION INDEX (NDVI),0.6565432548522949,VEGETATION INDEX,7412
16,script_120557.txt,Theme,Water frequency detection,WATER VAPOR INDICATORS,0.8535640239715576,FLOOD FREQUENCY,0.7315270900726318,SURFACE WATER,7415
17,script_120557.txt,Theme,Vegetation frequency detection,VEGETATION INDEX,0.8774875998497009,VEGETATION OPTICAL DEPTH,0.7253111600875854,VEGETATION INDEX,7415
18,script_125294.txt,Theme,Landsat image processing for environmental monitoring,SATELLITE SOIL MOISTURE INDEX,0.8218510150909424,LANDSCAPE PROCESSES,0.6531752943992615,LAND USE/LAND COVER CLASSIFICATION,7415
19,script_131942.txt,Theme,Land cover classification,LAND USE/LAND COVER CLASSIFICATION,0.9255800247192384,LAND USE/LAND COVER CLASSIFICATION,0.8051952123641968,LAND USE/LAND COVER CLASSIFICATION,7415
20,script_144864.txt,Theme,Land cover classification using NDVI values,NORMALIZED DIFFERENCE VEGETATION INDEX (NDVI),0.8995788097381592,LAND USE/LAND COVER CLASSIFICATION,0.6922347545623779,LAND USE/LAND COVER CLASSIFICATION,7415
21,script_146128.txt,Theme,Land cover classification,LAND USE/LAND COVER CLASSIFICATION,0.9255800247192384,LAND USE/LAND COVER CLASSIFICATION,0.8051952123641968,LAND USE/LAND COVER CLASSIFICATION,7422
22,script_15043.txt,Theme,Land cover classification using RF and CART algorithms,LAND USE/LAND COVER CLASSIFICATION,0.8273391723632812,LAND USE/LAND COVER CLASSIFICATION,0.6769052743911743,LAND USE/LAND COVER CLASSIFICATION,7422
23,script_155017.txt,Theme,Land surface temperature analysis,LAND SURFACE TEMPERATURE,0.8869411945343018,LAND SURFACE TEMPERATURE,0.7992053031921387,LAND SURFACE TEMPERATURE,7422
24,script_159299.txt,Theme,Land cover classification,LAND USE/LAND COVER CLASSIFICATION,0.9255800247192384,LAND USE/LAND COVER CLASSIFICATION,0.8051952123641968,LAND USE/LAND COVER CLASSIFICATION,7422
25,script_165234.txt,Theme,NDVI analysis,NORMALIZED DIFFERENCE VEGETATION INDEX (NDVI),0.8408280611038208,NORMALIZED DIFFERENCE VEGETATION INDEX (NDVI),0.6815358400344849,VEGETATION INDEX,7422
26,script_165234.txt,Theme,Greenest pixel identification,GREEN INFRASTRUCTURE,0.7802545428276062,GREEN INFRASTRUCTURE,0.5768555402755737,LAND USE/LAND COVER CLASSIFICATION,7417
27,script_165234.txt,Theme,Temporal analysis,BIVARIATE ENSO TIMESERIES INDEX,0.8212127685546875,STRATIGRAPHIC SEQUENCE,0.6864268779754639,LAND USE CLASSES,7417
28,script_173652.txt,Theme,Land cover change detection,LAND SURFACE/AGRICULTURE INDICATORS,0.8651163578033447,LAND USE/LAND COVER,0.6711500883102417,LAND USE/LAND COVER,7417
29,script_174376.txt,Theme,Landcover classification,LAND USE/LAND COVER CLASSIFICATION,0.9243932962417604,LAND USE/LAND COVER CLASSIFICATION,0.7549629807472229,LAND RESOURCES,7417
30,script_174474.txt,Theme,Landsat 5 imagery processing,SATELLITE SOIL MOISTURE INDEX,0.8055908679962158,LANDSCAPE PROCESSES,0.6015312671661377,LAND/OCEAN/ICE MASK,7417
31,script_174747.txt,Theme,Land Surface Temperature Analysis,LAND SURFACE TEMPERATURE,0.8780211210250854,LAND SURFACE TEMPERATURE,0.7907720804214478,LAND SURFACE TEMPERATURE,7429
32,script_176914.txt,Theme,Land cover classification,LAND USE/LAND COVER CLASSIFICATION,0.9255800247192384,LAND USE/LAND COVER CLASSIFICATION,0.8051952123641968,LAND USE/LAND COVER CLASSIFICATION,7429
33,script_179626.txt,Theme,Land surface temperature (LST) analysis,LAND SURFACE TEMPERATURE,0.862112283706665,LAND SURFACE TEMPERATURE,0.7319170832633972,LAND SURFACE TEMPERATURE,7429
34,script_179626.txt,Theme,Normalized Difference Vegetation Index (NDVI) calculation,NORMALIZED DIFFERENCE VEGETATION INDEX (NDVI),0.9101797342300416,NORMALIZED DIFFERENCE VEGETATION INDEX (NDVI),0.8464065790176392,VEGETATION INDEX,7429
35,script_180257.txt,Theme,Landsat image zonal statistics extraction,SATELLITE SOIL MOISTURE INDEX,0.8194187879562378,STRATIGRAPHIC SEQUENCE,0.5465811491012573,REMOTE SENSING,7429
36,script_186294.txt,Theme,NDVI calculation for vegetation monitoring.,NORMALIZED DIFFERENCE VEGETATION INDEX (NDVI),0.8577961325645447,NORMALIZED DIFFERENCE VEGETATION INDEX (NDVI),0.7633107900619507,VEGETATION INDEX,7437
37,script_186319.txt,Theme,NDVI and NBR calculation for land cover analysis,NORMALIZED DIFFERENCE VEGETATION INDEX (NDVI),0.8353397846221924,NORMALIZED DIFFERENCE VEGETATION INDEX (NDVI),0.6015567779541016,LAND USE/LAND COVER CLASSIFICATION,7437
38,script_186320.txt,Theme,NDVI and NBR calculation for vegetation analysis,NORMALIZED DIFFERENCE VEGETATION INDEX (NDVI),0.8426745533943176,NORMALIZED DIFFERENCE VEGETATION INDEX (NDVI),0.6787548661231995,VEGETATION INDEX,7437
39,script_186321.txt,Theme,Image processing and analysis using Sentinel-2 data,RADAR IMAGERY,0.8031795620918274,PHOTOSYNTHESIS,0.6348192691802979,REMOTE SENSING DATA ANALYSIS,7437
40,script_186323.txt,Theme,NDVI and NBR calculation,NORMALIZED DIFFERENCE VEGETATION INDEX (NDVI),0.7976992130279541,NORMALIZED DIFFERENCE VEGETATION INDEX (NDVI),0.6075087785720825,VEGETATION INDEX,7437
41,script_186323.txt,Theme,Image export,PASTURE,0.7873992919921875,PHOTOSYNTHESIS,0.5811210870742798,LAND USE/LAND COVER,7415
42,script_186325.txt,Theme,Satellite image processing,SATELLITE SOIL MOISTURE INDEX,0.8256751298904419,PHOTOSYNTHESIS,0.6894546151161194,LAND USE/LAND COVER,7415
43,script_186325.txt,Theme,Vegetation monitoring,VEGETATION INDEX,0.884047269821167,FOREST MENSURATION,0.7622950077056885,VEGETATION INDEX,7415
44,script_186325.txt,Theme,Forest loss detection,FOREST MENSURATION,0.8872436285018921,FOREST MENSURATION,0.7410728931427002,FOREST LOSS DETECTION,7415
45,script_186326.txt,Theme,NDVI and NBR calculation for vegetation analysis,NORMALIZED DIFFERENCE VEGETATION INDEX (NDVI),0.8426745533943176,NORMALIZED DIFFERENCE VEGETATION INDEX (NDVI),0.6787548661231995,VEGETATION INDEX,7415
46,script_186329.txt,Theme,Image collection and processing,FLUVIAL PROCESSES,0.7868162393569946,PHOTOSYNTHESIS,0.7469131946563721,LAND USE/LAND COVER CLASSIFICATION,7432
47,script_186329.txt,Theme,NDVI and NBR calculation,NORMALIZED DIFFERENCE VEGETATION INDEX (NDVI),0.7976992130279541,NORMALIZED DIFFERENCE VEGETATION INDEX (NDVI),0.6075087785720825,LAND USE/LAND COVER CLASSIFICATION,7432
48,script_186329.txt,Theme,Image export and mosaic creation,MARICULTURE PRODUCTION,0.7836676836013794,PHOTOSYNTHESIS,0.603312075138092,LAND USE/LAND COVER CLASSIFICATION,7432
49,script_186329.txt,Theme,"Forest loss, degradation, and fire detection",FOREST FIRE DANGER INDEX,0.8502487540245056,FOREST MENSURATION,0.7049717307090759,FOREST FIRE DANGER INDEX,7432
50,script_186332.txt,Theme,Crop classification based on NDVI values,NORMALIZED DIFFERENCE VEGETATION INDEX (NDVI),0.8778947591781616,NORMALIZED DIFFERENCE VEGETATION INDEX (NDVI),0.7586653232574463,CROP CLASSIFICATION,7432
51,script_186333.txt,Theme,Land cover classification,LAND USE/LAND COVER CLASSIFICATION,0.9255800247192384,LAND USE/LAND COVER CLASSIFICATION,0.8051952123641968,LAND USE/LAND COVER CLASSIFICATION,7416
52,script_186334.txt,Theme,Crop classification,SOIL CLASSIFICATION,0.8767026662826538,SOIL CLASSIFICATION,0.719805121421814,FIELD CROP PRODUCTS,7416
53,script_186338.txt,Theme,SAR backscatter analysis,RADAR BACKSCATTER,0.8922966718673706,RADAR BACKSCATTER,0.7199022769927979,RADAR BACKSCATTER,7416
54,script_186356.txt,Theme,Land cover classification using SAR data,LAND USE/LAND COVER CLASSIFICATION,0.8645894527435303,LAND USE/LAND COVER CLASSIFICATION,0.7239082455635071,LAND USE/LAND COVER CLASSIFICATION,7416
55,script_186365.txt,Theme,Vegetation analysis,VEGETATION INDEX,0.9112643003463744,VEGETATION,0.7123562097549438,VEGETATION COVER,7416
56,script_186365.txt,Theme,Water analysis,WATER QUALITY/WATER CHEMISTRY,0.8756136894226074,WATER CHARACTERISTICS,0.7426890134811401,WATER QUALITY/WATER CHEMISTRY,7407
57,script_186365.txt,Theme,Burn area index calculation,FIRE WEATHER INDEX,0.8147635459899902,FIRE WEATHER INDEX,0.6186607480049133,FIRE MANAGEMENT,7407
58,script_186365.txt,Theme,Snow analysis,SNOW STRATIGRAPHY,0.906541645526886,SNOW CLASSIFICATION,0.734158992767334,SNOW/ICE,7407
59,script_186365.txt,Theme,Spectral unmixing,SPECTRAL IRRADIANCE,0.8740299940109253,SPECTRAL IRRADIANCE,0.660219132900238,SPECTRAL/ENGINEERING,7407
60,script_186365.txt,Theme,HSV transformation,VECTOR-BORN DISEASES,0.8038206696510315,HABITAT CONVERSION/FRAGMENTATION,0.5643525123596191,LAND SURFACE,7398
61,script_186378.txt,Theme,Remote sensing data fusion for land cover analysis.,RADAR CROSS-SECTION,0.8120999336242676,LAND USE/LAND COVER,0.633476972579956,LAND USE/LAND COVER CLASSIFICATION,7438
62,script_186380.txt,Theme,Spectral index calculation around marsh bird survey points,SURFACE MOISTURE INDEX,0.8017323017120361,FOREST MENSURATION,0.5790625810623169,PLANT DISEASES/DISORDERS/PESTS,7438
63,script_186411.txt,Theme,Land cover change detection,LAND SURFACE/AGRICULTURE INDICATORS,0.8651163578033447,LAND USE/LAND COVER,0.6711500883102417,LAND USE/LAND COVER CLASSIFICATION,7438
64,script_186418.txt,Theme,Surface temperature retrieval from Landsat data,LAND SURFACE TEMPERATURE,0.8210746049880981,LAND SURFACE TEMPERATURE,0.6644320487976074,LAND SURFACE TEMPERATURE,7438
65,script_186442.txt,Theme,Pest risk assessment,PLANT DISEASES/DISORDERS/PESTS,0.815462589263916,ENVIRONMENTAL ASSESSMENTS,0.5805643796920776,PESTICIDES,7438
66,script_186449.txt,Theme,Land cover classification,LAND USE/LAND COVER CLASSIFICATION,0.9255800247192384,LAND USE/LAND COVER CLASSIFICATION,0.8051952123641968,LAND USE/LAND COVER CLASSIFICATION,7429
67,script_186466.txt,Theme,Forest loss detection and degradation monitoring using Sentinel-1 imagery,FOREST MENSURATION,0.8485546708106995,FOREST MENSURATION,0.6739096641540527,FOREST MANAGEMENT,7429
68,script_186503.txt,Theme,Land cover classification using SAR data,LAND USE/LAND COVER CLASSIFICATION,0.8645894527435303,LAND USE/LAND COVER CLASSIFICATION,0.7239082455635071,LAND USE/LAND COVER CLASSIFICATION,7429
69,script_186507.txt,Theme,Landsat data processing,SATELLITE SOIL MOISTURE INDEX,0.8224142789840698,LANDSCAPE PROCESSES,0.6364806890487671,LAND USE/LAND COVER CLASSIFICATION,7429
70,script_186507.txt,Theme,Cloud and shadow masking,CLOUD REFLECTANCE,0.8822983503341675,CLOUD OPTICAL DEPTH/THICKNESS,0.6500060558319092,CLOUD MICROPHYSICS,7429
71,script_186521.txt,Theme,Land cover change detection,LAND SURFACE/AGRICULTURE INDICATORS,0.8651163578033447,LAND USE/LAND COVER,0.6711500883102417,LAND USE/LAND COVER CLASSIFICATION,7417
72,script_186528.txt,Theme,Land cover classification using Sentinel-1 data,LAND USE/LAND COVER CLASSIFICATION,0.8409910798072815,LAND USE/LAND COVER CLASSIFICATION,0.7032828330993652,LAND USE/LAND COVER CLASSIFICATION,7417
73,script_186540.txt,Theme,Vegetation analysis,VEGETATION INDEX,0.9112643003463744,VEGETATION,0.7123562097549438,VEGETATION INDEX,7417
74,script_186540.txt,Theme,Cloud cover removal,CLOUD CLUSTERS,0.8461673259735107,CLOUD CEILING,0.6432720422744751,CLOUDS,7417
75,script_186540.txt,Theme,NDVI calculation,NORMALIZED DIFFERENCE VEGETATION INDEX (NDVI),0.8218573331832886,NORMALIZED DIFFERENCE VEGETATION INDEX (NDVI),0.6938648819923401,VEGETATION COVER,7417
76,script_186540.txt,Theme,Change detection,SENSOR CHARACTERISTICS,0.8144798278808594,WAVE DIFFRACTION,0.668730616569519,CHANGE DETECTION,7439
77,script_186548.txt,Theme,Water detection using SAR imagery,LIDAR,0.8574777841567993,WATER CHARACTERISTICS,0.6547404527664185,WATER QUALITY/WATER CHEMISTRY,7439
78,script_186562.txt,Theme,"Satellite image processing for forest monitoring in Bha Le, Tay Giang, Quang Nam",FOREST MENSURATION,0.846550464630127,FOREST MENSURATION,0.597476601600647,LAND USE/LAND COVER,7439
79,script_186570.txt,Theme,Satellite image processing for forest monitoring,FOREST MENSURATION,0.8620465993881226,FOREST MENSURATION,0.7257004976272583,LAND USE/LAND COVER,7439
80,script_186601.txt,Theme,Forest loss detection using Sentinel-1 satellite imagery,FOREST MENSURATION,0.8422021865844727,FOREST MENSURATION,0.6501908898353577,LAND USE/LAND COVER,7439
81,script_186605.txt,Theme,NDVI and NBR calculation,NORMALIZED DIFFERENCE VEGETATION INDEX (NDVI),0.7976992130279541,NORMALIZED DIFFERENCE VEGETATION INDEX (NDVI),0.6075087785720825,LAND SURFACE,7417
82,script_186605.txt,Theme,Image export and mosaic creation,MARICULTURE PRODUCTION,0.7836676836013794,PHOTOSYNTHESIS,0.603312075138092,LAND SURFACE,7417
83,script_186607.txt,Theme,Forest monitoring using Landsat 8 imagery,FOREST MENSURATION,0.8626357316970825,FOREST MENSURATION,0.6799746751785278,FOREST MONITORING,7417
84,script_186815.txt,Theme,Image collection and processing,FLUVIAL PROCESSES,0.7868162393569946,PHOTOSYNTHESIS,0.7469131946563721,IMAGE PROCESSING,7417
85,script_186822.txt,Theme,Agricultural field monitoring,LAND SURFACE/AGRICULTURE INDICATORS,0.8486144542694092,AGRICULTURE PRODUCTION,0.697100818157196,AGRICULTURE PRODUCTION,7417
86,script_186822.txt,Theme,Sentinel-1 satellite data processing,SATELLITE SOIL MOISTURE INDEX,0.8320255279541016,FEED PROCESSING,0.6030552983283997,LAND SURFACE TEMPERATURE,7425
87,script_186829.txt,Theme,Temperature analysis in forested areas,FOREST MENSURATION,0.8927538394927979,FOREST MENSURATION,0.7532523274421692,VEGETATION COVER,7425
88,script_186856.txt,Theme,Cloud and shadow detection for image enhancement,MESOSPHERIC CLOUDS (OBSERVED/ANALYZED),0.826245129108429,CLOUD OPTICAL DEPTH/THICKNESS,0.6576198935508728,CLOUD MICROPHYSICS,7425
89,script_186886.txt,Theme,NDVI and NBR calculation,NORMALIZED DIFFERENCE VEGETATION INDEX (NDVI),0.7976992130279541,NORMALIZED DIFFERENCE VEGETATION INDEX (NDVI),0.6075087785720825,VEGETATION INDEX,7425
90,script_186886.txt,Theme,Image export and mosaic creation,MARICULTURE PRODUCTION,0.7836676836013794,PHOTOSYNTHESIS,0.603312075138092,LAND SURFACE TEMPERATURE,7425
91,script_186888.txt,Theme,Cloud masking,CLOUD MICROPHYSICS,0.8962477445602417,CLOUD CEILING,0.6455549001693726,CLOUDS,7424
92,script_186888.txt,Theme,Radiation calculation,RADIATION EXPOSURE,0.8749499320983887,RADIATION EXPOSURE,0.7431521415710449,ATMOSPHERIC RADIATION,7424
93,script_186888.txt,Theme,Vegetation analysis,VEGETATION INDEX,0.9112643003463744,VEGETATION,0.7123562097549438,VEGETATION INDEX,7424
94,script_186892.txt,Theme,Satellite image processing,SATELLITE SOIL MOISTURE INDEX,0.8256751298904419,PHOTOSYNTHESIS,0.6894546151161194,LAND SURFACE/AGRICULTURE INDICATORS,7424
95,script_186892.txt,Theme,NDVI and NBR calculation,NORMALIZED DIFFERENCE VEGETATION INDEX (NDVI),0.7976992130279541,NORMALIZED DIFFERENCE VEGETATION INDEX (NDVI),0.6075087785720825,LAND SURFACE/AGRICULTURE INDICATORS,7424
96,script_186892.txt,Theme,Image export and mosaic creation,MARICULTURE PRODUCTION,0.7836676836013794,PHOTOSYNTHESIS,0.603312075138092,LAND USE/LAND COVER,7409
97,script_186892.txt,Theme,Forest loss detection,FOREST MENSURATION,0.8872436285018921,FOREST MENSURATION,0.7410728931427002,DEFORESTATION,7409
98,script_186914.txt,Theme,Flood monitoring,FLOOD LEVELS,0.8622714877128601,FLOODING,0.7557883262634277,FLOODS,7409
99,script_186915.txt,Theme,Flood monitoring,FLOOD LEVELS,0.8622714877128601,FLOODING,0.7557883262634277,FLOODS,7409
100,script_186940.txt,Theme,Landsat image mosaicking,RADAR IMAGERY,0.7991675138473511,RADAR IMAGERY,0.5846256613731384,LAND USE/LAND COVER,7409
101,script_186974.txt,Theme,Water body analysis,AQUIFER DEPTH,0.8611956834793091,WATER CHARACTERISTICS,0.7135779857635498,SURFACE WATER,7422
102,script_187038.txt,Theme,Land cover classification,LAND USE/LAND COVER CLASSIFICATION,0.9255800247192384,LAND USE/LAND COVER CLASSIFICATION,0.8051952123641968,LAND USE/LAND COVER CLASSIFICATION,7422
103,script_187038.txt,Theme,Cloud cover assessment,MESOSPHERIC CLOUDS (OBSERVED/ANALYZED),0.9107376337051392,CLOUD OPTICAL DEPTH/THICKNESS,0.6709363460540771,CLOUD MICROPHYSICS,7422
104,script_187125.txt,Theme,Water detection using Sentinel-2 imagery,LIDAR,0.8129026889801025,WATER CHARACTERISTICS,0.6546980142593384,WATER QUALITY/WATER CHEMISTRY,7422
105,script_187125.txt,Theme,Monthly water occurrence analysis,FLOOD FREQUENCY,0.8429505825042725,INUNDATION FREQUENCY,0.6709818243980408,PRECIPITATION AMOUNT,7422
106,script_187131.txt,Theme,Fire monitoring,FIRE MANAGEMENT,0.9137814044952391,FIRE MANAGEMENT,0.730659544467926,FIRE MANAGEMENT,7415
107,script_187137.txt,Theme,Temperature analysis,PARTICLE TEMPERATURE,0.8788950443267822,AMBIENT TEMPERATURE,0.7193711996078491,ATMOSPHERIC TEMPERATURE,7415
108,script_187138.txt,Theme,Temperature analysis of forested regions,FOREST MENSURATION,0.8890087604522705,FOREST MENSURATION,0.7384359836578369,FOREST FIRE DANGER INDEX,7415
109,script_187226.txt,Theme,Cloud and shadow detection,CLOUD INDICATORS,0.8567993640899658,CLOUD OPTICAL DEPTH/THICKNESS,0.6741504073143005,CLOUD MICROPHYSICS,7415
110,script_187226.txt,Theme,Water body identification,LAKES/RESERVOIRS,0.8486472368240356,WATER CHARACTERISTICS,0.721213161945343,HYDROGRAPHY,7415
111,script_187248.txt,Theme,LST mapping,LEAF AREA INDEX (LAI),0.8117755055427551,DST INDEX,0.61016845703125,LAND SURFACE TEMPERATURE,7414
112,script_187481.txt,Theme,Flood mapping,FLOOD LEVELS,0.8788281679153442,FLOODING,0.7579173445701599,FLOODS,7414
113,script_187481.txt,Theme,Backscatter analysis,RADAR BACKSCATTER,0.8840136528015137,RADAR BACKSCATTER,0.6893082857131958,AEROSOL BACKSCATTER,7414
114,script_187481.txt,Theme,Histogram visualization,VISIBLE WAVELENGTHS,0.7972127199172974,VIEWING GEOMETRY,0.6639342308044434,REMOTE SENSING DATA VISUALIZATION,7414
115,script_187523.txt,Theme,Flood mapping using Sentinel-1 data,FLOOD LEVELS,0.8309977650642395,FLOOD FREQUENCY,0.6671980619430542,FLOODS,7414
116,script_187528.txt,Theme,Flood mapping using Sentinel-1 data,FLOOD LEVELS,0.8309977650642395,FLOOD FREQUENCY,0.6671980619430542,FLOOD MAPPING,7420
117,script_187530.txt,Theme,Flood mapping using Sentinel-1 backscatter data.,LIDAR BACKSCATTER,0.8318696022033691,FLOOD FREQUENCY,0.6279414892196655,BACKSCATTER ANALYSIS,7420
118,script_187532.txt,Theme,Flood mapping,FLOOD LEVELS,0.8788281679153442,FLOODING,0.7579173445701599,FLOOD MAPPING,7420
119,script_187532.txt,Theme,Backscatter analysis,RADAR BACKSCATTER,0.8840136528015137,RADAR BACKSCATTER,0.6893082857131958,BACKSCATTER ANALYSIS,7420
120,script_187532.txt,Theme,Image histogram generation,RADAR IMAGERY,0.7694493532180786,PHOTOSYNTHESIS,0.6409343481063843,IMAGE HISTOGRAM GENERATION,7420
121,script_187533.txt,Theme,Flood mapping using Sentinel-1 data,FLOOD LEVELS,0.8309977650642395,FLOOD FREQUENCY,0.6671980619430542,FLOOD MAPPING,7422
122,script_187534.txt,Theme,Flood mapping,FLOOD LEVELS,0.8788281679153442,FLOODING,0.7579173445701599,FLOOD MAPPING,7422
123,script_187534.txt,Theme,Backscatter analysis,RADAR BACKSCATTER,0.8840136528015137,RADAR BACKSCATTER,0.6893082857131958,BACKSCATTER ANALYSIS,7422
124,script_187535.txt,Theme,Flood mapping using Sentinel-1 data,FLOOD LEVELS,0.8309977650642395,FLOOD FREQUENCY,0.6671980619430542,FLOOD MAPPING,7422
125,script_187582.txt,Theme,Land cover classification using Sentinel-2 data,LAND USE/LAND COVER CLASSIFICATION,0.8395122289657593,LAND USE/LAND COVER CLASSIFICATION,0.702070415019989,LAND USE/LAND COVER CLASSIFICATION,7422
126,script_187585.txt,Theme,Vegetation monitoring through MODIS EVI,VEGETATION INDEX,0.8314121961593628,VEGETATION INDEX,0.6365107297897339,VEGETATION INDEX,7425
127,script_187585.txt,Theme,Principal Component Analysis (PCA),PRECIPITATION ANOMALIES,0.8126816749572754,PARTICULATE MATTER (PM 1.0),0.6080098152160645,PRINCIPAL COMPONENT ANALYSIS,7425
128,script_187586.txt,Theme,Vegetation monitoring,VEGETATION INDEX,0.884047269821167,FOREST MENSURATION,0.7622950077056885,VEGETATION INDEX,7425
129,script_187586.txt,Theme,Principal Component Analysis,PRECIPITATION ANOMALIES,0.8241201639175415,SENSOR CHARACTERISTICS,0.633380651473999,PRINCIPAL COMPONENT ANALYSIS,7425
130,script_187587.txt,Theme,Vegetation monitoring through MODIS EVI analysis,VEGETATION INDEX,0.8500301837921143,VEGETATION INDEX,0.6218575239181519,VEGETATION INDEX,7425
131,script_187587.txt,Theme,Principal Component Analysis (PCA) for feature extraction,PRECIPITATION PROFILES,0.7692127227783203,SENSOR CHARACTERISTICS,0.6057206392288208,LAND USE/LAND COVER CLASSIFICATION,7419
132,script_187738.txt,Theme,Cropland segmentation and classification,LAND SURFACE/AGRICULTURE INDICATORS,0.8490258455276489,SOIL CLASSIFICATION,0.6873120069503784,AGRICULTURE PRODUCTION,7419
133,script_187749.txt,Theme,Vegetation monitoring,VEGETATION INDEX,0.884047269821167,FOREST MENSURATION,0.7622950077056885,VEGETATION INDEX,7419
134,script_187821.txt,Theme,Fire monitoring,FIRE MANAGEMENT,0.9137814044952391,FIRE MANAGEMENT,0.730659544467926,FIRE MANAGEMENT,7419
135,script_187822.txt,Theme,Fire monitoring,FIRE MANAGEMENT,0.9137814044952391,FIRE MANAGEMENT,0.730659544467926,FOREST FIRE DANGER INDEX,7419
136,script_187825.txt,Theme,Fire monitoring,FIRE MANAGEMENT,0.9137814044952391,FIRE MANAGEMENT,0.730659544467926,FIRE MANAGEMENT,7408
137,script_187888.txt,Theme,NDVI calculation,NORMALIZED DIFFERENCE VEGETATION INDEX (NDVI),0.8218573331832886,NORMALIZED DIFFERENCE VEGETATION INDEX (NDVI),0.6938648819923401,VEGETATION INDEX,7408
138,script_187888.txt,Theme,Woodlot intermediate point sampling,PARTICLE SIZE DISTRIBUTION,0.7866894006729126,COMMON MIDPOINT GATHER,0.5776757001876831,FOREST MANAGEMENT,7408
139,script_187895.txt,Theme,Land cover classification,LAND USE/LAND COVER CLASSIFICATION,0.9255800247192384,LAND USE/LAND COVER CLASSIFICATION,0.8051952123641968,LAND USE/LAND COVER CLASSIFICATION,7408
140,script_188011.txt,Theme,Temperature analysis,PARTICLE TEMPERATURE,0.8788950443267822,AMBIENT TEMPERATURE,0.7193711996078491,LAND SURFACE TEMPERATURE,7408
141,script_188030.txt,Theme,NDVI analysis on Landsat 8 TOA data,BERYLLIUM-10 ANALYSIS,0.7988078594207764,NORMALIZED DIFFERENCE VEGETATION INDEX (NDVI),0.5204875469207764,LAND USE/LAND COVER,7420
142,script_188052.txt,Theme,Water extraction based on Otsu thresholding,WATER VAPOR CONCENTRATION PROFILES,0.8438810110092163,WATER CHARACTERISTICS,0.6136304140090942,WATER RESOURCES,7420
143,script_188068.txt,Theme,Flood impact assessment,FLOOD LEVELS,0.8510619401931763,INUNDATION AMOUNT,0.7028100490570068,HYDROGRAPHY,7420
144,script_188073.txt,Theme,Flood analysis,FLOOD LEVELS,0.8779727220535278,FLOODING,0.6835716366767883,PRECIPITATION,7420
145,script_188116.txt,Theme,Forest classification,FOREST COMPOSITION/VEGETATION STRUCTURE,0.9125718474388124,FOREST MENSURATION,0.7275449633598328,FOREST SCIENCE,7420
146,script_188116.txt,Theme,Water mask application,LAND/OCEAN/ICE MASK,0.8046475052833557,WATER TEMPERATURE,0.6274276375770569,LAND USE/LAND COVER CLASSIFICATION,7419
147,script_188116.txt,Theme,Image correction,REFLECTION,0.811505138874054,PHOTOSYNTHESIS,0.6872167587280273,LAND USE/LAND COVER CLASSIFICATION,7419
148,script_188147.txt,Theme,Forest classification,FOREST COMPOSITION/VEGETATION STRUCTURE,0.9125718474388124,FOREST MENSURATION,0.7275449633598328,FOREST COMPOSITION/VEGETATION STRUCTURE,7419
149,script_188147.txt,Theme,Water classification,WATER CHARACTERISTICS,0.8782849311828613,WATER CHARACTERISTICS,0.7458443641662598,AQUATIC SCIENCES,7419
150,script_188163.txt,Theme,Land cover classification,LAND USE/LAND COVER CLASSIFICATION,0.9255800247192384,LAND USE/LAND COVER CLASSIFICATION,0.8051952123641968,LAND USE/LAND COVER CLASSIFICATION,7419
151,script_188182.txt,Theme,Land cover change detection,LAND SURFACE/AGRICULTURE INDICATORS,0.8651163578033447,LAND USE/LAND COVER,0.6711500883102417,LAND USE/LAND COVER CLASSIFICATION,7425
152,script_188190.txt,Theme,Forest cover change detection,FOREST MENSURATION,0.8863198757171631,FOREST MENSURATION,0.7334671020507812,LAND USE/LAND COVER CLASSIFICATION,7425
153,script_188200.txt,Theme,Land cover classification,LAND USE/LAND COVER CLASSIFICATION,0.9255800247192384,LAND USE/LAND COVER CLASSIFICATION,0.8051952123641968,LAND USE/LAND COVER CLASSIFICATION,7425
154,script_188211.txt,Theme,Water quality monitoring,WATER MANAGEMENT,0.8823349475860596,WATER QUALITY,0.8179070353507996,WATER QUALITY/WATER CHEMISTRY,7425
155,script_188211.txt,Theme,Spectral index calculation,SPECTRUM WIDTH,0.8532586097717285,SPECTRAL IRRADIANCE,0.6989402770996094,SPECTRAL/ENGINEERING,7425
156,script_188217.txt,Theme,Land cover change analysis,LAND USE/LAND COVER,0.862189531326294,LAND USE/LAND COVER,0.6760776042938232,LAND USE/LAND COVER CLASSIFICATION,7419
157,script_188221.txt,Theme,Climate analysis,CONVECTIVE CLOUDS/SYSTEMS (OBSERVED/ANALYZED),0.865230917930603,CLIMATE ADAPTATION,0.7064038515090942,CLIMATE INDICATORS,7419
158,script_188378.txt,Theme,Land cover classification,LAND USE/LAND COVER CLASSIFICATION,0.9255800247192384,LAND USE/LAND COVER CLASSIFICATION,0.8051952123641968,LAND USE/LAND COVER CLASSIFICATION,7419
159,script_188386.txt,Theme,Land cover classification,LAND USE/LAND COVER CLASSIFICATION,0.9255800247192384,LAND USE/LAND COVER CLASSIFICATION,0.8051952123641968,LAND USE/LAND COVER CLASSIFICATION,7419
160,script_188389.txt,Theme,Land cover classification,LAND USE/LAND COVER CLASSIFICATION,0.9255800247192384,LAND USE/LAND COVER CLASSIFICATION,0.8051952123641968,LAND USE/LAND COVER CLASSIFICATION,7419
161,script_188397.txt,Theme,Wildfire monitoring and analysis,FIRE MANAGEMENT,0.8633757829666138,FOREST MENSURATION,0.6828300952911377,WILDFIRES,7418
162,script_188400.txt,Theme,Air quality monitoring,AIR QUALITY,0.8638789057731628,AIR QUALITY,0.8306019306182861,PARTICULATE MATTER (PM 2.5),7418
163,script_188401.txt,Theme,Weather analysis,Weather Forecast,0.8952490091323853,AIR TEMPERATURE,0.6758413910865784,PRECIPITATION,7418
164,script_188412.txt,Theme,Land surface temperature estimation,LAND SURFACE TEMPERATURE,0.8892451524734497,LAND SURFACE TEMPERATURE,0.8088107109069824,LAND SURFACE TEMPERATURE,7418
165,script_188412.txt,Theme,Vegetation health assessment,VEGETATION INDEX,0.8988751173019409,VEGETATION,0.6701139211654663,VEGETATION COVER,7418
166,script_188413.txt,Theme,Vegetation health monitoring,FOREST MENSURATION,0.8764299750328064,VEGETATION INDEX,0.7096934914588928,VEGETATION INDEX,7412
167,script_188413.txt,Theme,Land surface temperature analysis,LAND SURFACE TEMPERATURE,0.8869411945343018,LAND SURFACE TEMPERATURE,0.7992053031921387,LAND SURFACE TEMPERATURE,7412
168,script_188414.txt,Theme,Land surface temperature analysis,LAND SURFACE TEMPERATURE,0.8869411945343018,LAND SURFACE TEMPERATURE,0.7992053031921387,LAND SURFACE TEMPERATURE,7412
169,script_188414.txt,Theme,Vegetation health assessment,VEGETATION INDEX,0.8988751173019409,VEGETATION,0.6701139211654663,VEGETATION INDEX,7412
170,script_188419.txt,Theme,NDVI calculation,NORMALIZED DIFFERENCE VEGETATION INDEX (NDVI),0.8218573331832886,NORMALIZED DIFFERENCE VEGETATION INDEX (NDVI),0.6938648819923401,VEGETATION INDEX,7412
171,script_188419.txt,Theme,LST calculation,LEAF AREA INDEX (LAI),0.7943994998931885,DST INDEX,0.6296000480651855,LAND USE/LAND COVER CLASSIFICATION,7409
172,script_188454.txt,Theme,Cloud probability analysis,MESOSPHERIC CLOUDS (OBSERVED/ANALYZED),0.8926838636398315,CLOUD DYNAMICS,0.6086944341659546,CLOUD TYPES,7409
173,script_188455.txt,Theme,Cloud cover analysis,MESOSPHERIC CLOUDS (OBSERVED/ANALYZED),0.928549826145172,CLOUD OPTICAL DEPTH/THICKNESS,0.6495627164840698,CLOUD TYPES,7409
174,script_188458.txt,Theme,Cloud cover analysis,MESOSPHERIC CLOUDS (OBSERVED/ANALYZED),0.928549826145172,CLOUD OPTICAL DEPTH/THICKNESS,0.6495627164840698,CLOUD TYPES,7409
175,script_188465.txt,Theme,Land cover classification,LAND USE/LAND COVER CLASSIFICATION,0.9255800247192384,LAND USE/LAND COVER CLASSIFICATION,0.8051952123641968,LAND USE/LAND COVER CLASSIFICATION,7409
176,script_188502.txt,Theme,Water body detection and area change analysis,SURFACE WATER PROCESSES/MEASUREMENTS,0.8244515061378479,WATER CHARACTERISTICS,0.6716886162757874,OCEAN WAVES,7421
177,script_188506.txt,Theme,Cloud cover analysis,MESOSPHERIC CLOUDS (OBSERVED/ANALYZED),0.928549826145172,CLOUD OPTICAL DEPTH/THICKNESS,0.6495627164840698,CLOUDS,7421
178,script_188509.txt,Theme,Correlation analysis between precipitation and cloud cover,MESOSPHERIC CLOUDS (OBSERVED/ANALYZED),0.8834114670753479,CLOUD EMISSIVITY,0.6191545128822327,PRECIPITATION,7421
179,script_188511.txt,Theme,Correlation analysis between precipitation and cloud cover,MESOSPHERIC CLOUDS (OBSERVED/ANALYZED),0.8834114670753479,CLOUD EMISSIVITY,0.6191545128822327,PRECIPITATION,7421
180,script_19155.txt,Theme,Land cover classification,LAND USE/LAND COVER CLASSIFICATION,0.9255800247192384,LAND USE/LAND COVER CLASSIFICATION,0.8051952123641968,LAND USE/LAND COVER,7421
181,script_23533.txt,Theme,Land cover change tracking,LAND SURFACE/AGRICULTURE INDICATORS,0.8642511367797852,LAND USE/LAND COVER,0.6778711080551147,LAND USE/LAND COVER CLASSIFICATION,7424
182,script_28.txt,Theme,Surface reflectance time series analysis,APPARENT SURFACE REFLECTIVITY,0.8160076141357422,APPARENT SURFACE REFLECTIVITY,0.7560805082321167,SURFACE RADIATIVE PROPERTIES,7424
183,script_28.txt,Theme,Statistical analysis for HUC regions,POPULATION DISTRIBUTION,0.7893400192260742,HUMIDITY INDICES,0.5740036964416504,HYDROGRAPHY,7424
184,script_3043.txt,Theme,Land cover classification,LAND USE/LAND COVER CLASSIFICATION,0.9255800247192384,LAND USE/LAND COVER CLASSIFICATION,0.8051952123641968,LAND USE/LAND COVER CLASSIFICATION,7424
185,script_32.txt,Theme,Snow product bias analysis,SNOW STRATIGRAPHY,0.8343019485473633,SNOW MICROSTRUCTURE,0.669951319694519,SNOW DEPTH,7424
186,script_35538.txt,Theme,Land cover classification,LAND USE/LAND COVER CLASSIFICATION,0.9255800247192384,LAND USE/LAND COVER CLASSIFICATION,0.8051952123641968,LAND USE/LAND COVER CLASSIFICATION,7419
187,script_37873.txt,Theme,Land cover classification,LAND USE/LAND COVER CLASSIFICATION,0.9255800247192384,LAND USE/LAND COVER CLASSIFICATION,0.8051952123641968,LAND USE/LAND COVER CLASSIFICATION,7419
188,script_41838.txt,Theme,Land cover classification,LAND USE/LAND COVER CLASSIFICATION,0.9255800247192384,LAND USE/LAND COVER CLASSIFICATION,0.8051952123641968,LAND USE/LAND COVER CLASSIFICATION,7419
189,script_42.txt,Theme,Land cover classification,LAND USE/LAND COVER CLASSIFICATION,0.9255800247192384,LAND USE/LAND COVER CLASSIFICATION,0.8051952123641968,LAND USE/LAND COVER CLASSIFICATION,7419
190,script_43.txt,Theme,Analog region identification for community forests,FOREST MENSURATION,0.8411664962768555,FOREST MENSURATION,0.6441552639007568,LAND MANAGEMENT,7419
191,script_43803.txt,Theme,Satellite image processing,SATELLITE SOIL MOISTURE INDEX,0.8256751298904419,PHOTOSYNTHESIS,0.6894546151161194,LAND USE/LAND COVER CLASSIFICATION,7421
192,script_45435.txt,Theme,MODIS LAI and vegetation cover analysis,VEGETATION INDEX,0.8478997945785522,LEAF AREA INDEX (LAI),0.6299749612808228,VEGETATION COVER,7421
193,script_48.txt,Theme,Land cover change detection,LAND SURFACE/AGRICULTURE INDICATORS,0.8651163578033447,LAND USE/LAND COVER,0.6711500883102417,LAND COVER CHANGE DETECTION,7421
194,script_49902.txt,Theme,Vegetation health assessment,VEGETATION INDEX,0.8988751173019409,VEGETATION,0.6701139211654663,VEGETATION INDEX,7421
195,script_50.txt,Theme,Land cover classification,LAND USE/LAND COVER CLASSIFICATION,0.9255800247192384,LAND USE/LAND COVER CLASSIFICATION,0.8051952123641968,LAND USE/LAND COVER CLASSIFICATION,7421
196,script_51624.txt,Theme,Flood monitoring and comparison,FLOOD LEVELS,0.8639491200447083,FLOOD FREQUENCY,0.6872147917747498,FLOODS,7416
197,script_52026.txt,Theme,Air quality monitoring,AIR QUALITY,0.8638789057731628,AIR QUALITY,0.8306019306182861,AIR QUALITY,7416
198,script_54980.txt,Theme,Land cover classification,LAND USE/LAND COVER CLASSIFICATION,0.9255800247192384,LAND USE/LAND COVER CLASSIFICATION,0.8051952123641968,LAND USE/LAND COVER CLASSIFICATION,7416
199,script_59099.txt,Theme,NDVI analysis for pre and post-landslide assessment,NORMALIZED DIFFERENCE VEGETATION INDEX (NDVI),0.8103938698768616,NORMALIZED DIFFERENCE VEGETATION INDEX (NDVI),0.6175950169563293,LANDSLIDES,7416
200,script_62526.txt,Theme,Precipitation monitoring,CLIMATE INDICATORS,0.8381321430206299,INUNDATION FREQUENCY,0.7083962559700012,PRECIPITATION,7416
201,script_65671.txt,Theme,Landsat 5 TM temperature analysis for 1996 and 2006,TEMPERATURE TRENDS,0.7969315052032471,ANTENNA TEMPERATURE,0.6109042167663574,LAND SURFACE TEMPERATURE,7435
202,script_65671.txt,Theme,Landsat 8 temperature analysis for 2017,TEMPERATURE TRENDS,0.813214123249054,LAND SURFACE TEMPERATURE,0.6059238910675049,LAND SURFACE TEMPERATURE,7435
203,script_67562.txt,Theme,Land cover classification,LAND USE/LAND COVER CLASSIFICATION,0.9255800247192384,LAND USE/LAND COVER CLASSIFICATION,0.8051952123641968,LAND USE/LAND COVER CLASSIFICATION,7435
204,script_71184.txt,Theme,Cloud cover assessment for Landsat imagery,MESOSPHERIC CLOUDS (OBSERVED/ANALYZED),0.8781335353851318,CLOUD OPTICAL DEPTH/THICKNESS,0.5841370820999146,CLOUDS,7435
205,script_72.txt,Theme,Land cover change detection,LAND SURFACE/AGRICULTURE INDICATORS,0.8651163578033447,LAND USE/LAND COVER,0.6711500883102417,LAND USE/LAND COVER,7435
206,script_7366.txt,Theme,Land cover classification,LAND USE/LAND COVER CLASSIFICATION,0.9255800247192384,LAND USE/LAND COVER CLASSIFICATION,0.8051952123641968,LAND USE/LAND COVER CLASSIFICATION,7419
207,script_75448.txt,Theme,Waterbody surface area analysis,SURFACE WATER PROCESSES/MEASUREMENTS,0.8757777214050293,SURFACE WATER FEATURES,0.6831009387969971,SURFACE WATER,7419
208,script_76696.txt,Theme,Landsat observation count,SATELLITE SOIL MOISTURE INDEX,0.8285902738571167,SENSOR COUNTS,0.5850931406021118,LAND USE/LAND COVER CLASSIFICATION,7419
209,script_76696.txt,Theme,NDVI regression analysis,NORMALIZED DIFFERENCE VEGETATION INDEX (NDVI),0.8263041973114014,NORMALIZED DIFFERENCE VEGETATION INDEX (NDVI),0.6820163130760193,LAND USE/LAND COVER CLASSIFICATION,7419
210,script_76709.txt,Theme,Vegetation health monitoring,FOREST MENSURATION,0.8764299750328064,VEGETATION INDEX,0.7096934914588928,VEGETATION COVER,7419
211,script_76805.txt,Theme,Arctic greening patterns,ARCTIC OSCILLATION,0.8604307174682617,ARCTIC OSCILLATION,0.5786303281784058,VEGETATION COVER,7398
212,script_76839.txt,Theme,Vegetation health monitoring,FOREST MENSURATION,0.8764299750328064,VEGETATION INDEX,0.7096934914588928,VEGETATION INDEX,7410
213,script_76840.txt,Theme,Vegetation health monitoring,FOREST MENSURATION,0.8764299750328064,VEGETATION INDEX,0.7096934914588928,VEGETATION INDEX,7410
214,script_76841.txt,Theme,Vegetation health monitoring,FOREST MENSURATION,0.8764299750328064,VEGETATION INDEX,0.7096934914588928,VEGETATION INDEX,7410
215,script_78663.txt,Theme,Land cover correction and time series analysis,LAND USE/LAND COVER,0.8395648002624512,LAND USE/LAND COVER CLASSIFICATION,0.6596605777740479,LAND USE/LAND COVER,7410
216,script_78805.txt,Theme,Vegetation health monitoring,FOREST MENSURATION,0.8764299750328064,VEGETATION INDEX,0.7096934914588928,VEGETATION INDEX,7412
217,script_85061.txt,Theme,Land cover classification,LAND USE/LAND COVER CLASSIFICATION,0.9255800247192384,LAND USE/LAND COVER CLASSIFICATION,0.8051952123641968,LAND USE/LAND COVER CLASSIFICATION,7412
218,script_85217.txt,Theme,Land cover classification,LAND USE/LAND COVER CLASSIFICATION,0.9255800247192384,LAND USE/LAND COVER CLASSIFICATION,0.8051952123641968,LAND USE/LAND COVER CLASSIFICATION,7412
219,script_85219.txt,Theme,Wildfire severity assessment,FIRE WEATHER INDEX,0.8891007900238037,FOREST FIRE DANGER INDEX,0.611409604549408,FIRE MANAGEMENT,7412
220,script_89887.txt,Theme,Water masking,WATER VAPOR PROCESSES,0.8451444506645203,WATER MASSES,0.7260140180587769,WATER RESOURCES,7412
221,script_89887.txt,Theme,Cloud masking,CLOUD MICROPHYSICS,0.8962477445602417,CLOUD CEILING,0.6455549001693726,LAND SURFACE,7408
222,script_89887.txt,Theme,True color image generation,COLOR,0.8033123016357422,PHOTOSYNTHESIS,0.639083981513977,LAND SURFACE,7408
223,script_95721.txt,Theme,Vegetation health monitoring,FOREST MENSURATION,0.8764299750328064,VEGETATION INDEX,0.7096934914588928,VEGETATION,7408
224,script_95950.txt,Theme,NDVI extraction and analysis,NORMALIZED DIFFERENCE VEGETATION INDEX (NDVI),0.8208949565887451,NORMALIZED DIFFERENCE VEGETATION INDEX (NDVI),0.670719563961029,VEGETATION,7408
225,script_96316.txt,Theme,Vegetation monitoring through NDVI analysis,NORMALIZED DIFFERENCE VEGETATION INDEX (NDVI),0.8916170001029968,NORMALIZED DIFFERENCE VEGETATION INDEX (NDVI),0.749972939491272,VEGETATION,7408
226,script_96317.txt,Theme,NDVI Mosaicking,NORMALIZED DIFFERENCE VEGETATION INDEX (NDVI),0.8122563362121582,NORMALIZED DIFFERENCE VEGETATION INDEX (NDVI),0.6233072876930237,LAND USE/LAND COVER CLASSIFICATION,7429
227,script_96322.txt,Theme,NDVI Mosaic Generation,NORMALIZED DIFFERENCE VEGETATION INDEX (NDVI),0.8226006627082825,NATURAL SELECTION,0.5754790306091309,LAND USE/LAND COVER CLASSIFICATION,7429
228,script_96332.txt,Theme,Land cover monitoring,LAND SURFACE/AGRICULTURE INDICATORS,0.8617632389068604,LAND USE/LAND COVER,0.7168551683425903,LAND USE/LAND COVER CLASSIFICATION,7429
229,script_96332.txt,Theme,Water index calculation,WATER VAPOR TRANSPORT INDEX,0.8440803289413452,WATER QUALITY INDEXES,0.7014846801757812,WATER QUALITY/WATER CHEMISTRY,7429
230,script_96361.txt,Theme,Landsat image collection merging and standardization,CONTOUR MAPS,0.7840006351470947,OCEAN MIXED LAYER,0.5625849366188049,LANDSAT IMAGE COLLECTION,7429
231,script_96361.txt,Theme,"Quality band addition for cloud, water, snow/ice detection",CLOUD INDICATORS,0.8377360105514526,CLOUD OPTICAL DEPTH/THICKNESS,0.6046971678733826,CLOUD MICROPHYSICS,7429
232,script_96361.txt,Theme,Predictor preparation for geospatial analysis,PRECIPITATION PROFILES,0.8005580902099609,SURFACE PRECIPITATION,0.6972520351409912,GEODETICS,7429
233,script_96424.txt,Theme,Water occurrence and cloud cover analysis,MESOSPHERIC CLOUDS (OBSERVED/ANALYZED),0.8912695050239563,WATER CHARACTERISTICS,0.6865625381469727,OCEAN TRACERS,7429
234,script_96426.txt,Theme,Lake area monitoring,LAKE LEVELS,0.8339816331863403,LAKE LEVELS,0.6837645173072815,LAND SURFACE/AGRICULTURE INDICATORS,7429
235,script_96427.txt,Theme,Lake area change monitoring,LAKE LEVELS,0.8308706283569336,SEA LEVEL CHANGE,0.6584376096725464,FRESHWATER RUNOFF,7398
236,script_96458.txt,Theme,Land cover classification,LAND USE/LAND COVER CLASSIFICATION,0.9255800247192384,LAND USE/LAND COVER CLASSIFICATION,0.8051952123641968,LAND USE/LAND COVER CLASSIFICATION,7409
237,script_96459.txt,Theme,Land cover classification,LAND USE/LAND COVER CLASSIFICATION,0.9255800247192384,LAND USE/LAND COVER CLASSIFICATION,0.8051952123641968,LAND USE/LAND COVER CLASSIFICATION,7409
238,script_96519.txt,Theme,Flooding,FLOODING,0.9444068670272828,FLOODING,0.9024471044540405,FLOODS,7409
239,script_96519.txt,Theme,Built-up areas,BUILDINGS,0.87845778465271,BUILDINGS,0.7148808240890503,INFRASTRUCTURE,7409
240,script_96519.txt,Theme,Fire perimeters,FIRE OCCURRENCE,0.8673423528671265,FIRE MODELS,0.6869113445281982,FIRE MANAGEMENT,7409
241,script_96519.txt,Theme,Earthquake analysis,EARTHQUAKE OCCURRENCES,0.8954417705535889,EARTHQUAKE PREDICTIONS,0.7172372341156006,TECTONICS,7421
242,script_96537.txt,Theme,Land cover classification,LAND USE/LAND COVER CLASSIFICATION,0.9255800247192384,LAND USE/LAND COVER CLASSIFICATION,0.8051952123641968,LAND USE/LAND COVER CLASSIFICATION,7421
243,script_96537.txt,Theme,Accuracy assessment,PRECIPITATION,0.8103822469711304,ACCRETION,0.6506969332695007,ACCURACY ASSESSMENTS,7421
244,script_96538.txt,Theme,Land cover classification,LAND USE/LAND COVER CLASSIFICATION,0.9255800247192384,LAND USE/LAND COVER CLASSIFICATION,0.8051952123641968,LAND USE/LAND COVER CLASSIFICATION,7421
245,script_96558.txt,Theme,NDVI-precipitation correlation analysis,CLIMATE INDICATORS,0.8082319498062134,CONVECTIVE PRECIPITATION,0.6318721771240234,PRECIPITATION INDICATORS,7421
246,script_96578.txt,Theme,Thermal data analysis,THERMAL PROPERTIES,0.8618154525756836,THERMAL CONDUCTIVITY,0.7438026070594788,LAND SURFACE TEMPERATURE,7410
247,script_96578.txt,Theme,Fire probability assessment,FIRE WEATHER INDEX,0.8606730699539185,FIRE OCCURRENCE,0.6879037618637085,FIRE MANAGEMENT,7410
248,script_96578.txt,Theme,NDVI change detection,NORMALIZED DIFFERENCE VEGETATION INDEX (NDVI),0.8192672729492188,NORMALIZED DIFFERENCE VEGETATION INDEX (NDVI),0.6618226170539856,VEGETATION INDEX,7410
249,script_96593.txt,Theme,NDVI computation,NORMALIZED DIFFERENCE VEGETATION INDEX (NDVI),0.8245950937271118,NORMALIZED DIFFERENCE VEGETATION INDEX (NDVI),0.6839640140533447,VEGETATION INDEX,7410
250,script_96593.txt,Theme,Imagery filtering,INFRARED IMAGERY,0.8757367730140686,INFRARED IMAGERY,0.7475319504737854,LAND USE/LAND COVER CLASSIFICATION,7410
251,script_96593.txt,Theme,Land cover visualization,LAND USE/LAND COVER,0.8693632483482361,VIEWING GEOMETRY,0.7180324196815491,LAND USE/LAND COVER CLASSIFICATION,7423
252,script_96611.txt,Theme,Landsat composite creation,Digital Surface Model (DSM),0.8028684854507446,OCEAN MIXED LAYER,0.5939226746559143,LAND USE/LAND COVER CLASSIFICATION,7423
253,script_96611.txt,Theme,NDVI calculation,NORMALIZED DIFFERENCE VEGETATION INDEX (NDVI),0.8218573331832886,NORMALIZED DIFFERENCE VEGETATION INDEX (NDVI),0.6938648819923401,LAND USE/LAND COVER CLASSIFICATION,7423
254,script_96611.txt,Theme,Image export,PASTURE,0.7873992919921875,PHOTOSYNTHESIS,0.5811210870742798,LAND USE/LAND COVER CLASSIFICATION,7423
255,script_97207.txt,Theme,Fire impact assessment through NDVI analysis,FIRE WEATHER INDEX,0.8292853832244873,FIRE WEATHER INDEX,0.615572452545166,FIRE ECOLOGY,7423
256,script_97208.txt,Theme,Fire impact assessment using spectral indices,FIRE WEATHER INDEX,0.8534897565841675,FIRE WEATHER INDEX,0.6883854866027832,FIRE ECOLOGY,7424
257,script_97209.txt,Theme,Fire area analysis using Sentinel-2 imagery,FIRE WEATHER INDEX,0.8287053108215332,FIRE MODELS,0.627336859703064,FIRE ECOLOGY,7424
258,script_97210.txt,Theme,Fire area analysis using Sentinel-2 images,FIRE WEATHER INDEX,0.8180627226829529,FIRE MODELS,0.6332049369812012,FIRE ECOLOGY,7424
259,script_97211.txt,Theme,Fire event analysis,FIRE WEATHER INDEX,0.875648558139801,FIRE OCCURRENCE,0.6751490831375122,FIRE ECOLOGY,7424
260,script_97212.txt,Theme,Fire event analysis,FIRE WEATHER INDEX,0.875648558139801,FIRE OCCURRENCE,0.6751490831375122,FIRE ECOLOGY,7424
261,script_97250.txt,Theme,Urban vs. agricultural night light distribution,POPULATION DISTRIBUTION,0.8021720051765442,ENERGY DISTRIBUTION,0.5953354835510254,LAND USE/LAND COVER CLASSIFICATION,7428
262,script_97292.txt,Theme,Agricultural land classification,SOIL CLASSIFICATION,0.907750368118286,SOIL CLASSIFICATION,0.7702494859695435,AGRICULTURE PRODUCTION,7428
263,script_97295.txt,Theme,Land cover classification,LAND USE/LAND COVER CLASSIFICATION,0.9255800247192384,LAND USE/LAND COVER CLASSIFICATION,0.8051952123641968,LAND USE/LAND COVER CLASSIFICATION,7428
264,script_97367.txt,Theme,Landsat imagery compositing,CONTOUR MAPS,0.8277034759521484,RADAR IMAGERY,0.6467506885528564,LAND USE/LAND COVER CLASSIFICATION,7428
265,script_97371.txt,Theme,Agricultural monitoring in Piura,AGRICULTURE,0.8104501962661743,AGRICULTURE PRODUCTION,0.5528327226638794,AGRICULTURE PRODUCTION,7428
266,script_97430.txt,Theme,Vegetation index calculation,VEGETATION INDEX,0.9115316867828368,VEGETATION INDEX,0.778288722038269,VEGETATION INDEX,7421
267,script_97430.txt,Theme,Cloud and shadow detection,CLOUD INDICATORS,0.8567993640899658,CLOUD OPTICAL DEPTH/THICKNESS,0.6741504073143005,CLOUD MICROPHYSICS,7421
268,script_97431.txt,Theme,Water quality assessment,WATER QUALITY INDEXES,0.900160551071167,WATER QUALITY,0.7779310345649719,WATER QUALITY/WATER CHEMISTRY,7421
269,script_97446.txt,Theme,Land cover classification,LAND USE/LAND COVER CLASSIFICATION,0.9255800247192384,LAND USE/LAND COVER CLASSIFICATION,0.8051952123641968,LAND USE/LAND COVER CLASSIFICATION,7421
270,script_97475.txt,Theme,Land cover classification,LAND USE/LAND COVER CLASSIFICATION,0.9255800247192384,LAND USE/LAND COVER CLASSIFICATION,0.8051952123641968,LAND USE/LAND COVER CLASSIFICATION,7421
271,script_97477.txt,Theme,Land cover analysis,LAND SURFACE/AGRICULTURE INDICATORS,0.8811202049255371,LAND USE/LAND COVER,0.7191143035888672,LAND USE/LAND COVER CLASSIFICATION,7414
272,script_97479.txt,Theme,Landsat 8 surface reflectance analysis,SATELLITE SOIL MOISTURE INDEX,0.819426417350769,APPARENT SURFACE REFLECTIVITY,0.6679190993309021,SURFACE RADIATIVE PROPERTIES,7414
273,script_97507.txt,Theme,Crop greenness monitoring,GREEN INFRASTRUCTURE,0.8461099863052368,VEGETATION,0.671444296836853,VEGETATION INDEX,7414
274,script_97508.txt,Theme,Crop greenness monitoring,GREEN INFRASTRUCTURE,0.8461099863052368,VEGETATION,0.671444296836853,VEGETATION INDEX,7414
275,script_97508.txt,Theme,Bare earth analysis,SOIL HORIZONS/PROFILE,0.8307679891586304,SOIL TEXTURE,0.5715086460113525,LAND USE/LAND COVER,7398
276,script_97509.txt,Theme,Burn severity assessment of Mendocino Complex Fire,FIRE WEATHER INDEX,0.8433327674865723,FIRE WEATHER INDEX,0.5416064262390137,LAND MANAGEMENT,7406
277,script_97510.txt,Theme,Burn severity assessment,BURNED AREA,0.8587680459022522,BRIGHTNESS TEMPERATURE,0.5674850940704346,LAND MANAGEMENT,7406
278,script_97512.txt,Theme,Burn severity assessment,BURNED AREA,0.8587680459022522,BRIGHTNESS TEMPERATURE,0.5674850940704346,LAND MANAGEMENT,7406
279,script_97538.txt,Theme,Remote sensing analysis,RADAR,0.8281875848770142,ISOTOPIC ANALYSIS,0.6477712392807007,REMOTE SENSING,7406
280,script_97539.txt,Theme,Vegetation analysis,VEGETATION INDEX,0.9112643003463744,VEGETATION,0.7123562097549438,VEGETATION COVER,7406
281,script_97582.txt,Theme,Land cover change detection,LAND SURFACE/AGRICULTURE INDICATORS,0.8651163578033447,LAND USE/LAND COVER,0.6711500883102417,LAND USE/LAND COVER CLASSIFICATION,7446
282,script_97609.txt,Theme,Precipitation deviation analysis,PRECIPITATION ANOMALIES,0.8293861150741577,PRECIPITATION VARIABILITY,0.6811243891716003,PRECIPITATION INDICATORS,7446
283,script_97610.txt,Theme,Temperature analysis for Sinaloa region,TEMPERATURE TRENDS,0.8250354528427124,AMBIENT TEMPERATURE,0.6316310167312622,ATMOSPHERIC TEMPERATURE,7446
284,script_97622.txt,Theme,Land cover classification using NDVI values,NORMALIZED DIFFERENCE VEGETATION INDEX (NDVI),0.8995788097381592,LAND USE/LAND COVER CLASSIFICATION,0.6922347545623779,LAND USE/LAND COVER CLASSIFICATION,7446
285,script_97651.txt,Theme,Landsat image collection filtering and cloud masking for autumn season export.,MESOSPHERIC CLOUDS (OBSERVED/ANALYZED),0.8023425936698914,LAND/OCEAN/ICE MASK,0.5956277847290039,LAND SURFACE/AGRICULTURE INDICATORS,7446
286,script_97683.txt,Theme,Nighttime light detection,HIGHER MINIMUM NIGHTIME TEMPERATURES,0.8176642656326294,LIGHT TRANSMISSION,0.7009096145629883,SURFACE RADIATIVE PROPERTIES,7412
287,script_97683.txt,Theme,Vegetation monitoring,VEGETATION INDEX,0.884047269821167,FOREST MENSURATION,0.7622950077056885,VEGETATION INDEX,7412
288,script_97683.txt,Theme,Land cover analysis,LAND SURFACE/AGRICULTURE INDICATORS,0.8811202049255371,LAND USE/LAND COVER,0.7191143035888672,LAND USE/LAND COVER,7412
289,script_97700.txt,Theme,Vegetation clustering,VEGETATION INDEX,0.9002786874771118,FOREST PLANTATION,0.707431435585022,VEGETATION INDEX,7412
290,script_97700.txt,Theme,Water body detection,WATER VAPOR INDICATORS,0.845334529876709,WATER DEPTH,0.7196803092956543,AQUATIC SCIENCES,7412
291,script_97704.txt,Theme,Global elevation data extraction,GEOPOTENTIAL HEIGHT,0.8339011669158936,GLOBAL COORDINATE REFERENCE SYSTEM,0.627164363861084,LAND SURFACE,7408
292,script_97718.txt,Theme,Vegetation health monitoring,FOREST MENSURATION,0.8764299750328064,VEGETATION INDEX,0.7096934914588928,VEGETATION INDEX,7408
293,script_97724.txt,Theme,NDVI analysis at Chinese Privet plots,NORMALIZED DIFFERENCE VEGETATION INDEX (NDVI),0.8062989711761475,NORMALIZED DIFFERENCE VEGETATION INDEX (NDVI),0.5729683637619019,PLANT CHARACTERISTICS,7408
294,script_97954.txt,Theme,Land change classification,LAND USE/LAND COVER CLASSIFICATION,0.8908570408821106,LAND USE/LAND COVER CLASSIFICATION,0.7247111797332764,LAND USE/LAND COVER,7408
295,script_97955.txt,Theme,Land change classification,LAND USE/LAND COVER CLASSIFICATION,0.8908570408821106,LAND USE/LAND COVER CLASSIFICATION,0.7247111797332764,LAND USE/LAND COVER,7408
296,script_97974.txt,Theme,Land cover change detection,LAND SURFACE/AGRICULTURE INDICATORS,0.8651163578033447,LAND USE/LAND COVER,0.6711500883102417,LAND USE/LAND COVER CLASSIFICATION,7422
297,script_97988.txt,Theme,Imagery mosaicking,VISIBLE IMAGERY,0.8727941513061523,INFRARED IMAGERY,0.6784321665763855,LAND USE/LAND COVER CLASSIFICATION,7422
298,script_97988.txt,Theme,Classification with water masking,WATER CHARACTERISTICS,0.8249988555908203,WATER CHARACTERISTICS,0.6415712237358093,AQUATIC SCIENCES,7422
299,script_97991.txt,Theme,Land cover classification,LAND USE/LAND COVER CLASSIFICATION,0.9255800247192384,LAND USE/LAND COVER CLASSIFICATION,0.8051952123641968,LAND USE/LAND COVER CLASSIFICATION,7422
300,script_97991.txt,Theme,Image filtering,VISIBLE IMAGERY,0.811555027961731,INFILTRATION,0.7260620594024658,LAND USE/LAND COVER CLASSIFICATION,7422
301,script_97991.txt,Theme,Image masking,CONTOUR MAPS,0.813723087310791,INFRARED IMAGERY,0.714154839515686,LAND USE/LAND COVER CLASSIFICATION,7429
302,script_98003.txt,Theme,Image compositing for land cover analysis,LAND SURFACE/AGRICULTURE INDICATORS,0.8291307687759399,SOIL COMPACTION,0.6977914571762085,LAND USE/LAND COVER CLASSIFICATION,7429
303,script_98005.txt,Theme,Landsat and Sentinel data mosaicking for land cover analysis,LAND SURFACE/AGRICULTURE INDICATORS,0.8292115926742554,SOIL MOISTURE/WATER CONTENT,0.5830792188644409,LAND USE/LAND COVER CLASSIFICATION,7429
304,script_98169.txt,Theme,NDVI calculation for vegetation analysis.,NORMALIZED DIFFERENCE VEGETATION INDEX (NDVI),0.8651264309883118,NORMALIZED DIFFERENCE VEGETATION INDEX (NDVI),0.76221764087677,VEGETATION INDEX,7429
305,script_98257.txt,Theme,Flood monitoring,FLOOD LEVELS,0.8622714877128601,FLOODING,0.7557883262634277,FLOODS,7429
306,script_98258.txt,Theme,Flood monitoring,FLOOD LEVELS,0.8622714877128601,FLOODING,0.7557883262634277,SURFACE WATER,7408
307,script_98259.txt,Theme,Flood monitoring and analysis,FLOOD LEVELS,0.849592924118042,FLOOD FREQUENCY,0.7039854526519775,SURFACE WATER,7408
308,script_98260.txt,Theme,Flood detection,FLOOD LEVELS,0.8511346578598022,FLOODING,0.7447664737701416,SURFACE WATER,7408
309,script_98260.txt,Theme,NDWI calculation,NORTHERN OSCILLATION INDEX,0.7785392999649048,NORMALIZED DIFFERENCE VEGETATION INDEX (NDVI),0.6091776490211487,WATER QUALITY/WATER CHEMISTRY,7408
310,script_98260.txt,Theme,Image classification,RADAR IMAGERY,0.815034031867981,INFRARED IMAGERY,0.6823632717132568,SPECTRAL/ENGINEERING,7408
311,script_98261.txt,Theme,Flood detection and refinement,DROUGHT/PRECIPITATION RECONSTRUCTION,0.8309370875358582,SURFACE WATER PROCESSES/MEASUREMENTS,0.6794156432151794,SURFACE WATER,7403
312,script_98262.txt,Theme,Flood extent analysis,FLOOD LEVELS,0.8886827230453491,INUNDATION AMOUNT,0.6521865725517273,SURFACE WATER,7403
313,script_98263.txt,Theme,Flood monitoring,FLOOD LEVELS,0.8622714877128601,FLOODING,0.7557883262634277,SURFACE WATER,7403
314,script_98266.txt,Theme,Flood detection and refinement,DROUGHT/PRECIPITATION RECONSTRUCTION,0.8309370875358582,SURFACE WATER PROCESSES/MEASUREMENTS,0.6794156432151794,SURFACE WATER,7403
315,script_98267.txt,Theme,Flood monitoring and analysis,FLOOD LEVELS,0.849592924118042,FLOOD FREQUENCY,0.7039854526519775,SURFACE WATER,7403
316,script_98275.txt,Theme,Flood monitoring,FLOOD LEVELS,0.8622714877128601,FLOODING,0.7557883262634277,SURFACE WATER,7409
317,script_98281.txt,Theme,Water body classification,SEA ICE/OCEAN CLASSIFICATION,0.8681632280349731,WATER CHARACTERISTICS,0.7123512625694275,AQUATIC SCIENCES,7409
318,script_98281.txt,Theme,Water feature extraction,GROUND WATER RECONSTRUCTION,0.832826554775238,WATER CHARACTERISTICS,0.7591761350631714,AQUATIC SCIENCES,7409
319,script_98287.txt,Theme,Vegetation health monitoring,FOREST MENSURATION,0.8764299750328064,VEGETATION INDEX,0.7096934914588928,VEGETATION INDEX,7409
320,script_98289.txt,Theme,Image collection filtering,BLOCKING INDEX,0.756965160369873,INFILTRATION,0.6596323251724243,SPECTRAL/ENGINEERING,7409
321,script_98289.txt,Theme,Cloud masking,CLOUD MICROPHYSICS,0.8962477445602417,CLOUD CEILING,0.6455549001693726,OCEAN OPTICS,7391
322,script_98289.txt,Theme,Spectral band visualization,SPECTRUM WIDTH,0.8618280291557312,SPECTRUM WIDTH,0.7008240818977356,SPECTRAL IRRADIANCE,7391
323,script_98290.txt,Theme,Land cover classification,LAND USE/LAND COVER CLASSIFICATION,0.9255800247192384,LAND USE/LAND COVER CLASSIFICATION,0.8051952123641968,LAND USE/LAND COVER CLASSIFICATION,7391
